"id","homicide","terrorist_attack","threats","Enforced_disappearance","torture","sexual_violence","recruitment","detention","kidnapping","pillage","extortion","attack_against_civilians_population","dispossession_land","forced_displacement","armed_group"
3,1,0,1,0,0,0,0,0,0,0,0,0,0,0,"Other armed groups"
8,0,0,1,0,0,0,0,0,0,0,0,0,0,1,"Guerrilla groups"
12,0,1,1,0,0,0,0,0,0,0,0,0,0,0,"Guerrilla groups"
19,1,0,0,0,1,0,0,0,0,0,0,0,0,0,"Guerrilla groups"
20,0,0,1,0,1,0,0,0,0,0,0,0,0,0,"Guerrilla groups"
23,0,1,1,0,0,0,0,0,0,0,0,0,0,0,"Guerrilla groups"
37,1,0,0,0,1,0,0,0,0,0,0,0,0,0,"Paramilitary groups"
39,0,0,0,0,0,0,1,0,1,0,0,0,0,0,"Paramilitary groups"
45,0,0,1,0,1,1,0,0,0,0,0,0,0,0,"Paramilitary groups"
47,0,0,0,0,0,0,0,0,0,0,0,0,1,1,"Paramilitary groups"
48,0,0,0,0,0,0,0,0,0,0,0,0,1,1,"Paramilitary groups"
49,0,0,0,0,0,0,0,0,0,0,0,0,1,1,"Paramilitary groups"
50,0,0,0,0,0,0,0,0,0,0,0,0,1,1,"Paramilitary groups"
51,0,0,0,0,0,0,0,0,0,0,0,0,1,1,"Paramilitary groups"
52,0,0,1,0,1,1,0,0,0,0,0,0,0,0,"Paramilitary groups"
53,1,0,0,0,1,0,0,0,0,0,0,0,0,0,"Other armed groups"
54,0,0,0,0,1,0,0,1,0,0,0,0,0,0,"Other armed groups"
55,1,0,0,0,1,0,0,1,0,0,0,0,0,0,"Other armed groups"
56,1,0,0,0,1,0,0,1,0,0,0,0,0,0,"Other armed groups"
57,1,0,0,0,0,0,0,0,0,0,0,1,0,0,"Guerrilla groups"
63,0,0,1,0,0,0,0,0,0,0,0,0,1,1,"Paramilitary groups"
64,0,0,1,0,0,0,0,0,0,0,0,0,1,1,"Paramilitary groups"
65,1,0,1,0,1,0,0,0,0,0,0,0,0,0,"Guerrilla groups"
66,1,0,0,1,0,0,0,0,0,0,0,0,0,0,"Paramilitary groups"
67,0,0,1,0,0,0,0,0,0,0,0,0,0,1,"Guerrilla groups"
73,0,0,1,0,1,0,0,0,0,0,0,0,0,0,"Guerrilla groups"
74,0,0,0,0,0,0,0,0,0,0,0,0,1,1,"Guerrilla groups"
77,0,0,0,0,1,0,0,0,1,0,0,0,0,0,"Guerrilla groups"
79,0,0,0,0,1,0,0,0,1,0,0,0,0,0,"Guerrilla groups"
80,0,0,0,0,1,0,0,0,1,0,0,0,0,0,"Guerrilla groups"
84,0,0,1,0,1,0,0,1,0,0,0,0,0,0,"Other armed groups"
94,0,0,1,0,0,0,0,0,1,0,0,0,0,0,"Guerrilla groups"
95,0,0,1,0,0,0,0,0,0,0,0,0,1,1,"Guerrilla groups"
96,0,0,1,0,0,0,0,0,0,0,0,0,1,1,"Guerrilla groups"
97,0,0,1,0,0,0,0,0,0,0,0,0,1,1,"Guerrilla groups"
101,0,0,1,0,1,1,1,0,0,0,0,0,0,0,"Guerrilla groups"
103,0,1,0,0,0,0,0,0,0,0,0,0,0,1,"Guerrilla groups"
104,0,1,0,0,0,0,0,0,0,0,0,0,0,1,"Guerrilla groups"
105,0,1,0,0,0,0,0,0,0,0,0,0,0,1,"Guerrilla groups"
106,0,1,0,0,0,0,0,0,0,0,0,0,0,1,"Guerrilla groups"
107,0,1,0,0,0,0,0,0,0,0,0,0,0,1,"Guerrilla groups"
108,0,1,0,0,0,0,0,0,0,0,0,0,0,1,"Guerrilla groups"
109,0,1,0,0,0,0,0,0,0,0,0,0,0,1,"Guerrilla groups"
142,0,0,1,0,0,0,0,0,0,0,0,0,0,1,"Paramilitary groups"
145,0,0,0,0,1,1,0,0,0,0,0,0,0,0,"Guerrilla groups"
148,0,0,0,0,1,1,0,0,0,0,0,0,0,0,"Guerrilla groups"
149,0,0,0,0,1,1,0,0,0,0,0,0,0,0,"Guerrilla groups"
165,0,0,0,0,0,1,0,0,1,0,0,0,0,0,"Paramilitary groups"
166,0,0,1,0,1,1,0,0,1,0,0,0,0,0,"Paramilitary groups"
172,0,0,1,0,0,0,0,0,0,0,0,0,1,1,"Paramilitary groups"
173,0,0,1,0,0,0,0,0,0,0,0,0,1,1,"Paramilitary groups"
180,0,0,1,0,0,0,0,0,0,0,0,0,0,1,"Other armed groups"
206,0,0,1,0,1,0,0,0,0,0,0,0,0,0,"Paramilitary groups"
209,0,0,0,0,0,0,0,0,0,0,0,0,1,1,"Other armed groups"
210,0,0,0,0,0,0,0,0,0,0,0,0,1,1,"Other armed groups"
211,1,0,0,0,1,0,0,0,1,0,0,0,0,0,"Guerrilla groups"
213,0,0,1,0,1,0,0,0,0,0,0,0,0,1,"Paramilitary groups"
214,0,0,1,0,1,0,0,0,0,0,0,0,0,1,"Paramilitary groups"
215,0,0,1,0,1,0,0,0,0,0,0,0,0,1,"Paramilitary groups"
216,0,0,1,0,1,0,0,0,0,0,0,0,0,1,"Paramilitary groups"
221,1,0,0,0,1,0,0,0,0,0,0,0,0,0,"Paramilitary groups"
227,1,0,0,1,0,0,0,0,0,0,0,0,0,0,"Paramilitary groups"
229,0,0,1,0,0,0,0,0,0,0,0,0,1,1,"Paramilitary groups"
236,0,0,1,0,0,0,0,0,0,0,0,0,0,1,"Other armed groups"
239,0,0,0,0,0,1,0,0,1,0,0,0,0,0,"Paramilitary groups"
242,0,0,1,0,0,1,1,0,0,0,0,0,0,0,"Other armed groups"
247,0,0,0,0,1,1,0,1,0,0,0,0,0,0,"Other armed groups"
248,0,0,0,0,1,1,0,1,0,0,0,0,0,0,"Other armed groups"
251,0,0,0,0,0,0,0,0,0,0,0,1,0,1,"Guerrilla groups"
252,0,0,0,0,0,0,0,0,0,0,0,1,0,1,"Guerrilla groups"
261,0,0,0,0,0,0,0,0,1,0,0,0,0,1,"Paramilitary groups"
262,0,0,0,0,0,0,0,0,1,0,0,0,0,1,"Paramilitary groups"
265,0,0,0,0,1,0,0,0,1,0,0,0,0,0,"Paramilitary groups"
266,0,0,1,0,0,0,0,0,0,0,0,0,0,1,"Guerrilla groups"
267,0,0,1,0,0,0,0,0,0,0,0,0,0,1,"Guerrilla groups"
268,0,0,0,0,1,1,0,0,0,0,0,0,0,0,"Guerrilla groups"
269,0,0,0,0,0,0,0,0,0,0,0,0,1,1,"Guerrilla groups"
270,0,0,1,0,1,0,0,0,0,0,0,0,0,1,"Guerrilla groups"
273,0,0,1,0,0,0,0,0,0,0,0,0,0,1,"Guerrilla groups"
280,0,0,1,0,1,0,0,0,1,0,0,0,0,0,"Guerrilla groups"
282,0,0,1,0,1,0,0,0,0,0,0,0,0,0,"Guerrilla groups"
283,0,0,0,0,0,0,0,0,0,0,0,0,1,1,"Guerrilla groups"
284,0,0,0,0,0,0,0,0,0,0,0,0,1,1,"Guerrilla groups"
297,0,0,0,0,1,1,0,0,0,0,0,0,0,0,"Guerrilla groups"
300,0,0,1,0,0,0,0,0,0,0,0,0,0,1,"Guerrilla groups"
311,0,0,1,0,0,0,0,0,0,0,0,0,0,1,"Guerrilla groups"
320,0,0,0,0,1,0,0,1,0,0,0,0,0,0,"Other armed groups"
321,0,0,0,0,1,0,0,0,1,0,0,0,0,0,"Paramilitary groups"
322,0,0,0,0,1,0,0,0,1,0,0,0,0,0,"Paramilitary groups"
323,0,0,0,0,1,0,0,0,1,0,0,0,0,0,"Paramilitary groups"
324,0,0,0,0,1,0,0,0,1,0,0,0,0,0,"Paramilitary groups"
326,0,0,1,0,1,0,0,0,1,0,0,0,0,0,"Paramilitary groups"
327,0,0,1,0,1,0,0,0,1,0,0,0,0,0,"Paramilitary groups"
333,1,0,1,0,1,0,0,0,0,0,0,0,0,0,"Paramilitary groups"
334,1,0,1,0,1,0,0,0,0,0,0,0,0,0,"Paramilitary groups"
335,1,0,1,0,1,0,0,0,0,0,0,0,0,0,"Paramilitary groups"
336,1,0,1,0,1,0,0,0,0,0,0,0,0,0,"Paramilitary groups"
348,0,0,1,0,0,0,0,0,0,0,0,0,0,1,"Guerrilla groups"
349,0,0,0,0,1,1,0,0,1,0,0,0,0,1,"Guerrilla groups"
351,0,0,0,0,0,1,0,0,0,1,0,0,0,0,"Guerrilla groups"
352,0,1,0,0,0,0,0,0,0,0,0,0,0,1,"Guerrilla groups"
355,0,0,1,0,1,1,0,0,0,0,0,0,0,1,"Other armed groups"
356,0,0,0,0,0,1,0,0,0,0,0,0,0,1,"Other armed groups"
358,1,0,1,0,0,0,0,0,0,0,0,0,0,0,"Paramilitary groups"
359,0,0,0,0,1,1,0,0,0,0,0,0,0,0,"Paramilitary groups"
374,0,0,1,0,1,1,0,0,1,0,0,0,0,0,"Paramilitary groups"
375,0,0,1,0,1,1,0,0,1,0,0,0,0,0,"Paramilitary groups"
376,0,0,1,0,1,1,0,0,1,0,0,0,0,0,"Paramilitary groups"
386,0,0,0,0,1,0,0,0,1,0,0,1,0,0,"Guerrilla groups"
387,0,0,0,0,1,0,0,0,1,0,0,1,0,0,"Guerrilla groups"
403,0,0,1,0,1,1,0,0,0,0,0,0,0,0,"Guerrilla groups"
404,0,0,1,0,0,1,0,0,0,0,0,0,0,0,"Paramilitary groups"
405,0,0,1,0,0,1,0,0,0,0,0,0,0,0,"Paramilitary groups"
406,0,0,1,0,0,1,0,0,0,0,0,0,0,0,"Paramilitary groups"
407,0,0,1,0,0,1,0,0,0,0,0,0,0,0,"Paramilitary groups"
415,0,0,1,0,1,1,1,0,0,0,0,0,0,0,"Guerrilla groups"
428,0,0,1,0,0,0,0,0,0,0,0,0,0,1,"Guerrilla groups"
429,0,0,1,0,0,0,0,0,0,0,0,0,0,1,"Guerrilla groups"
440,0,0,1,0,0,1,0,0,0,0,0,0,0,0,"Paramilitary groups"
442,0,0,1,0,0,0,0,0,0,0,0,0,0,1,"Paramilitary groups"
443,0,0,1,0,0,0,0,0,0,0,0,0,0,1,"Paramilitary groups"
444,0,0,1,0,0,0,0,0,0,0,0,0,0,1,"Paramilitary groups"
445,0,0,1,0,0,0,0,0,0,0,0,0,0,1,"Paramilitary groups"
446,0,0,1,0,0,0,0,0,0,0,0,0,0,1,"Paramilitary groups"
449,0,0,0,0,0,1,0,0,1,0,0,0,0,0,"Guerrilla groups"
450,0,0,0,0,1,1,0,0,0,0,0,0,0,0,"Paramilitary groups"
451,0,0,1,0,0,0,0,0,0,0,0,0,0,1,"Paramilitary groups"
455,1,0,0,1,0,0,0,0,0,0,0,0,0,0,"Paramilitary groups"
456,0,0,1,0,0,0,0,0,0,0,0,0,0,1,"Paramilitary groups"
460,0,1,0,1,0,0,0,1,0,0,0,0,0,0,"Other armed groups"
470,0,0,1,0,0,0,0,0,0,0,0,0,0,1,"Paramilitary groups"
471,0,0,1,0,0,0,0,0,0,0,0,0,0,1,"Paramilitary groups"
472,0,0,1,0,0,0,0,0,0,0,0,0,0,1,"Other armed groups"
473,0,0,1,0,0,0,0,0,0,0,0,0,0,1,"Other armed groups"
485,1,0,0,1,1,0,0,0,0,0,0,0,0,0,"Paramilitary groups"
494,0,0,1,0,1,0,0,0,1,0,0,0,0,0,"Guerrilla groups"
495,0,0,1,0,1,0,0,0,1,0,0,0,0,0,"Guerrilla groups"
496,0,0,1,0,1,0,0,0,1,0,0,0,0,0,"Paramilitary groups"
497,0,0,1,0,1,0,0,0,1,0,0,0,0,0,"Guerrilla groups"
498,0,0,1,0,1,0,0,0,0,0,0,0,0,0,"Guerrilla groups"
499,0,0,1,0,1,0,0,0,0,0,0,0,0,0,"Guerrilla groups"
507,0,1,0,0,0,0,0,0,0,0,0,0,0,1,"Paramilitary groups"
512,0,0,1,0,0,1,0,0,0,0,0,0,0,0,"Guerrilla groups"
515,0,0,0,0,0,1,0,0,1,0,0,0,0,0,"Paramilitary groups"
516,0,0,0,0,0,1,0,0,1,0,0,0,0,0,"Paramilitary groups"
517,0,0,0,0,0,1,0,0,1,0,0,0,0,0,"Paramilitary groups"
530,0,0,1,0,0,0,0,0,0,1,0,0,0,0,"Other armed groups"
534,0,0,1,0,1,0,0,0,0,1,0,0,1,0,"Other armed groups"
535,0,1,0,0,1,1,0,0,1,0,0,0,0,0,"Other armed groups"
537,0,0,0,0,0,1,0,0,0,0,0,0,0,1,"Guerrilla groups"
538,0,0,0,0,0,1,0,0,0,0,0,0,0,1,"Guerrilla groups"
539,0,0,0,0,0,1,0,0,0,0,0,0,0,1,"Guerrilla groups"
543,0,0,1,0,1,1,0,0,0,0,0,0,0,0,"Other armed groups"
544,0,0,1,0,0,1,0,0,0,0,0,0,0,0,"Guerrilla groups"
545,0,0,1,0,0,1,0,0,0,0,0,0,0,0,"Guerrilla groups"
546,0,0,1,0,0,1,0,0,0,0,0,0,0,0,"Guerrilla groups"
551,0,0,0,1,1,0,0,0,0,0,0,0,0,0,"Guerrilla groups"
557,1,0,0,1,0,0,0,0,0,0,0,0,0,0,"Paramilitary groups"
560,0,0,0,0,1,1,0,0,0,0,0,0,0,0,"Guerrilla groups"
565,0,0,1,0,0,0,1,0,0,0,0,0,0,1,"Paramilitary groups"
573,0,0,0,0,1,1,0,0,0,0,0,0,0,0,"Paramilitary groups"
575,0,1,0,0,1,0,0,0,0,0,0,0,0,0,"Paramilitary groups"
580,1,0,0,1,0,0,0,0,1,0,0,0,0,0,"Paramilitary groups"
581,1,0,0,1,0,0,0,0,1,0,0,0,0,0,"Paramilitary groups"
582,1,0,0,1,0,0,0,0,1,0,0,0,0,0,"Paramilitary groups"
584,0,0,1,0,0,0,0,0,0,0,0,0,0,1,"Paramilitary groups"
587,0,0,1,0,0,0,0,0,0,0,0,0,0,1,"Paramilitary groups"
588,0,0,1,0,0,0,0,0,0,0,0,0,0,1,"Paramilitary groups"
597,1,0,0,0,1,0,0,0,1,1,0,0,0,0,"Paramilitary groups"
598,1,0,0,0,1,0,0,0,1,1,0,0,0,0,"Paramilitary groups"
602,0,0,1,0,0,0,0,0,0,0,0,0,0,1,"Paramilitary groups"
606,0,0,1,0,0,0,0,0,0,0,0,0,0,1,"Paramilitary groups"
612,0,0,0,0,0,0,0,0,0,0,0,1,1,1,"Other armed groups"
613,0,0,0,0,0,0,0,0,0,0,0,1,1,1,"Other armed groups"
619,0,0,0,0,1,0,0,0,1,0,0,0,0,0,"Other armed groups"
620,0,0,0,0,1,0,0,0,1,0,0,0,0,0,"Other armed groups"
621,0,0,0,0,1,0,0,0,1,0,0,0,0,0,"Other armed groups"
622,0,0,0,0,1,0,0,0,1,0,0,0,0,0,"Other armed groups"
623,0,0,0,0,0,1,0,1,0,0,0,0,0,0,"Other armed groups"
645,0,1,1,0,1,0,0,0,0,0,0,0,0,1,"Guerrilla groups"
646,0,0,1,0,0,0,0,0,0,0,0,0,0,1,"Guerrilla groups"
647,0,0,1,0,0,0,0,0,0,0,1,0,0,1,"Guerrilla groups"
665,0,0,0,0,1,0,0,0,1,0,0,0,0,0,"Guerrilla groups"
667,0,0,0,0,0,0,0,0,0,0,0,0,1,1,"Guerrilla groups"
668,0,0,0,0,0,0,0,0,0,0,0,0,1,1,"Guerrilla groups"
669,0,0,0,0,0,0,0,0,0,0,0,0,1,1,"Guerrilla groups"
670,0,0,0,0,0,0,0,0,0,0,0,0,1,1,"Guerrilla groups"
672,0,0,1,0,0,0,0,0,0,0,0,0,0,1,"Guerrilla groups"
674,1,1,0,0,0,0,0,0,0,0,0,1,0,0,"Other armed groups"
675,1,1,0,0,0,0,0,0,0,0,0,1,0,0,"Other armed groups"
676,1,1,0,0,0,0,0,0,0,0,0,1,0,0,"Other armed groups"
679,0,0,1,0,0,0,0,0,0,0,0,0,0,1,"Paramilitary groups"
681,0,0,1,0,1,1,0,0,0,0,0,0,0,0,"Paramilitary groups"
682,0,0,1,0,1,1,0,0,0,0,0,0,0,0,"Paramilitary groups"
684,0,1,0,0,1,1,0,1,0,0,0,0,0,0,"Other armed groups"
690,0,0,1,0,0,0,0,0,0,0,0,0,0,1,"Paramilitary groups"
691,0,0,1,0,0,0,0,0,0,0,0,0,0,1,"Paramilitary groups"
709,0,0,1,0,0,0,0,0,0,0,0,0,0,1,"Paramilitary groups"
710,0,0,1,0,0,0,0,0,0,0,0,0,0,1,"Paramilitary groups"
711,0,0,1,0,0,0,0,0,0,0,0,0,0,1,"Paramilitary groups"
712,0,0,1,0,0,0,0,0,0,0,0,0,0,1,"Paramilitary groups"
713,0,0,1,0,0,0,0,0,0,0,0,0,0,1,"Paramilitary groups"
714,0,0,1,0,0,0,0,0,0,0,0,0,0,1,"Paramilitary groups"
752,1,0,0,0,1,0,0,0,0,0,0,0,0,0,"Paramilitary groups"
753,1,0,0,0,1,0,0,0,0,0,0,0,0,0,"Paramilitary groups"
754,1,0,0,0,1,0,0,0,0,0,0,0,0,0,"Paramilitary groups"
758,1,0,0,0,1,0,0,0,0,0,0,0,0,0,"Paramilitary groups"
779,0,0,1,0,0,0,0,0,0,0,0,0,0,1,"Paramilitary groups"
780,1,0,0,1,0,0,0,0,0,0,0,0,0,0,"Paramilitary groups"
787,0,0,1,0,1,1,0,0,0,0,0,0,0,0,"Paramilitary groups"
789,0,0,1,0,0,0,0,0,0,1,0,0,0,0,"Other armed groups"
792,0,0,1,0,0,0,0,0,0,0,0,1,0,1,"Guerrilla groups"
793,0,0,1,0,1,1,0,0,0,0,0,0,0,1,"Paramilitary groups"
801,0,0,0,0,0,0,1,0,0,0,0,0,0,1,"Paramilitary groups"
802,0,0,0,0,0,0,1,0,0,0,0,0,0,1,"Paramilitary groups"
809,0,0,0,0,1,1,0,0,0,0,0,0,0,0,"Other armed groups"
810,0,0,1,0,0,0,0,0,0,0,0,0,0,1,"Paramilitary groups"
813,0,0,1,0,0,1,0,0,0,0,0,0,0,0,"Paramilitary groups"
814,0,0,1,0,1,0,0,0,0,0,0,0,0,0,"Paramilitary groups"
842,0,0,1,0,0,0,0,0,0,0,0,0,1,0,"Guerrilla groups"
843,0,0,1,0,0,0,0,0,0,0,0,0,1,0,"Guerrilla groups"
844,0,0,1,0,0,0,0,0,0,0,0,0,1,0,"Guerrilla groups"
845,0,0,1,0,0,0,0,0,0,0,0,0,1,0,"Guerrilla groups"
846,1,0,0,0,1,0,0,0,0,0,0,0,0,0,"Other armed groups"
860,0,0,1,0,0,0,0,0,0,0,0,0,0,1,"Paramilitary groups"
861,1,0,0,0,0,0,0,0,1,0,0,0,0,0,"Other armed groups"
862,1,0,0,0,0,0,0,0,1,0,0,0,0,0,"Other armed groups"
863,1,0,0,0,0,0,0,0,1,0,0,0,0,0,"Other armed groups"
866,0,0,0,0,0,0,0,0,0,0,0,0,1,1,"Other armed groups"
867,0,0,0,0,0,0,0,0,0,0,0,0,1,1,"Other armed groups"
868,0,0,0,1,0,0,1,0,0,0,0,0,0,0,"Guerrilla groups"
872,0,0,1,0,0,0,0,0,0,0,0,0,1,1,"Other armed groups"
874,0,0,1,0,0,0,0,0,0,0,0,0,0,1,"Other armed groups"
894,0,0,0,0,0,0,0,0,0,0,0,0,1,1,"Other armed groups"
900,0,0,0,0,1,1,0,0,0,0,0,0,0,0,"Other armed groups"
915,1,0,0,0,0,1,0,0,0,0,0,0,0,0,"Guerrilla groups"
916,0,0,0,0,1,1,0,0,0,0,0,0,0,0,"Guerrilla groups"
917,0,0,1,0,0,0,0,0,0,0,0,0,0,1,"Paramilitary groups"
939,0,0,0,0,0,0,0,0,0,0,0,0,1,1,"Guerrilla groups"
940,0,0,1,0,0,0,0,0,0,0,0,0,0,1,"Guerrilla groups"
944,0,0,1,0,0,1,0,0,0,0,0,0,0,0,"Guerrilla groups"
946,0,0,1,0,0,0,0,0,0,0,0,0,0,1,"Guerrilla groups"
984,1,0,0,0,1,0,0,0,0,0,0,0,0,0,"Paramilitary groups"
989,0,0,0,0,1,0,0,0,0,0,0,0,0,1,"Other armed groups"
990,0,0,0,0,1,0,0,0,0,0,0,0,1,1,"Guerrilla groups"
991,1,0,0,0,1,0,0,1,0,0,0,0,0,0,"Other armed groups"
992,1,0,1,1,0,0,0,1,0,0,0,0,0,0,"Other armed groups"
993,1,0,1,1,0,0,0,1,0,0,0,0,0,0,"Other armed groups"
994,1,0,0,1,0,0,0,0,0,0,0,0,0,0,"Guerrilla groups"
995,1,0,0,1,0,0,0,0,0,0,0,0,0,0,"Guerrilla groups"
996,1,0,0,1,1,0,0,0,0,0,0,0,0,0,"Other armed groups"
997,1,0,0,1,1,0,0,0,0,0,0,0,0,0,"Other armed groups"
999,0,0,1,0,1,0,0,0,0,0,0,0,0,1,"Other armed groups"
1012,1,0,0,0,1,1,0,0,0,0,0,0,0,0,"Guerrilla groups"
1017,0,1,0,0,0,0,0,0,0,0,0,1,0,0,"Guerrilla groups"
1019,0,0,1,0,0,0,0,0,0,0,0,0,0,1,"Guerrilla groups"
1031,0,0,1,0,0,1,0,0,0,0,0,0,0,0,"Guerrilla groups"
1032,0,0,1,0,0,1,0,0,0,0,0,0,0,0,"Guerrilla groups"
1033,0,0,1,0,0,1,0,0,0,0,0,0,0,0,"Guerrilla groups"
1054,0,0,1,0,0,0,0,0,0,0,0,0,0,1,"Paramilitary groups"
1055,0,0,1,0,0,0,0,0,0,0,0,0,0,1,"Paramilitary groups"
1056,0,0,1,0,0,0,0,0,0,0,0,0,0,1,"Paramilitary groups"
1057,0,0,1,0,0,0,0,0,0,0,0,0,0,1,"Paramilitary groups"
1058,0,0,1,0,0,0,0,0,0,0,0,0,0,1,"Paramilitary groups"
1061,0,0,1,0,0,0,0,0,0,0,0,0,0,1,"Guerrilla groups"
1062,0,0,1,0,0,0,0,0,0,0,0,0,0,1,"Guerrilla groups"
1063,0,0,1,0,0,0,0,0,0,0,0,0,0,1,"Guerrilla groups"
1064,0,0,0,1,1,0,0,0,0,0,0,0,0,0,"Other armed groups"
1065,0,0,0,0,0,1,0,0,0,0,0,0,0,1,"Paramilitary groups"
1074,0,0,1,0,0,0,0,0,0,0,0,0,0,1,"Paramilitary groups"
1075,0,0,1,0,0,0,0,0,0,0,0,0,0,1,"Paramilitary groups"
1077,0,0,0,1,1,0,0,0,1,0,0,0,0,0,"Paramilitary groups"
1078,0,0,0,1,1,0,0,0,1,0,0,0,0,0,"Paramilitary groups"
1080,0,0,1,0,0,0,0,0,0,0,0,0,0,1,"Paramilitary groups"
1082,0,0,0,1,0,0,0,1,0,0,0,0,0,0,"Other armed groups"
1089,0,0,0,0,0,0,0,0,0,1,0,0,0,1,"Guerrilla groups"
1090,0,0,0,0,0,0,0,0,0,1,0,0,0,1,"Guerrilla groups"
1091,0,0,0,0,0,0,0,0,0,1,0,0,0,1,"Guerrilla groups"
1095,0,0,1,0,1,0,0,0,0,0,0,0,0,0,"Guerrilla groups"
1100,0,0,1,0,0,0,0,0,0,0,0,0,0,1,"Guerrilla groups"
1114,0,0,0,0,0,0,0,0,0,0,0,0,1,1,"Other armed groups"
1115,1,0,0,1,0,0,0,0,0,0,0,0,0,0,"Other armed groups"
1123,0,0,1,0,0,0,0,0,0,0,0,0,0,1,"Paramilitary groups"
1130,0,0,1,0,0,0,0,0,0,0,0,0,0,1,"Guerrilla groups"
1131,0,0,1,0,0,0,0,0,0,0,0,0,0,1,"Guerrilla groups"
1135,0,0,1,0,0,0,0,0,0,0,0,0,0,1,"Guerrilla groups"
1140,0,0,0,0,0,1,0,0,0,0,0,0,0,1,"Guerrilla groups"
1141,0,0,1,0,0,1,0,0,0,0,0,0,0,1,"Paramilitary groups"
1146,0,0,0,1,0,0,1,0,0,0,0,0,0,0,"Guerrilla groups"
1147,0,0,0,1,0,0,1,0,0,0,0,0,0,0,"Guerrilla groups"
1148,0,0,0,0,1,1,0,0,1,0,0,0,0,0,"Guerrilla groups"
1149,0,0,0,0,1,1,0,0,1,0,0,0,0,0,"Guerrilla groups"
1155,0,0,0,0,1,1,0,0,0,0,0,0,0,0,"Paramilitary groups"
1156,0,0,0,0,1,1,0,0,0,0,0,0,0,0,"Paramilitary groups"
1157,1,0,1,0,0,0,0,0,0,0,0,0,0,0,"Paramilitary groups"
1158,0,0,1,0,0,0,0,0,0,0,0,0,0,1,"Paramilitary groups"
1163,0,0,0,0,1,0,0,1,1,0,1,0,0,0,"Other armed groups"
1164,1,0,0,1,0,0,0,0,0,0,0,0,0,0,"Paramilitary groups"
1165,0,0,0,0,0,1,0,0,0,0,1,0,0,0,"Other armed groups"
1170,0,0,0,0,1,0,0,0,0,0,0,0,0,1,"Other armed groups"
1171,0,0,1,1,0,0,0,0,0,0,0,0,0,0,"Paramilitary groups"
1174,0,1,0,0,0,0,0,0,0,0,0,1,0,0,"Guerrilla groups"
1188,1,0,0,1,0,1,0,0,0,0,0,0,0,0,"Paramilitary groups"
1200,0,0,1,0,0,1,0,0,0,0,0,0,0,0,"Paramilitary groups"
1202,1,0,0,0,1,0,0,0,0,0,0,0,0,0,"Other armed groups"
1209,0,0,1,0,0,0,0,0,0,0,0,0,0,1,"Other armed groups"
1210,0,0,1,0,0,0,0,0,0,1,0,0,1,1,"Other armed groups"
1233,0,0,0,0,1,0,0,0,1,0,1,0,0,0,"Guerrilla groups"
1234,0,0,0,0,0,0,0,0,1,0,1,0,0,0,"Guerrilla groups"
1235,0,0,0,0,0,0,0,0,1,0,1,0,0,0,"Guerrilla groups"
1236,0,0,0,0,0,0,0,0,1,0,1,0,0,0,"Guerrilla groups"
1237,0,0,0,0,0,0,0,0,1,0,1,0,0,0,"Guerrilla groups"
1238,0,0,0,0,0,0,0,0,1,0,1,0,0,0,"Guerrilla groups"
1241,0,0,1,0,0,1,0,0,0,0,0,0,0,0,"Guerrilla groups"
1242,0,0,1,0,1,0,0,0,0,0,0,0,0,0,"Guerrilla groups"
1243,0,0,1,0,0,1,0,0,0,0,0,0,0,0,"Guerrilla groups"
1260,1,0,0,0,1,0,0,0,0,0,0,0,0,0,"Paramilitary groups"
1288,0,0,1,0,0,0,0,0,0,0,0,0,0,1,"Guerrilla groups"
1289,1,0,0,0,1,0,0,0,0,0,0,0,0,0,"Paramilitary groups"
1291,0,0,1,0,0,0,0,0,0,0,0,0,0,1,"Guerrilla groups"
1296,0,0,0,0,1,1,0,0,0,0,0,0,0,0,"Guerrilla groups"
1297,0,1,1,0,1,1,0,0,0,0,0,0,0,0,"Guerrilla groups"
1301,0,0,1,0,1,1,0,0,1,0,0,0,0,0,"Paramilitary groups"
1319,0,0,1,0,1,0,0,0,0,0,0,0,0,0,"Paramilitary groups"
1320,0,0,1,0,1,0,0,0,0,0,0,0,0,0,"Paramilitary groups"
1321,0,0,1,0,1,0,0,0,0,0,0,0,0,0,"Paramilitary groups"
1322,0,0,1,0,1,0,0,0,0,0,0,0,0,0,"Paramilitary groups"
1323,0,0,1,0,1,0,0,0,0,0,0,0,0,0,"Paramilitary groups"
1324,0,0,1,0,1,0,0,0,0,0,0,0,0,0,"Paramilitary groups"
1327,1,0,0,0,1,0,0,0,0,0,0,0,0,0,"Paramilitary groups"
1334,0,0,1,0,0,0,1,0,0,0,0,0,0,0,"Paramilitary groups"
1335,0,0,1,0,0,0,1,0,0,0,0,0,0,0,"Paramilitary groups"
1336,0,0,1,0,0,0,1,0,0,0,0,0,0,0,"Paramilitary groups"
1337,0,0,1,0,0,0,1,0,0,0,0,0,0,0,"Paramilitary groups"
1339,0,0,1,0,1,0,0,0,1,0,0,0,0,0,"Paramilitary groups"
1340,0,0,1,0,1,0,0,0,0,0,0,0,0,0,"Paramilitary groups"
1350,0,0,1,0,0,0,0,0,0,1,0,0,0,0,"Guerrilla groups"
1351,0,0,0,0,1,1,0,0,0,0,0,0,0,0,"Guerrilla groups"
1352,0,0,1,0,0,1,0,0,0,0,0,0,0,0,"Guerrilla groups"
1358,0,0,1,0,0,0,0,0,0,0,0,0,0,1,"Paramilitary groups"
1361,1,0,0,1,1,0,0,0,0,0,0,0,0,0,"Paramilitary groups"
1366,0,0,0,1,1,1,0,0,0,0,0,0,0,0,"Paramilitary groups"
1371,0,0,0,0,1,0,0,1,0,0,0,0,0,0,"Other armed groups"
1378,1,0,0,1,0,0,0,0,0,0,0,0,0,0,"Guerrilla groups"
1381,0,0,1,0,1,1,0,0,0,0,0,0,0,0,"Guerrilla groups"
1382,0,0,1,0,1,1,0,0,0,0,0,0,0,0,"Guerrilla groups"
1383,0,0,1,0,1,1,0,0,0,0,0,0,0,0,"Guerrilla groups"
1384,0,0,1,0,1,1,0,0,0,0,0,0,0,0,"Guerrilla groups"
1385,0,0,1,0,1,1,0,0,0,0,0,0,0,0,"Guerrilla groups"
1390,0,1,1,0,0,0,0,0,0,0,0,0,0,1,"Guerrilla groups"
1391,0,0,1,0,0,0,0,0,0,0,0,0,0,1,"Guerrilla groups"
1403,1,0,0,0,0,0,0,0,1,0,0,0,0,0,"Guerrilla groups"
1416,1,0,0,0,0,1,0,0,0,0,0,0,0,0,"Other armed groups"
1421,0,0,0,0,1,0,0,1,0,0,0,0,0,0,"Other armed groups"
1436,0,0,0,0,1,0,0,1,0,0,0,0,0,0,"Other armed groups"
1443,0,1,0,0,0,0,0,0,0,0,1,0,0,0,"Paramilitary groups"
1447,0,0,0,1,0,0,0,0,1,0,0,0,0,0,"Guerrilla groups"
1448,0,0,0,1,0,0,0,0,1,0,0,0,0,0,"Guerrilla groups"
1457,0,0,0,0,1,0,0,0,0,0,1,0,0,1,"Paramilitary groups"
1458,0,0,1,0,1,0,0,0,1,0,0,0,0,0,"Paramilitary groups"
1459,0,0,1,0,0,0,0,0,0,0,0,0,0,1,"Paramilitary groups"
1474,0,0,1,0,0,0,0,0,0,0,1,0,0,0,"Paramilitary groups"
1475,0,0,0,0,0,1,0,0,1,0,0,0,0,0,"Guerrilla groups"
1479,0,0,1,0,0,0,0,0,0,0,0,0,1,1,"Paramilitary groups"
1485,1,0,0,0,1,0,0,0,0,0,0,0,0,0,"Guerrilla groups"
1491,0,0,1,0,0,0,0,0,0,0,0,0,1,1,"Paramilitary groups"
1492,0,0,1,0,0,0,0,0,0,0,0,0,0,1,"Guerrilla groups"
1493,0,0,1,0,0,0,0,0,0,0,0,0,0,1,"Guerrilla groups"
1497,0,0,0,1,1,0,0,0,1,0,0,0,0,0,"Guerrilla groups"
1498,0,0,0,1,1,0,0,0,1,0,0,0,0,0,"Guerrilla groups"
1500,0,0,0,0,0,0,0,0,0,0,0,0,1,1,"Guerrilla groups"
1513,0,0,1,0,0,0,0,0,1,0,0,0,0,0,"Guerrilla groups"
1516,0,0,1,0,1,1,0,0,0,0,0,0,0,0,"Guerrilla groups"
1519,0,0,1,0,0,0,0,0,0,0,0,0,0,1,"Guerrilla groups"
1520,0,0,1,0,0,0,0,0,0,0,0,0,0,1,"Guerrilla groups"
1521,0,0,1,0,0,0,0,0,0,0,0,0,0,1,"Guerrilla groups"
1522,0,0,1,0,0,0,0,0,0,0,0,0,0,1,"Guerrilla groups"
1523,0,0,1,0,0,0,0,0,0,0,0,0,0,1,"Guerrilla groups"
1524,0,0,1,0,0,0,0,0,0,0,0,0,0,1,"Guerrilla groups"
1525,0,0,1,0,0,0,1,0,0,0,0,0,0,0,"Guerrilla groups"
1526,0,0,1,0,0,0,1,0,0,0,0,0,0,0,"Guerrilla groups"
1527,0,0,1,0,0,0,1,0,0,0,0,0,0,0,"Guerrilla groups"
1528,0,0,1,1,0,0,1,0,0,0,0,0,0,0,"Guerrilla groups"
1529,0,0,1,0,0,0,0,0,0,0,0,0,0,1,"Guerrilla groups"
1533,1,0,1,0,0,0,0,0,0,0,0,0,0,0,"Guerrilla groups"
1534,0,1,0,0,0,0,0,1,0,0,0,0,0,0,"Other armed groups"
1535,0,0,0,0,1,0,0,0,1,0,0,0,0,0,"Guerrilla groups"
1536,0,0,0,0,0,1,0,0,1,0,0,0,0,0,"Guerrilla groups"
1538,0,0,1,0,0,0,0,0,0,0,0,0,1,1,"Guerrilla groups"
1539,0,0,1,0,0,0,0,0,0,0,0,0,1,1,"Guerrilla groups"
1540,0,0,1,0,0,0,0,0,0,0,0,0,1,1,"Guerrilla groups"
1541,0,0,1,0,0,0,0,0,0,0,0,0,1,1,"Guerrilla groups"
1559,0,0,0,0,0,0,0,0,0,0,0,0,1,1,"Paramilitary groups"
1561,1,0,0,0,1,0,0,0,0,0,0,0,0,0,"Guerrilla groups"
1562,1,0,0,0,1,0,0,0,0,0,0,0,0,0,"Guerrilla groups"
1563,1,0,0,0,1,0,0,0,0,0,0,0,1,0,"Other armed groups"
1564,0,0,1,0,0,0,0,0,0,0,0,0,0,1,"Paramilitary groups"
1565,0,0,1,0,0,0,0,0,0,0,0,0,0,1,"Paramilitary groups"
1570,0,0,0,0,0,0,0,0,0,0,0,0,1,1,"Paramilitary groups"
1571,0,0,0,0,0,0,0,0,0,0,0,0,1,1,"Paramilitary groups"
1577,1,0,0,1,0,0,0,0,0,0,0,0,0,0,"Paramilitary groups"
1578,0,0,0,0,0,0,0,0,0,0,0,0,1,1,"Paramilitary groups"
1579,0,0,0,0,0,0,0,0,0,0,0,0,1,1,"Paramilitary groups"
1583,0,0,1,0,1,1,0,0,0,0,0,0,0,0,"Paramilitary groups"
1591,0,0,1,0,0,0,0,0,0,0,0,0,0,1,"Guerrilla groups"
1595,0,0,0,0,0,0,0,0,0,0,1,0,1,1,"Guerrilla groups"
1596,0,0,0,0,0,0,0,0,0,0,1,0,1,1,"Guerrilla groups"
1599,1,0,0,0,0,0,0,0,1,0,0,0,0,0,"Guerrilla groups"
1612,0,0,0,0,0,1,0,0,1,0,0,0,0,0,"Paramilitary groups"
1613,0,0,1,0,0,0,0,0,0,0,0,0,0,1,"Paramilitary groups"
1630,0,0,1,0,0,0,0,0,0,1,0,0,0,1,"Paramilitary groups"
1637,0,0,0,0,0,0,0,0,0,0,0,0,1,1,"Paramilitary groups"
1638,0,0,0,0,0,0,0,0,0,0,0,0,1,1,"Paramilitary groups"
1639,0,0,0,0,0,0,0,0,0,0,0,0,1,1,"Paramilitary groups"
1640,0,0,0,0,0,0,0,0,0,0,0,0,1,1,"Paramilitary groups"
1643,0,0,1,0,0,0,0,0,0,0,0,0,1,1,"Paramilitary groups"
1644,0,0,1,0,0,0,0,0,0,0,0,0,1,1,"Paramilitary groups"
1645,0,0,1,0,0,0,0,0,0,0,0,0,0,1,"Guerrilla groups"
1646,0,0,1,0,0,0,0,0,0,0,0,0,0,1,"Guerrilla groups"
1647,0,0,0,0,0,0,0,0,0,0,1,0,0,1,"Guerrilla groups"
1648,0,0,0,0,0,0,0,0,0,0,1,0,0,1,"Guerrilla groups"
1652,0,0,1,0,0,0,0,0,0,0,0,0,0,1,"Guerrilla groups"
1661,0,0,0,0,1,0,0,0,0,0,0,0,1,0,"Guerrilla groups"
1682,1,0,1,0,0,0,0,0,0,0,0,0,0,0,"Guerrilla groups"
1684,0,0,1,0,0,0,0,0,0,0,0,0,0,1,"Guerrilla groups"
1687,0,1,1,0,0,0,0,0,0,0,0,0,0,0,"Guerrilla groups"
1688,0,0,1,0,0,0,0,0,0,0,0,0,0,1,"Guerrilla groups"
1691,0,0,1,0,0,0,0,0,0,0,0,0,0,1,"Guerrilla groups"
1692,0,0,1,0,0,0,0,0,0,0,0,0,0,1,"Guerrilla groups"
1694,0,0,0,0,0,0,0,0,0,1,0,0,0,1,"Guerrilla groups"
1701,0,0,0,0,1,0,1,0,0,0,0,0,0,0,"Paramilitary groups"
1702,0,0,0,0,1,0,1,0,0,0,0,0,0,0,"Paramilitary groups"
1703,0,0,0,0,1,0,1,0,0,0,0,0,0,0,"Paramilitary groups"
1704,0,0,0,0,1,0,1,0,0,0,0,0,0,0,"Paramilitary groups"
1738,0,0,0,0,0,0,0,0,0,0,0,0,1,1,"Paramilitary groups"
1739,0,0,0,0,0,0,0,0,0,0,0,0,1,1,"Paramilitary groups"
1740,0,0,0,0,0,0,0,0,0,0,0,0,1,1,"Paramilitary groups"
1741,0,0,0,0,0,0,0,0,0,0,0,0,1,1,"Paramilitary groups"
1757,0,1,0,0,0,0,0,0,1,0,0,0,0,0,"Guerrilla groups"
1758,0,1,1,0,0,0,0,0,0,0,0,0,0,0,"Guerrilla groups"
1760,0,0,0,0,1,1,0,0,0,0,0,0,0,0,"Guerrilla groups"
1770,0,0,0,0,1,1,0,0,0,0,0,0,0,0,"Paramilitary groups"
1772,0,0,1,0,0,1,0,0,0,0,0,0,0,0,"Guerrilla groups"
1773,0,0,1,0,0,1,0,0,0,0,0,0,0,0,"Guerrilla groups"
1781,1,0,0,0,1,0,0,0,0,0,0,0,0,0,"Other armed groups"
1793,0,0,0,0,0,0,0,0,0,0,0,0,1,1,"Guerrilla groups"
1794,0,0,0,0,0,0,0,0,0,0,0,0,1,1,"Guerrilla groups"
1795,0,0,1,0,0,0,0,0,0,0,0,0,0,1,"Guerrilla groups"
1796,0,0,1,0,0,0,0,0,0,0,0,0,0,1,"Guerrilla groups"
1797,1,0,1,0,0,0,0,0,0,0,0,0,0,0,"Other armed groups"
1799,0,0,1,0,0,0,0,0,0,0,0,0,1,1,"Guerrilla groups"
1806,0,0,1,0,1,0,0,0,1,0,0,0,0,0,"Paramilitary groups"
1814,0,0,1,0,1,0,0,0,0,0,0,0,0,0,"Paramilitary groups"
1832,0,0,0,0,0,0,0,0,0,0,0,0,1,1,"Other armed groups"
1837,0,0,0,0,0,1,0,0,0,0,0,0,0,1,"Guerrilla groups"
1841,0,0,0,1,0,0,0,0,1,0,0,0,0,0,"Paramilitary groups"
1848,0,0,0,0,1,0,0,1,0,0,0,0,0,0,"Other armed groups"
1849,0,0,0,0,1,0,0,1,0,0,0,0,0,0,"Other armed groups"
1850,0,0,0,0,1,0,0,1,0,0,0,0,0,0,"Other armed groups"
1852,0,0,1,0,0,0,0,0,0,0,0,0,0,1,"Other armed groups"
1857,0,0,1,0,0,0,0,0,0,0,0,0,0,1,"Paramilitary groups"
1863,0,0,0,1,1,0,0,0,0,0,0,0,0,0,"Other armed groups"
1864,1,0,1,0,0,0,0,0,0,0,0,0,0,0,"Paramilitary groups"
1865,1,0,0,1,0,0,0,0,0,0,0,0,0,0,"Paramilitary groups"
1866,0,0,1,0,0,1,0,0,0,0,0,0,0,0,"Paramilitary groups"
1873,0,0,0,1,1,0,0,0,0,0,0,0,0,0,"Paramilitary groups"
1874,0,0,0,1,1,0,0,0,0,0,0,0,0,0,"Paramilitary groups"
1883,1,0,0,0,0,0,0,0,0,1,0,0,0,0,"Guerrilla groups"
1885,0,0,1,0,0,0,0,0,0,0,0,0,0,1,"Guerrilla groups"
1889,0,0,1,0,0,0,0,0,0,0,0,0,1,1,"Guerrilla groups"
1890,0,0,1,0,1,0,0,0,0,0,0,0,0,0,"Other armed groups"
1904,0,1,0,0,0,0,0,0,0,0,0,0,0,1,"Other armed groups"
1905,0,0,1,0,0,0,0,0,0,0,0,0,0,1,"Guerrilla groups"
1906,0,0,1,0,0,0,0,0,0,0,0,0,0,1,"Guerrilla groups"
1907,0,0,1,0,0,0,0,0,0,0,0,0,0,1,"Guerrilla groups"
1908,0,0,1,0,0,0,0,0,0,0,0,0,0,1,"Guerrilla groups"
1915,1,0,0,0,0,0,0,0,1,0,0,0,0,0,"Guerrilla groups"
1916,1,0,0,0,0,0,0,0,1,0,0,0,0,0,"Guerrilla groups"
1917,1,0,0,0,0,0,0,0,1,0,0,0,0,0,"Guerrilla groups"
1921,0,0,1,0,0,0,0,0,0,0,0,0,0,1,"Other armed groups"
1922,1,0,1,1,1,0,0,0,0,1,0,0,0,0,"Paramilitary groups"
1923,0,0,1,0,0,0,0,0,0,1,0,0,1,1,"Paramilitary groups"
1924,1,0,0,0,1,0,0,0,0,0,0,0,0,0,"Paramilitary groups"
1925,1,0,0,0,1,0,1,0,0,0,0,0,0,0,"Guerrilla groups"
1926,0,0,0,1,0,0,1,0,0,0,0,0,0,0,"Paramilitary groups"
1927,0,0,1,0,0,0,0,0,0,1,0,0,1,1,"Paramilitary groups"
1928,0,0,1,0,0,0,0,0,0,1,0,0,1,1,"Paramilitary groups"
1929,0,0,1,0,0,0,0,0,0,1,0,0,1,1,"Paramilitary groups"
1930,0,0,1,0,0,0,0,0,0,1,0,0,1,1,"Paramilitary groups"
1931,0,0,1,0,0,0,0,0,0,1,0,0,1,1,"Paramilitary groups"
1932,0,0,1,0,0,0,0,0,0,1,0,0,1,1,"Paramilitary groups"
1933,0,0,1,0,0,0,0,0,0,1,0,0,1,1,"Paramilitary groups"
1934,0,0,1,0,0,0,0,0,0,1,0,0,1,1,"Paramilitary groups"
1935,0,0,1,0,0,0,0,0,0,1,0,0,1,1,"Paramilitary groups"
1936,0,0,1,0,0,0,0,0,0,1,0,0,1,1,"Paramilitary groups"
1937,0,0,1,0,1,0,0,0,0,0,0,0,0,0,"Other armed groups"
1951,0,0,0,0,0,0,0,0,0,0,0,0,1,1,"Other armed groups"
1955,0,0,0,0,0,0,1,0,0,0,0,0,1,1,"Guerrilla groups"
1956,0,0,0,0,0,0,1,0,0,0,0,0,1,1,"Guerrilla groups"
1957,0,0,0,0,0,0,1,0,0,0,0,0,1,1,"Guerrilla groups"
1958,0,0,1,0,0,0,0,0,0,0,0,0,0,1,"Guerrilla groups"
1959,0,0,1,0,0,0,0,0,0,0,0,0,0,1,"Guerrilla groups"
1960,0,0,1,0,0,0,0,0,0,0,0,0,0,1,"Guerrilla groups"
1961,0,0,1,0,0,0,0,0,0,0,0,0,0,1,"Guerrilla groups"
1962,0,0,1,0,0,0,0,0,0,0,0,0,0,1,"Guerrilla groups"
1963,0,0,1,0,0,0,0,0,0,0,0,0,0,1,"Guerrilla groups"
1964,0,0,1,0,0,0,0,0,0,0,0,0,0,1,"Guerrilla groups"
1965,1,0,0,1,0,0,0,0,0,0,0,0,0,0,"Other armed groups"
1966,1,0,0,1,0,0,0,0,0,0,0,0,0,0,"Other armed groups"
1967,0,0,0,0,0,0,0,0,0,0,0,1,0,1,"Paramilitary groups"
1969,0,0,1,0,0,0,0,0,0,0,0,1,0,1,"Other armed groups"
1972,0,0,1,0,0,0,0,0,0,0,0,0,0,1,"Other armed groups"
1973,0,0,1,0,0,0,0,0,0,0,0,0,0,1,"Other armed groups"
1975,0,0,0,0,0,0,0,0,0,1,1,0,0,0,"Guerrilla groups"
1981,0,0,0,0,1,1,0,0,0,0,0,0,0,0,"Guerrilla groups"
1987,0,0,0,0,0,0,1,0,0,0,0,0,0,1,"Guerrilla groups"
1988,0,0,0,0,0,0,0,0,0,0,0,0,1,1,"Other armed groups"
1991,0,0,0,1,0,0,0,0,1,0,0,0,0,0,"Paramilitary groups"
1996,0,0,0,0,0,0,0,0,0,0,0,0,1,1,"Paramilitary groups"
1997,0,0,0,0,0,0,1,0,0,0,0,0,0,1,"Guerrilla groups"
2000,0,0,0,0,0,0,0,0,0,0,0,0,1,1,"Paramilitary groups"
2003,0,0,1,0,0,0,0,0,0,0,0,0,1,1,"Paramilitary groups"
2004,0,0,0,0,0,0,0,0,0,0,1,0,1,1,"Guerrilla groups"
2008,0,0,0,0,0,0,0,0,0,0,0,0,1,1,"Guerrilla groups"
2009,0,0,0,0,0,0,0,0,0,0,0,0,1,1,"Guerrilla groups"
2010,0,0,0,0,0,0,0,0,0,0,0,0,1,1,"Guerrilla groups"
2011,0,0,0,0,0,0,0,0,0,0,0,0,1,1,"Guerrilla groups"
2028,1,0,0,0,0,0,0,0,0,0,0,1,0,0,"Guerrilla groups"
2040,0,0,1,0,0,0,0,0,0,0,0,0,1,0,"Paramilitary groups"
2041,0,0,1,0,0,0,0,0,0,0,0,0,1,0,"Paramilitary groups"
2060,1,0,0,1,0,0,0,0,0,0,0,0,0,0,"Other armed groups"
2062,0,0,1,0,1,0,0,0,0,0,0,0,0,0,"Guerrilla groups"
2067,1,0,0,1,1,0,0,0,0,0,0,0,0,0,"Paramilitary groups"
2068,1,0,0,1,1,0,0,0,0,0,0,0,0,0,"Paramilitary groups"
2070,0,0,1,0,0,0,0,0,0,0,0,0,1,1,"Guerrilla groups"
2071,0,0,1,0,0,0,0,0,0,0,0,0,1,1,"Other armed groups"
2075,0,0,1,0,0,0,0,0,0,0,0,0,0,1,"Paramilitary groups"
2078,1,0,0,0,0,0,0,0,1,0,0,0,0,0,"Paramilitary groups"
2079,1,0,0,0,0,0,0,0,1,0,0,0,0,0,"Paramilitary groups"
2080,1,0,0,0,0,0,0,0,1,0,0,0,0,0,"Paramilitary groups"
2081,1,0,0,0,0,0,0,0,1,0,0,0,0,0,"Paramilitary groups"
2083,0,0,1,0,1,0,0,0,0,0,0,0,0,0,"Other armed groups"
2085,0,0,0,0,1,0,0,0,0,0,0,0,0,1,"Other armed groups"
2091,0,0,1,0,0,0,0,0,0,0,0,0,0,1,"Guerrilla groups"
2092,0,0,0,0,0,0,1,0,0,0,0,0,0,1,"Guerrilla groups"
2097,0,0,1,0,0,0,0,0,0,0,0,0,0,1,"Guerrilla groups"
2102,0,0,1,0,0,0,0,0,0,1,0,0,1,1,"Paramilitary groups"
2103,0,0,1,0,0,0,0,0,0,1,0,0,1,1,"Paramilitary groups"
2104,0,0,1,0,0,0,0,0,0,1,0,0,1,1,"Paramilitary groups"
2105,0,0,1,0,0,0,0,0,0,1,0,0,1,1,"Paramilitary groups"
2106,0,0,1,0,0,0,0,0,0,1,0,0,1,1,"Paramilitary groups"
2107,0,0,1,0,0,0,0,0,0,1,0,0,1,1,"Paramilitary groups"
2109,0,0,1,0,0,0,0,0,0,0,0,1,0,0,"Other armed groups"
2110,0,0,1,0,0,0,0,0,0,0,0,1,0,0,"Other armed groups"
2111,0,0,1,0,0,0,0,0,0,0,0,1,0,0,"Other armed groups"
2112,0,0,1,0,0,0,0,0,0,0,0,1,0,0,"Other armed groups"
2113,0,0,1,0,0,0,0,0,0,0,0,1,0,0,"Other armed groups"
2142,0,0,0,0,0,0,0,0,0,0,0,0,1,1,"Guerrilla groups"
2146,0,0,0,1,0,0,0,0,1,0,0,0,0,0,"Guerrilla groups"
2152,1,0,1,0,0,0,0,0,0,0,0,0,0,0,"Guerrilla groups"
2158,0,0,0,0,0,0,0,0,0,0,0,0,1,1,"Paramilitary groups"
2159,0,0,0,0,0,0,0,0,0,0,0,0,1,1,"Paramilitary groups"
2160,0,0,0,0,0,0,0,0,0,0,0,0,1,1,"Paramilitary groups"
2161,0,0,0,0,0,0,0,0,0,0,0,0,1,1,"Paramilitary groups"
2162,0,0,0,0,0,0,0,0,0,0,0,0,1,1,"Paramilitary groups"
2181,0,0,1,0,0,0,0,0,0,0,0,0,0,1,"Guerrilla groups"
2182,0,0,1,0,0,0,0,0,0,0,0,0,0,1,"Guerrilla groups"
2183,0,0,1,0,0,0,0,0,0,0,0,0,0,1,"Guerrilla groups"
2184,0,0,1,0,0,0,0,0,0,0,0,0,0,1,"Other armed groups"
2185,0,0,1,0,0,0,0,0,0,0,0,0,0,1,"Other armed groups"
2186,0,0,1,0,0,0,0,0,0,0,0,0,0,1,"Other armed groups"
2194,0,0,1,0,1,0,0,0,0,0,0,0,0,1,"Guerrilla groups"
2197,0,0,0,0,0,0,1,0,0,0,0,0,0,1,"Other armed groups"
2198,0,0,0,0,0,0,1,0,0,0,0,0,0,1,"Other armed groups"
2199,0,0,0,0,0,0,1,0,0,0,0,0,0,1,"Other armed groups"
2200,0,0,1,0,0,0,0,0,0,0,0,0,0,1,"Guerrilla groups"
2229,0,0,0,0,1,0,0,0,1,0,0,0,0,0,"Guerrilla groups"
2232,1,0,0,1,0,0,0,0,0,0,0,0,0,0,"Other armed groups"
2242,0,0,0,0,0,0,0,0,0,0,0,0,1,1,"Paramilitary groups"
2243,0,0,0,0,0,0,0,0,0,0,0,0,1,1,"Paramilitary groups"
2244,0,0,0,0,1,0,0,0,1,0,0,0,0,0,"Guerrilla groups"
2249,1,0,1,0,0,0,0,0,0,0,0,0,0,0,"Guerrilla groups"
2253,0,0,1,0,0,0,0,0,0,0,0,0,0,1,"Guerrilla groups"
2254,0,0,1,0,0,0,0,0,0,0,0,0,0,1,"Guerrilla groups"
2255,0,0,1,0,0,0,0,0,0,0,0,0,0,1,"Other armed groups"
2257,0,0,0,1,0,0,0,1,0,0,0,0,0,0,"Guerrilla groups"
2258,0,0,0,1,1,0,0,1,1,0,0,0,0,0,"Guerrilla groups"
2263,1,0,0,0,0,0,0,1,0,0,0,0,0,0,"Guerrilla groups"
2272,0,0,1,0,0,0,0,0,0,0,0,0,0,1,"Guerrilla groups"
2273,0,0,1,0,0,0,0,0,0,0,0,0,0,1,"Guerrilla groups"
2274,0,0,1,0,0,0,0,0,0,0,0,0,0,1,"Guerrilla groups"
2275,0,0,1,0,0,0,0,0,0,0,0,0,0,1,"Guerrilla groups"
2277,0,0,1,0,0,0,0,0,0,0,0,0,0,1,"Guerrilla groups"
2278,0,0,1,0,0,0,0,0,0,0,0,0,0,1,"Guerrilla groups"
2279,0,0,1,0,0,0,0,0,0,0,0,0,0,1,"Guerrilla groups"
2280,0,0,1,0,0,0,0,0,0,0,0,0,0,1,"Guerrilla groups"
2281,0,0,1,0,0,0,0,0,0,0,0,0,0,1,"Paramilitary groups"
2301,0,0,1,0,1,0,0,0,0,0,0,0,0,0,"Paramilitary groups"
2303,0,0,1,0,0,0,0,0,0,0,0,0,0,1,"Guerrilla groups"
2305,0,0,0,0,0,0,0,0,1,0,1,0,0,0,"Guerrilla groups"
2306,0,0,0,0,0,0,0,0,1,0,1,0,0,0,"Guerrilla groups"
2308,0,0,1,0,0,1,0,0,0,0,0,0,0,0,"Paramilitary groups"
2317,0,0,1,0,0,0,0,0,0,0,0,0,0,1,"Other armed groups"
2319,0,0,0,0,0,0,0,0,0,0,0,0,1,1,"Guerrilla groups"
2320,0,0,1,0,0,0,0,0,0,0,0,0,0,1,"Paramilitary groups"
2338,0,0,1,0,0,0,0,0,0,0,0,0,0,1,"Paramilitary groups"
2339,1,0,0,0,1,0,0,0,0,0,0,0,0,0,"Paramilitary groups"
2349,0,0,0,0,0,0,0,0,0,0,0,0,1,1,"Guerrilla groups"
2350,0,0,0,0,0,0,0,0,0,0,0,0,1,1,"Guerrilla groups"
2351,0,0,0,0,0,0,0,0,0,0,0,0,1,1,"Guerrilla groups"
2352,0,0,0,0,0,0,0,0,0,0,0,0,1,1,"Guerrilla groups"
2353,0,0,0,0,0,0,0,0,0,0,0,0,1,1,"Guerrilla groups"
2354,0,0,0,0,0,0,0,0,0,0,0,0,1,1,"Guerrilla groups"
2362,0,0,0,0,1,0,0,0,1,0,0,0,0,0,"Guerrilla groups"
2366,0,0,1,0,0,0,0,0,1,0,0,0,0,0,"Paramilitary groups"
2377,0,0,0,1,0,0,0,0,1,0,0,0,0,0,"Other armed groups"
2378,0,0,1,0,0,0,0,0,0,0,0,0,0,1,"Guerrilla groups"
2379,1,0,0,0,1,0,0,0,0,0,0,0,0,0,"Other armed groups"
2381,0,0,1,0,0,0,0,0,0,0,0,0,0,1,"Guerrilla groups"
2384,0,0,0,1,1,0,0,0,0,0,0,0,0,0,"Other armed groups"
2425,0,0,1,0,0,0,0,0,0,0,0,0,0,1,"Guerrilla groups"
2426,0,0,1,0,0,0,0,0,0,0,0,0,0,1,"Guerrilla groups"
2429,0,0,0,0,1,0,0,0,1,0,0,0,0,0,"Other armed groups"
2434,1,0,0,0,1,0,0,0,0,0,0,0,0,0,"Paramilitary groups"
2454,0,0,1,0,0,0,0,0,0,0,0,0,0,1,"Paramilitary groups"
2455,0,0,1,0,0,0,0,0,0,0,0,0,0,1,"Paramilitary groups"
2462,0,1,0,0,0,0,0,0,0,0,0,1,0,0,"Guerrilla groups"
2464,1,0,0,0,0,0,0,0,1,0,0,0,0,0,"Guerrilla groups"
2482,1,0,1,0,0,0,0,0,0,0,0,0,0,0,"Other armed groups"
2483,1,0,0,0,1,0,0,0,0,0,0,0,0,0,"Guerrilla groups"
2484,1,0,0,0,1,0,0,0,0,0,0,0,0,0,"Guerrilla groups"
2485,1,0,0,0,1,0,0,0,0,0,0,0,0,0,"Guerrilla groups"
2490,1,0,0,0,0,0,1,0,0,0,0,0,0,0,"Guerrilla groups"
2492,0,0,1,0,0,0,0,0,0,0,0,0,0,1,"Other armed groups"
2493,0,0,0,0,1,0,0,0,0,0,0,0,0,1,"Guerrilla groups"
2503,0,0,0,0,0,0,0,0,0,0,0,0,1,1,"Paramilitary groups"
2507,0,0,1,0,0,0,0,0,0,0,0,0,0,1,"Guerrilla groups"
2508,0,0,1,0,0,0,0,0,0,0,0,0,0,1,"Guerrilla groups"
2509,0,0,1,0,0,0,0,0,0,0,0,0,0,1,"Guerrilla groups"
2514,0,0,0,0,0,0,0,0,0,1,0,0,1,0,"Guerrilla groups"
2515,0,0,0,0,0,0,0,0,0,1,0,0,1,0,"Guerrilla groups"
2519,0,0,0,0,1,0,0,0,0,0,0,0,0,1,"Guerrilla groups"
2520,0,0,0,0,1,0,0,0,0,0,0,0,0,1,"Guerrilla groups"
2533,0,0,0,0,1,0,0,0,1,0,0,0,0,0,"Paramilitary groups"
2534,0,0,0,0,1,0,0,0,1,0,0,0,0,0,"Paramilitary groups"
2535,0,0,0,0,1,0,0,0,1,0,0,0,0,0,"Paramilitary groups"
2536,0,0,0,0,1,0,0,0,1,0,0,0,0,0,"Paramilitary groups"
2544,0,0,1,0,0,0,0,0,1,0,0,0,0,1,"Other armed groups"
2545,0,1,1,0,0,0,0,0,0,0,1,0,0,0,"Other armed groups"
2546,0,1,1,0,0,0,0,0,0,0,1,0,0,0,"Other armed groups"
2549,0,0,0,0,1,0,0,0,0,1,0,0,0,1,"Guerrilla groups"
2550,0,0,0,0,0,0,1,0,1,0,0,0,0,1,"Paramilitary groups"
2551,0,0,1,0,0,0,0,0,0,0,0,0,0,1,"Paramilitary groups"
2553,1,0,1,0,0,0,0,0,0,0,0,0,0,0,"Guerrilla groups"
2557,1,0,1,0,0,0,0,0,0,0,0,0,0,0,"Guerrilla groups"
2564,0,0,1,0,0,0,0,0,0,0,0,0,0,1,"Guerrilla groups"
2565,0,0,1,0,0,0,0,0,0,0,0,0,0,1,"Guerrilla groups"
2569,1,0,1,0,0,0,0,0,0,0,0,0,0,0,"Paramilitary groups"
2572,0,0,1,0,0,0,0,0,0,0,0,0,0,1,"Guerrilla groups"
2581,0,0,1,0,0,0,0,0,1,0,0,0,0,0,"Guerrilla groups"
2582,0,0,1,0,0,0,0,0,1,0,0,0,0,0,"Guerrilla groups"
2583,0,0,1,0,0,0,0,0,1,0,0,0,0,0,"Guerrilla groups"
2584,0,0,1,0,0,0,0,0,1,0,0,0,0,0,"Guerrilla groups"
2585,0,0,1,0,0,0,0,0,1,0,0,0,0,0,"Guerrilla groups"
2586,0,0,1,0,0,0,0,0,1,0,0,0,0,0,"Guerrilla groups"
2592,0,0,1,0,1,0,0,1,0,0,0,0,0,0,"Other armed groups"
2593,0,0,1,0,1,0,0,1,0,0,0,0,0,0,"Other armed groups"
2596,1,0,0,0,1,0,0,0,0,0,0,0,0,0,"Paramilitary groups"
2598,0,0,1,0,0,0,0,0,0,0,0,0,0,1,"Guerrilla groups"
2599,0,0,1,0,0,0,0,0,0,0,0,0,0,1,"Guerrilla groups"
2600,0,0,1,0,0,0,0,0,0,0,0,0,0,1,"Guerrilla groups"
2601,0,0,1,0,0,0,0,0,0,0,0,0,0,1,"Guerrilla groups"
2602,0,0,1,0,0,0,0,0,0,0,0,0,0,1,"Guerrilla groups"
2603,0,0,1,0,0,0,0,0,0,0,0,0,0,1,"Guerrilla groups"
2605,0,0,1,0,0,0,0,0,0,0,0,0,0,1,"Guerrilla groups"
2606,0,0,1,0,0,0,0,0,0,0,0,0,0,1,"Guerrilla groups"
2611,0,0,1,0,1,0,0,0,0,1,0,1,0,0,"Paramilitary groups"
2612,0,0,1,0,1,0,0,0,0,1,0,1,0,0,"Paramilitary groups"
2613,1,0,0,0,1,0,0,0,1,0,0,0,0,0,"Paramilitary groups"
2614,1,0,0,0,1,0,0,0,1,0,0,0,0,0,"Paramilitary groups"
2615,1,0,0,0,1,0,0,0,1,0,0,0,0,0,"Paramilitary groups"
2616,1,0,0,0,1,0,0,0,1,0,0,0,0,0,"Paramilitary groups"
2627,1,0,0,0,1,0,0,0,0,0,0,0,0,0,"Paramilitary groups"
2632,0,0,1,0,1,0,0,0,0,0,0,0,0,1,"Paramilitary groups"
2633,0,0,1,0,1,0,0,0,0,0,0,0,0,1,"Paramilitary groups"
2634,0,0,1,0,1,0,0,0,0,0,0,0,0,1,"Paramilitary groups"
2635,0,0,1,0,1,0,0,0,0,0,0,0,0,0,"Paramilitary groups"
2636,0,0,0,0,0,0,0,0,0,0,1,0,0,1,"Guerrilla groups"
2641,0,0,0,0,0,0,0,0,0,1,0,1,0,1,"Other armed groups"
2642,0,0,0,0,0,0,0,0,0,1,0,1,0,1,"Other armed groups"
2643,0,0,0,0,0,0,0,0,0,1,0,1,0,1,"Other armed groups"
2644,0,0,0,0,0,0,0,0,0,0,0,1,0,1,"Guerrilla groups"
2645,0,0,0,0,0,0,0,0,0,0,0,1,0,1,"Guerrilla groups"
2656,0,0,0,0,0,0,0,0,0,0,1,0,0,1,"Paramilitary groups"
2657,0,0,0,0,0,0,0,0,1,0,0,1,0,0,"Guerrilla groups"
2658,0,0,0,0,1,1,0,0,1,0,0,0,0,0,"Paramilitary groups"
2678,0,1,0,0,0,0,0,0,0,0,0,1,0,0,"Guerrilla groups"
2741,0,0,0,0,1,1,0,0,0,0,0,0,0,1,"Paramilitary groups"
2755,0,0,1,0,0,0,0,0,0,0,0,0,1,1,"Guerrilla groups"
2756,0,0,1,0,0,0,0,0,0,0,0,0,1,1,"Guerrilla groups"
2757,0,0,1,0,0,0,0,0,0,0,0,0,1,1,"Guerrilla groups"
2758,0,0,1,0,0,0,0,0,0,0,0,0,1,1,"Guerrilla groups"
2759,0,0,1,0,0,0,0,0,0,0,0,0,1,1,"Guerrilla groups"
2776,0,1,0,0,0,0,0,0,0,0,0,0,1,0,"Paramilitary groups"
2777,0,0,1,0,1,0,0,0,0,0,0,0,0,0,"Paramilitary groups"
2778,0,0,1,0,1,0,0,0,0,0,0,0,0,0,"Paramilitary groups"
2779,0,0,1,0,1,0,0,0,0,0,0,0,0,0,"Paramilitary groups"
2792,1,0,1,0,1,0,0,0,1,0,0,0,0,0,"Paramilitary groups"
2794,0,0,1,0,0,0,0,0,0,0,0,0,0,1,"Paramilitary groups"
2804,0,0,0,1,0,0,0,1,0,0,0,0,0,0,"Other armed groups"
2806,0,0,1,0,0,0,0,0,0,1,0,1,0,0,"Guerrilla groups"
2807,0,0,1,0,0,0,0,0,0,0,0,1,0,0,"Guerrilla groups"
2808,0,0,1,0,0,0,0,0,0,0,0,1,0,0,"Guerrilla groups"
2821,1,0,0,0,1,0,0,1,0,0,0,0,0,0,"Other armed groups"
2835,0,0,1,0,0,0,0,0,0,0,0,0,0,1,"Paramilitary groups"
2839,0,0,1,0,0,0,0,0,0,0,0,0,0,1,"Paramilitary groups"
2840,0,0,0,0,1,1,1,0,0,0,0,0,0,0,"Guerrilla groups"
2841,0,1,1,0,0,0,0,0,0,0,0,0,1,1,"Guerrilla groups"
2842,0,1,1,0,0,0,0,0,0,0,0,0,1,1,"Guerrilla groups"
2843,0,0,1,0,1,1,0,0,0,0,0,0,0,1,"Guerrilla groups"
2844,0,0,1,0,0,0,0,0,0,0,0,0,0,1,"Guerrilla groups"
2845,0,0,1,0,1,0,0,0,0,0,0,0,0,1,"Guerrilla groups"
2860,1,0,0,1,0,0,0,1,0,0,0,0,0,1,"Paramilitary groups"
2863,0,0,1,0,0,0,0,0,0,0,0,0,0,1,"Other armed groups"
2882,0,0,1,1,1,1,0,0,0,0,0,0,0,1,"Guerrilla groups"
2883,0,0,1,1,1,1,0,0,0,0,0,0,0,1,"Guerrilla groups"
2884,0,0,1,1,1,1,0,0,0,0,0,0,0,1,"Guerrilla groups"
2885,0,0,1,1,1,1,0,0,0,0,0,0,0,1,"Guerrilla groups"
2895,0,0,0,0,0,0,0,0,0,0,0,0,1,1,"Other armed groups"
2896,0,0,0,0,0,0,0,0,0,0,0,0,1,1,"Other armed groups"
2897,0,0,0,0,0,0,0,0,0,0,0,0,1,1,"Other armed groups"
2898,0,0,0,0,0,0,0,0,0,0,0,0,1,1,"Other armed groups"
2899,0,0,0,0,0,0,0,0,0,0,0,0,1,1,"Other armed groups"
2900,0,0,0,0,0,0,0,0,0,0,0,0,1,1,"Other armed groups"
2901,0,0,0,0,0,0,0,0,0,0,0,0,1,1,"Other armed groups"
2910,0,0,1,0,0,0,0,0,0,0,0,0,0,1,"Guerrilla groups"
2917,1,0,1,0,0,0,0,0,0,0,0,0,0,0,"Guerrilla groups"
2940,0,0,1,0,1,0,0,0,0,0,0,0,0,1,"Other armed groups"
2944,0,0,0,0,0,0,0,0,0,0,0,0,1,1,"Paramilitary groups"
2947,1,0,0,1,0,0,0,0,0,0,0,0,0,0,"Paramilitary groups"
2948,0,0,1,0,0,0,0,0,0,0,0,0,0,1,"Paramilitary groups"
2953,1,0,1,0,0,0,0,0,0,0,0,1,0,0,"Paramilitary groups"
2954,1,0,1,0,0,0,0,0,0,0,0,1,0,0,"Paramilitary groups"
2991,0,0,0,1,0,0,1,0,0,0,0,0,0,0,"Guerrilla groups"
2993,1,0,1,0,0,0,0,0,0,0,0,0,0,0,"Paramilitary groups"
2994,0,0,0,0,0,0,0,0,1,0,0,0,0,1,"Guerrilla groups"
2999,0,0,0,0,0,0,0,0,0,0,0,0,1,1,"Paramilitary groups"
3000,1,0,0,1,0,0,0,0,0,0,0,0,0,0,"Paramilitary groups"
3001,1,0,0,1,0,0,0,0,0,0,0,0,0,0,"Paramilitary groups"
3008,1,0,0,1,1,0,0,0,0,0,0,0,0,0,"Other armed groups"
3009,0,1,0,0,1,0,0,1,0,0,0,0,0,0,"Other armed groups"
3015,0,0,1,0,0,0,0,0,0,0,0,0,0,1,"Paramilitary groups"
3024,0,0,1,0,0,0,0,0,0,0,0,0,0,1,"Guerrilla groups"
3029,0,0,1,0,0,0,0,0,0,0,0,0,0,1,"Other armed groups"
3040,0,1,0,0,0,0,0,0,0,0,0,0,0,1,"Other armed groups"
3042,0,0,0,0,0,0,0,0,0,0,0,0,1,1,"Guerrilla groups"
3060,0,0,1,0,0,0,0,0,0,0,0,0,0,1,"Paramilitary groups"
3064,0,0,1,0,0,0,0,0,0,0,0,0,0,1,"Guerrilla groups"
3102,0,0,1,0,0,0,0,0,0,0,0,0,0,1,"Paramilitary groups"
3115,0,0,1,0,1,0,0,0,0,0,0,0,0,1,"Paramilitary groups"
3116,0,0,1,0,1,0,0,0,0,0,0,0,0,1,"Paramilitary groups"
3117,0,0,1,0,1,0,0,0,0,0,0,0,0,1,"Paramilitary groups"
3118,0,0,1,0,1,0,0,0,0,0,0,0,0,1,"Paramilitary groups"
3122,1,0,1,0,0,0,0,0,0,0,0,0,0,0,"Paramilitary groups"
3143,1,0,0,0,1,0,0,0,0,0,0,0,0,0,"Paramilitary groups"
3144,1,0,0,0,1,0,0,0,0,0,0,0,0,0,"Paramilitary groups"
3145,1,0,0,0,1,0,0,0,0,0,0,0,0,0,"Paramilitary groups"
3146,1,0,0,0,1,0,0,0,0,0,0,0,0,0,"Paramilitary groups"
3147,1,0,0,0,1,0,0,0,0,0,0,0,0,0,"Paramilitary groups"
3148,1,0,0,0,1,0,0,0,0,0,0,0,0,0,"Paramilitary groups"
3149,1,0,0,0,1,0,0,0,0,0,0,0,0,0,"Paramilitary groups"
3155,0,0,1,0,0,0,0,0,1,0,0,0,0,0,"Guerrilla groups"
3156,0,0,1,0,0,0,0,0,1,0,0,0,0,0,"Guerrilla groups"
3157,0,0,1,0,0,0,0,0,1,0,0,0,0,0,"Guerrilla groups"
3158,0,0,1,0,0,0,0,0,1,0,0,0,0,0,"Guerrilla groups"
3180,1,0,0,0,0,0,0,0,1,0,0,0,0,0,"Guerrilla groups"
3181,0,0,0,1,0,0,0,0,1,0,0,0,0,0,"Other armed groups"
3188,1,0,0,0,1,0,0,0,0,0,0,0,0,0,"Other armed groups"
3199,1,0,0,0,1,0,0,0,0,0,0,0,0,0,"Other armed groups"
3211,0,0,1,0,0,0,0,0,0,0,0,0,0,1,"Paramilitary groups"
3212,0,0,1,0,0,0,0,0,0,0,0,0,0,1,"Paramilitary groups"
3217,0,0,1,0,0,0,0,0,0,0,0,0,0,1,"Paramilitary groups"
3221,1,0,0,0,0,0,0,1,0,0,0,0,0,0,"Guerrilla groups"
3222,1,0,0,0,0,0,0,1,0,0,0,0,0,0,"Guerrilla groups"
3228,1,0,0,1,1,0,0,0,0,0,0,0,0,0,"Paramilitary groups"
3240,1,0,0,0,0,0,0,0,1,0,0,0,0,0,"Paramilitary groups"
3241,1,0,0,0,0,0,0,0,1,0,0,0,0,0,"Paramilitary groups"
3243,0,0,1,0,1,0,0,0,0,1,0,0,0,0,"Guerrilla groups"
3244,0,0,1,0,1,0,0,0,0,1,0,0,0,0,"Guerrilla groups"
3245,0,0,1,0,1,0,0,0,0,1,0,0,0,0,"Guerrilla groups"
3246,0,0,1,0,1,0,0,0,0,1,0,0,0,0,"Guerrilla groups"
3247,0,0,1,0,1,0,0,0,0,1,0,0,0,0,"Guerrilla groups"
3248,0,0,1,0,1,0,0,0,0,1,0,0,0,0,"Guerrilla groups"
3280,0,0,1,0,0,0,0,0,1,0,0,0,0,0,"Paramilitary groups"
3282,0,1,1,0,0,0,0,0,0,0,0,0,0,1,"Guerrilla groups"
3293,0,0,1,0,0,0,0,0,0,0,0,0,0,1,"Other armed groups"
3294,0,0,1,0,0,0,0,0,0,0,0,0,0,1,"Other armed groups"
3297,0,0,1,0,0,0,0,0,0,0,0,0,0,1,"Paramilitary groups"
3305,0,0,1,0,0,0,0,0,0,0,1,0,0,0,"Paramilitary groups"
3310,1,0,0,0,0,0,0,0,0,0,0,0,0,1,"Paramilitary groups"
3316,1,0,0,0,0,0,0,0,1,0,0,0,0,0,"Guerrilla groups"
3323,0,0,1,0,0,0,0,0,0,1,0,0,1,0,"Paramilitary groups"
3324,1,0,0,0,1,0,0,1,0,0,0,0,0,0,"Paramilitary groups"
3346,0,0,1,0,0,1,0,0,0,0,0,0,0,0,"Guerrilla groups"
3347,0,0,1,0,1,0,0,0,0,0,0,0,0,0,"Guerrilla groups"
3348,0,0,1,0,1,0,0,0,0,0,0,0,0,0,"Guerrilla groups"
3349,0,0,0,0,0,0,0,0,0,0,0,0,1,1,"Guerrilla groups"
3350,0,0,0,0,0,0,0,0,0,0,0,0,1,1,"Guerrilla groups"
3351,0,0,0,0,1,0,0,0,1,0,0,0,0,0,"Guerrilla groups"
3354,1,0,1,0,0,0,0,0,0,0,0,0,0,1,"Guerrilla groups"
3355,0,0,1,0,0,0,0,0,0,0,0,1,0,1,"Guerrilla groups"
3396,1,0,0,1,1,0,0,0,0,0,0,0,0,0,"Paramilitary groups"
3414,0,0,0,0,1,0,0,0,1,0,0,0,0,0,"Paramilitary groups"
3416,0,0,1,0,0,0,0,0,0,0,0,0,0,1,"Guerrilla groups"
3429,0,0,1,0,0,0,0,0,0,0,0,0,0,1,"Guerrilla groups"
3430,0,0,1,0,0,0,0,0,0,0,0,0,0,1,"Guerrilla groups"
3441,0,0,1,0,0,0,0,0,0,0,0,0,0,1,"Guerrilla groups"
3444,1,0,0,0,1,0,0,1,0,0,0,0,0,0,"Paramilitary groups"
3448,1,0,0,1,0,0,0,0,0,0,0,0,0,0,"Paramilitary groups"
3449,1,0,0,0,0,0,0,0,1,0,0,0,0,0,"Guerrilla groups"
3452,0,0,1,0,0,0,0,0,0,0,0,0,1,1,"Paramilitary groups"
3459,1,0,0,0,1,0,0,0,0,0,0,0,0,0,"Paramilitary groups"
3502,0,0,0,0,1,0,0,0,1,0,0,0,0,0,"Paramilitary groups"
3524,0,0,1,0,0,0,0,0,0,0,0,0,1,1,"Guerrilla groups"
3526,0,0,1,0,0,0,0,0,0,0,0,0,1,1,"Paramilitary groups"
3532,0,0,1,0,0,0,0,0,0,0,0,0,0,1,"Other armed groups"
3534,0,0,1,0,1,0,0,1,0,0,0,0,0,0,"Other armed groups"
3540,0,0,0,0,0,0,0,0,0,0,1,0,1,0,"Paramilitary groups"
3542,1,0,0,0,0,0,0,0,0,1,0,0,0,0,"Guerrilla groups"
3543,1,0,0,0,0,0,0,0,0,1,0,0,0,0,"Guerrilla groups"
3544,1,0,0,0,0,0,0,0,0,1,0,0,0,0,"Guerrilla groups"
3545,1,0,0,0,0,0,0,0,0,1,0,0,0,0,"Guerrilla groups"
3548,0,0,1,0,0,0,0,0,0,0,0,0,0,1,"Guerrilla groups"
3551,0,0,0,0,0,0,0,0,0,0,0,0,1,1,"Other armed groups"
3557,0,0,0,0,0,0,0,0,0,0,0,0,1,1,"Paramilitary groups"
3558,1,0,1,0,0,0,0,0,0,0,0,0,0,0,"Other armed groups"
3560,1,0,1,0,0,0,0,0,0,0,0,0,0,0,"Other armed groups"
3561,0,0,1,0,0,0,0,0,0,0,1,0,0,1,"Paramilitary groups"
3568,0,0,0,0,1,1,0,0,1,0,0,0,0,0,"Guerrilla groups"
3584,0,0,1,0,0,0,0,0,0,0,0,0,0,1,"Guerrilla groups"
3615,0,0,1,0,0,0,0,0,0,0,0,0,0,1,"Guerrilla groups"
3631,1,0,1,0,0,0,0,0,0,0,0,0,0,0,"Paramilitary groups"
3639,0,0,1,0,1,0,0,0,1,0,0,0,0,0,"Other armed groups"
3644,0,1,0,0,0,0,0,0,0,0,0,0,0,1,"Other armed groups"
3680,1,0,0,1,0,0,0,0,0,0,0,0,0,0,"Paramilitary groups"
3681,0,0,1,0,0,0,0,0,0,1,0,0,0,1,"Paramilitary groups"
3693,0,0,0,0,0,0,0,0,0,0,0,0,1,1,"Paramilitary groups"
3694,1,0,0,0,1,0,0,0,0,0,0,0,0,0,"Paramilitary groups"
3701,0,1,0,0,0,0,0,0,0,0,0,1,0,0,"Guerrilla groups"
3717,0,0,1,0,0,0,0,0,0,0,0,0,0,1,"Paramilitary groups"
3718,0,0,0,0,1,0,0,0,1,0,0,0,0,0,"Guerrilla groups"
3719,0,1,0,0,0,0,0,0,0,0,0,0,0,1,"Guerrilla groups"
3720,0,1,0,0,0,0,0,0,0,0,0,0,0,1,"Guerrilla groups"
3723,1,0,0,0,0,0,0,0,0,0,0,1,0,0,"Guerrilla groups"
3724,0,0,0,0,0,0,1,0,0,0,0,0,0,1,"Paramilitary groups"
3766,0,0,0,0,0,0,0,0,0,0,0,1,0,1,"Guerrilla groups"
3770,1,0,0,0,1,0,0,0,0,0,0,0,0,0,"Guerrilla groups"
3771,0,0,1,0,0,0,0,0,0,0,0,0,0,1,"Guerrilla groups"
3772,1,0,0,1,0,0,0,0,0,0,0,0,0,0,"Guerrilla groups"
3773,0,0,0,1,0,0,0,0,1,0,0,0,0,0,"Guerrilla groups"
3775,0,0,0,1,0,0,0,0,1,0,0,0,0,0,"Guerrilla groups"
3799,0,0,1,0,0,0,0,0,0,0,0,0,0,1,"Paramilitary groups"
3800,0,0,1,0,0,0,0,0,0,0,0,0,0,1,"Paramilitary groups"
3806,1,0,0,0,1,0,0,0,0,0,0,0,0,0,"Paramilitary groups"
3837,0,0,1,0,0,0,0,0,0,0,0,0,0,1,"Other armed groups"
3838,0,1,0,0,0,0,0,0,0,0,0,0,0,1,"Paramilitary groups"
3840,0,1,0,0,0,0,0,0,0,0,0,0,0,1,"Paramilitary groups"
3841,0,0,1,0,0,0,0,0,0,0,0,0,0,1,"Paramilitary groups"
3842,1,0,1,0,0,0,0,0,0,0,0,0,0,0,"Guerrilla groups"
3850,1,0,0,0,0,0,0,0,0,0,0,1,0,0,"Paramilitary groups"
3861,0,0,1,0,0,0,0,0,0,0,0,0,0,1,"Paramilitary groups"
3864,1,0,1,0,0,0,0,0,0,0,0,0,0,0,"Other armed groups"
3886,0,0,0,1,0,0,1,0,0,0,0,0,0,0,"Guerrilla groups"
3889,0,0,0,0,0,0,0,0,0,1,0,0,0,1,"Guerrilla groups"
3893,0,0,0,0,0,1,0,0,0,0,0,0,0,1,"Paramilitary groups"
3895,0,0,0,0,1,1,0,0,0,0,0,0,0,0,"Other armed groups"
3896,0,0,1,0,0,0,0,0,0,0,0,0,0,1,"Other armed groups"
3897,0,0,1,0,0,0,0,0,0,0,0,0,0,1,"Paramilitary groups"
3899,0,0,0,0,0,0,1,0,0,0,0,0,0,1,"Guerrilla groups"
3921,0,1,0,0,0,0,0,0,0,1,0,0,0,1,"Guerrilla groups"
3922,0,1,0,0,0,0,0,0,0,1,0,0,0,1,"Guerrilla groups"
3923,0,1,0,0,0,0,0,0,0,1,0,0,0,1,"Guerrilla groups"
3924,0,1,0,0,0,0,0,0,0,1,0,0,0,1,"Guerrilla groups"
3925,0,1,0,0,0,0,0,0,0,1,0,0,0,1,"Guerrilla groups"
3926,0,1,0,0,0,0,0,0,0,1,0,0,0,1,"Guerrilla groups"
3927,0,1,0,0,0,0,0,0,0,1,0,0,0,1,"Guerrilla groups"
3928,0,1,0,0,0,0,0,0,0,1,0,0,0,1,"Guerrilla groups"
3929,0,1,0,0,0,0,0,0,0,1,0,0,0,1,"Guerrilla groups"
3936,0,0,1,0,0,0,0,0,0,0,0,0,0,1,"Paramilitary groups"
3937,0,0,1,0,0,0,0,0,0,0,0,0,0,1,"Paramilitary groups"
3938,0,0,1,0,0,0,0,0,0,0,0,0,1,1,"Paramilitary groups"
3945,1,0,1,0,0,0,0,0,0,0,0,0,1,0,"Paramilitary groups"
3946,1,0,1,0,0,0,0,0,0,0,0,0,1,0,"Paramilitary groups"
3947,0,0,1,0,0,0,0,0,0,0,0,0,0,1,"Paramilitary groups"
3948,0,0,1,0,0,0,0,0,0,0,0,0,0,1,"Paramilitary groups"
3949,1,0,0,0,1,0,0,0,0,0,0,0,0,0,"Other armed groups"
3950,0,0,0,0,1,1,0,0,0,0,0,0,0,0,"Other armed groups"
3952,1,0,0,0,0,0,1,0,0,0,0,0,0,0,"Guerrilla groups"
3956,0,0,1,0,0,0,0,0,0,0,0,0,0,1,"Guerrilla groups"
3957,0,0,1,0,0,0,0,0,0,0,0,0,0,1,"Guerrilla groups"
3958,0,0,1,0,1,0,0,0,1,0,0,0,0,1,"Paramilitary groups"
3967,0,0,1,0,0,0,0,0,0,0,0,0,0,1,"Other armed groups"
3968,0,0,1,0,0,0,0,1,0,0,0,0,0,1,"Other armed groups"
3969,0,0,1,0,0,0,0,0,0,0,0,0,0,1,"Paramilitary groups"
3970,1,1,0,0,0,0,0,0,0,0,0,0,0,0,"Paramilitary groups"
3971,1,1,0,0,0,0,0,0,0,0,0,0,0,0,"Paramilitary groups"
3972,1,1,0,0,0,0,0,0,0,0,0,0,0,0,"Paramilitary groups"
3974,0,0,1,0,0,0,0,0,0,0,0,0,0,1,"Paramilitary groups"
3986,0,0,0,0,0,0,0,0,0,0,1,0,0,1,"Guerrilla groups"
3987,1,0,0,0,0,0,0,0,0,0,1,0,0,0,"Guerrilla groups"
3988,0,0,0,0,0,0,0,0,0,0,1,0,0,1,"Guerrilla groups"
3989,0,0,1,0,0,0,0,1,0,0,0,0,0,0,"Other armed groups"
4005,0,0,1,0,1,0,0,0,0,0,0,0,0,0,"Paramilitary groups"
4013,0,0,1,0,0,0,0,0,0,0,0,0,0,1,"Paramilitary groups"
4014,0,0,0,0,0,0,0,0,1,0,0,0,1,0,"Paramilitary groups"
4016,1,1,0,0,0,0,0,0,0,0,0,0,0,0,"Paramilitary groups"
4017,1,1,0,0,0,0,0,0,0,0,0,0,0,0,"Paramilitary groups"
4018,1,1,0,0,0,0,0,0,0,0,0,0,0,0,"Paramilitary groups"
4019,0,0,1,0,0,0,0,0,0,0,0,0,0,1,"Paramilitary groups"
4020,0,0,1,0,0,0,0,0,0,0,0,0,0,1,"Paramilitary groups"
4021,0,0,1,0,0,0,0,0,0,0,0,0,0,1,"Paramilitary groups"
4022,0,0,1,0,0,0,0,0,0,0,0,0,0,1,"Paramilitary groups"
4023,0,0,1,0,0,0,0,0,0,0,0,0,0,1,"Paramilitary groups"
4024,0,0,1,0,0,0,0,0,0,0,0,0,0,1,"Paramilitary groups"
4025,0,0,1,0,0,0,0,0,0,0,0,0,0,1,"Paramilitary groups"
4026,0,0,1,0,0,0,0,0,0,0,0,0,0,1,"Paramilitary groups"
4027,0,0,1,0,0,0,0,0,0,0,0,0,0,1,"Paramilitary groups"
4028,0,0,1,0,0,0,0,0,0,0,0,0,0,1,"Paramilitary groups"
4029,0,0,1,0,0,0,0,0,0,0,0,0,0,1,"Paramilitary groups"
4030,0,0,1,0,0,0,0,0,0,0,0,0,1,0,"Paramilitary groups"
4039,0,0,1,0,1,1,0,0,0,0,0,0,0,0,"Other armed groups"
4040,0,1,0,0,0,0,0,0,0,0,0,0,0,1,"Guerrilla groups"
4041,0,0,1,0,0,0,0,0,0,0,0,1,0,0,"Guerrilla groups"
4042,0,0,1,0,0,0,0,0,0,0,0,0,0,1,"Guerrilla groups"
4044,0,0,1,0,0,0,0,0,0,0,0,0,0,1,"Paramilitary groups"
4047,0,0,1,0,0,0,0,0,0,0,0,0,0,1,"Paramilitary groups"
4048,0,0,1,0,0,0,0,0,0,0,0,0,0,1,"Paramilitary groups"
4049,0,0,1,0,0,0,0,0,0,0,0,0,0,1,"Paramilitary groups"
4050,0,0,1,0,0,0,0,0,0,0,0,0,0,1,"Guerrilla groups"
4051,1,0,0,0,1,0,0,0,0,0,0,0,0,0,"Paramilitary groups"
4052,0,0,1,0,1,0,0,0,0,0,0,0,0,0,"Paramilitary groups"
4053,0,0,0,0,0,0,0,0,0,0,0,0,1,1,"Paramilitary groups"
4054,0,0,0,0,0,0,0,0,0,0,0,0,1,1,"Paramilitary groups"
4157,0,0,1,0,0,0,0,0,0,0,0,0,1,1,"Paramilitary groups"
4158,0,0,1,0,0,0,0,0,0,0,0,0,1,1,"Paramilitary groups"
4160,0,0,1,0,0,0,0,0,1,0,0,0,0,0,"Guerrilla groups"
4164,0,0,1,0,0,0,0,0,0,0,0,0,0,1,"Guerrilla groups"
4188,0,0,0,0,0,0,0,0,0,0,0,0,1,1,"Paramilitary groups"
4191,0,0,1,0,0,0,0,0,0,0,1,0,1,1,"Paramilitary groups"
4192,0,0,1,0,0,1,0,0,0,0,0,0,0,1,"Guerrilla groups"
4199,0,0,1,0,1,0,0,0,1,0,0,0,0,0,"Guerrilla groups"
4200,0,0,0,0,0,0,0,0,0,0,0,0,1,1,"Paramilitary groups"
4201,0,0,0,0,0,0,0,0,0,0,0,0,1,1,"Paramilitary groups"
4202,0,0,0,0,0,0,0,0,0,0,0,0,1,1,"Paramilitary groups"
4229,0,0,0,0,1,1,0,0,0,0,0,0,0,0,"Guerrilla groups"
4230,0,0,0,0,1,1,0,0,0,0,0,0,0,0,"Guerrilla groups"
4263,0,0,0,0,0,0,0,0,0,0,0,1,0,1,"Guerrilla groups"
4271,0,0,1,0,0,0,0,0,0,0,0,0,0,1,"Paramilitary groups"
4272,0,0,1,0,0,0,0,0,0,0,0,0,0,1,"Paramilitary groups"
4279,0,0,1,0,0,0,0,0,0,0,0,0,0,1,"Paramilitary groups"
4280,0,0,1,0,0,0,0,0,0,0,0,0,0,1,"Paramilitary groups"
4281,1,0,0,0,1,0,0,0,0,0,0,0,0,0,"Paramilitary groups"
4283,1,0,0,1,0,0,0,0,0,0,0,0,0,0,"Other armed groups"
4284,0,0,1,0,1,0,0,0,0,0,0,0,0,0,"Guerrilla groups"
4285,0,0,1,0,1,0,0,0,0,1,0,0,0,0,"Paramilitary groups"
4286,0,0,0,0,0,0,0,0,0,0,0,0,1,1,"Guerrilla groups"
4287,0,0,0,0,0,0,0,0,0,0,0,0,1,1,"Guerrilla groups"
4288,0,0,0,0,0,0,0,0,0,0,0,0,1,1,"Guerrilla groups"
4289,0,0,0,0,0,0,0,0,0,0,0,0,1,1,"Guerrilla groups"
4290,0,0,0,0,0,0,0,0,0,0,0,0,1,1,"Guerrilla groups"
4296,0,0,1,0,0,0,0,0,0,0,0,0,1,1,"Other armed groups"
4298,0,0,1,0,0,0,0,0,0,1,0,0,0,0,"Paramilitary groups"
4306,1,0,0,0,0,0,0,1,0,0,0,0,0,0,"Guerrilla groups"
4307,1,0,0,0,0,0,0,1,0,0,0,0,0,0,"Guerrilla groups"
4309,0,0,1,0,0,0,0,0,0,0,0,0,0,1,"Guerrilla groups"
4310,0,0,1,0,0,0,0,0,0,0,0,0,0,1,"Guerrilla groups"
4315,0,0,1,0,0,0,0,0,0,0,1,0,0,0,"Other armed groups"
4321,0,0,1,0,0,0,0,0,0,0,0,0,1,1,"Guerrilla groups"
4322,0,0,0,0,1,0,0,0,1,0,0,0,0,0,"Guerrilla groups"
4323,0,1,0,0,0,0,0,0,0,0,0,0,1,0,"Guerrilla groups"
4328,0,0,0,0,1,1,0,0,0,0,0,0,0,0,"Guerrilla groups"
4330,0,0,1,0,0,0,0,0,0,0,0,0,0,1,"Guerrilla groups"
4331,0,0,1,0,0,0,0,0,0,0,0,0,0,1,"Guerrilla groups"
4332,0,0,1,0,0,0,0,0,0,0,0,0,0,1,"Guerrilla groups"
4338,0,0,1,0,0,0,0,0,0,0,0,0,0,1,"Guerrilla groups"
4339,0,0,1,0,0,0,0,0,0,0,0,0,0,1,"Paramilitary groups"
4341,0,0,0,0,1,0,0,0,0,0,0,0,0,1,"Paramilitary groups"
4346,1,0,0,1,0,0,0,0,0,0,0,0,0,0,"Paramilitary groups"
4353,1,0,1,0,0,0,0,0,0,0,0,0,0,0,"Other armed groups"
4368,1,0,0,1,0,0,0,0,0,0,0,0,0,0,"Other armed groups"
4369,1,0,0,1,0,0,0,0,0,0,0,0,0,0,"Other armed groups"
4371,1,0,0,0,0,0,0,0,1,0,0,0,0,0,"Guerrilla groups"
4380,0,0,1,0,0,0,0,0,0,0,0,1,0,0,"Other armed groups"
4381,0,0,1,0,0,0,0,0,0,0,0,1,0,0,"Other armed groups"
4382,0,0,1,0,0,0,0,1,0,0,0,0,0,0,"Other armed groups"
4383,0,0,0,0,0,0,0,0,0,0,0,0,1,1,"Guerrilla groups"
4384,0,0,0,0,0,0,0,0,0,0,0,0,1,1,"Guerrilla groups"
4385,0,0,0,0,0,0,0,0,0,0,0,0,1,1,"Guerrilla groups"
4386,0,0,0,0,0,0,0,0,0,0,0,0,1,1,"Guerrilla groups"
4392,1,0,0,1,0,0,0,0,0,0,0,0,0,0,"Other armed groups"
4393,0,0,0,0,1,0,0,0,0,1,0,0,0,0,"Paramilitary groups"
4394,0,0,1,0,0,0,0,0,0,0,1,0,0,0,"Guerrilla groups"
4395,0,0,1,0,0,0,0,1,0,0,0,0,0,0,"Paramilitary groups"
4409,0,0,0,1,0,0,0,1,1,0,0,0,0,0,"Guerrilla groups"
4410,0,0,0,0,0,0,1,0,1,0,0,0,0,0,"Guerrilla groups"
4411,0,0,0,0,0,0,1,0,1,0,0,0,0,0,"Guerrilla groups"
4422,0,0,1,0,1,0,1,0,0,0,0,0,0,0,"Guerrilla groups"
4432,0,0,1,0,0,0,0,0,0,0,0,0,0,1,"Guerrilla groups"
4433,0,0,1,0,0,0,0,0,0,0,0,0,0,1,"Guerrilla groups"
4434,0,0,1,0,0,0,0,0,0,0,0,0,0,1,"Guerrilla groups"
4435,0,0,1,0,0,0,0,0,0,0,0,0,0,1,"Guerrilla groups"
4436,0,0,1,0,0,0,0,0,0,0,0,0,0,1,"Guerrilla groups"
4451,0,0,0,0,0,0,0,0,0,0,0,0,1,1,"Paramilitary groups"
4452,0,0,0,0,0,0,0,0,0,0,0,0,1,1,"Paramilitary groups"
4453,0,0,0,0,0,0,0,0,0,0,0,0,1,1,"Paramilitary groups"
4458,0,0,1,0,0,0,0,0,0,0,0,0,0,1,"Paramilitary groups"
4459,0,0,1,0,0,0,0,0,0,0,0,0,0,1,"Paramilitary groups"
4475,0,0,1,0,0,0,0,0,0,0,0,0,0,1,"Other armed groups"
4477,0,0,1,0,0,0,0,0,0,0,0,0,1,1,"Paramilitary groups"
4478,0,0,1,0,0,0,0,0,0,0,0,0,1,1,"Paramilitary groups"
4482,0,0,1,0,0,0,0,0,0,0,0,0,0,1,"Paramilitary groups"
4483,0,0,1,0,0,0,0,0,0,0,0,0,0,1,"Paramilitary groups"
4500,0,0,0,0,0,0,0,0,1,0,1,0,0,0,"Paramilitary groups"
4503,1,0,0,1,0,1,0,0,0,0,0,0,0,0,"Other armed groups"
4505,1,0,0,1,0,0,0,0,0,0,0,0,0,0,"Other armed groups"
4507,0,0,1,0,0,0,0,0,0,0,0,0,0,1,"Other armed groups"
4512,0,0,1,0,0,0,0,0,0,0,0,0,0,1,"Guerrilla groups"
4513,0,0,1,0,0,0,0,0,0,0,0,0,0,1,"Other armed groups"
4514,0,0,1,0,0,0,0,0,0,0,0,0,0,1,"Guerrilla groups"
4515,0,0,0,0,0,0,1,0,0,0,0,0,0,1,"Guerrilla groups"
4516,0,0,1,0,0,0,0,0,0,0,0,0,0,1,"Guerrilla groups"
4517,0,0,0,0,0,0,0,0,0,0,0,0,1,1,"Guerrilla groups"
4518,0,0,0,0,0,0,1,0,0,0,0,0,1,1,"Guerrilla groups"
4519,0,0,0,0,0,0,1,0,0,0,0,0,1,1,"Guerrilla groups"
4520,0,0,0,0,0,0,1,0,0,0,0,0,1,1,"Guerrilla groups"
4521,0,0,0,0,0,0,1,0,0,0,0,0,1,1,"Guerrilla groups"
4522,0,0,0,0,0,0,1,0,0,0,0,0,1,1,"Guerrilla groups"
4523,0,0,0,0,0,0,1,0,0,0,0,0,1,1,"Guerrilla groups"
4524,0,0,0,0,0,0,1,0,0,0,0,0,1,1,"Guerrilla groups"
4531,0,0,0,0,0,0,1,0,0,0,0,0,0,1,"Guerrilla groups"
4540,0,0,0,0,0,0,1,0,0,0,0,0,0,1,"Other armed groups"
4542,0,0,1,0,0,0,0,0,0,0,0,0,0,1,"Guerrilla groups"
4549,0,0,1,1,0,0,0,0,0,0,0,0,0,0,"Other armed groups"
4550,0,0,1,1,0,0,0,0,0,0,0,0,0,0,"Other armed groups"
4551,0,0,1,1,0,0,0,0,0,0,0,0,0,0,"Other armed groups"
4552,0,0,1,0,0,0,0,0,0,0,0,0,0,1,"Guerrilla groups"
4554,0,0,1,0,0,0,0,0,0,0,0,0,0,1,"Guerrilla groups"
4556,0,0,1,0,0,0,0,0,0,0,1,0,1,0,"Guerrilla groups"
4569,1,0,0,1,0,0,0,0,0,0,0,0,0,0,"Other armed groups"
4570,0,0,1,0,0,0,0,0,0,0,0,0,1,1,"Guerrilla groups"
4571,0,0,1,0,0,0,0,0,0,0,0,0,1,1,"Guerrilla groups"
4572,0,0,0,0,0,0,0,0,0,0,1,0,0,1,"Paramilitary groups"
4573,0,0,0,0,0,0,0,0,0,0,1,0,0,1,"Paramilitary groups"
4574,0,0,1,0,0,0,0,0,0,0,0,0,0,1,"Paramilitary groups"
4575,0,0,1,0,0,0,0,0,0,0,0,0,0,1,"Paramilitary groups"
4576,1,0,0,1,0,0,0,0,0,0,0,0,0,0,"Paramilitary groups"
4578,0,0,1,0,0,0,0,0,0,0,0,0,1,1,"Guerrilla groups"
4579,0,0,1,0,0,0,0,0,0,0,0,0,1,1,"Guerrilla groups"
4580,0,0,1,0,1,0,0,0,1,0,0,0,0,0,"Guerrilla groups"
4581,0,0,1,0,1,0,0,0,1,0,0,0,0,0,"Guerrilla groups"
4583,0,0,1,0,0,0,0,0,0,1,0,0,0,0,"Guerrilla groups"
4584,0,0,1,0,0,0,0,0,0,1,0,0,0,0,"Guerrilla groups"
4593,0,1,0,0,1,0,0,0,0,0,0,0,0,0,"Guerrilla groups"
4594,1,0,0,0,1,0,0,0,0,0,0,0,0,0,"Guerrilla groups"
4595,0,0,1,0,0,0,0,0,0,0,0,0,1,1,"Guerrilla groups"
4596,0,0,1,0,0,0,0,0,0,0,0,0,1,1,"Guerrilla groups"
4597,0,0,0,0,1,0,0,0,1,0,0,0,0,0,"Guerrilla groups"
4600,0,1,0,0,0,0,0,0,0,0,0,0,0,1,"Guerrilla groups"
4601,0,0,1,0,0,0,0,0,0,0,0,0,0,1,"Guerrilla groups"
4604,0,0,1,0,0,1,0,0,0,0,0,0,0,0,"Paramilitary groups"
4605,0,0,1,0,0,1,0,0,0,0,0,0,0,0,"Paramilitary groups"
4613,0,0,0,0,1,0,0,1,0,0,0,0,0,0,"Other armed groups"
4614,0,0,0,0,0,0,0,0,0,1,0,0,1,1,"Paramilitary groups"
4616,0,0,0,0,1,0,0,0,1,0,0,0,0,0,"Guerrilla groups"
4617,0,0,0,0,1,0,0,0,1,0,0,0,0,0,"Guerrilla groups"
4618,1,0,1,0,0,0,0,0,0,0,0,0,0,0,"Paramilitary groups"
4619,1,0,1,0,0,0,0,0,0,0,0,0,0,0,"Paramilitary groups"
4621,0,0,0,0,0,0,0,0,0,0,0,0,1,1,"Other armed groups"
4622,0,0,1,0,0,0,0,0,0,0,0,0,0,1,"Paramilitary groups"
4630,0,0,1,0,1,0,0,1,0,0,0,0,0,1,"Other armed groups"
4631,0,0,1,0,1,0,0,1,0,0,0,0,0,1,"Other armed groups"
4632,0,0,0,0,1,0,0,0,1,0,0,0,0,0,"Guerrilla groups"
4636,0,0,1,0,0,0,0,0,0,1,0,0,0,0,"Guerrilla groups"
4652,1,0,0,0,1,0,0,0,0,0,0,0,0,0,"Paramilitary groups"
4653,1,0,0,0,1,0,0,0,0,0,0,0,0,0,"Paramilitary groups"
4654,1,0,0,0,1,0,0,0,0,0,0,0,0,0,"Paramilitary groups"
4655,0,0,0,0,1,0,0,0,0,0,0,0,0,1,"Paramilitary groups"
4661,0,0,1,0,0,0,0,0,0,0,0,0,1,1,"Guerrilla groups"
4662,0,0,1,0,0,0,0,0,0,0,0,0,0,1,"Guerrilla groups"
4670,0,0,0,0,0,0,0,0,0,0,0,0,1,1,"Guerrilla groups"
4671,0,0,0,0,0,0,0,0,0,0,0,0,1,1,"Guerrilla groups"
4672,0,0,0,0,0,0,0,0,0,0,0,0,1,1,"Guerrilla groups"
4680,0,0,0,0,1,0,0,1,0,0,0,0,0,0,"Other armed groups"
4681,0,0,1,0,0,0,0,0,0,0,0,0,1,1,"Guerrilla groups"
4682,0,0,1,0,0,0,0,0,0,0,0,0,1,1,"Guerrilla groups"
4683,0,0,1,0,0,0,0,0,0,0,0,0,1,1,"Guerrilla groups"
4684,0,0,1,0,0,0,0,0,0,0,0,0,1,1,"Guerrilla groups"
4687,0,0,0,0,1,1,0,0,0,0,0,0,0,0,"Guerrilla groups"
4688,0,0,1,0,0,0,0,0,0,0,0,0,1,1,"Guerrilla groups"
4689,0,0,1,0,1,0,0,0,0,0,0,0,0,0,"Other armed groups"
4690,1,0,1,0,0,0,0,0,0,0,0,0,0,0,"Other armed groups"
4691,0,0,1,1,1,0,0,0,0,0,0,0,0,0,"Other armed groups"
4694,0,0,1,0,0,0,0,0,0,0,0,0,1,0,"Paramilitary groups"
4695,0,0,1,0,1,0,0,0,0,0,0,0,0,0,"Guerrilla groups"
4696,0,0,1,0,1,0,0,0,0,0,0,0,1,1,"Paramilitary groups"
4697,1,0,0,0,0,0,0,0,0,0,1,0,0,0,"Paramilitary groups"
4699,0,0,0,0,0,0,0,0,0,0,0,0,1,1,"Other armed groups"
4700,0,0,0,0,0,0,0,0,0,0,0,0,1,1,"Other armed groups"
4705,0,0,0,0,0,0,0,0,0,1,0,0,1,1,"Guerrilla groups"
4706,0,0,0,0,0,0,0,0,0,1,0,0,1,1,"Guerrilla groups"
4707,0,0,0,0,0,0,0,0,0,0,0,0,1,1,"Guerrilla groups"
4708,0,0,0,0,0,0,0,0,0,0,0,0,1,1,"Guerrilla groups"
4709,0,0,0,0,0,0,0,0,0,0,0,0,1,1,"Guerrilla groups"
4710,0,0,0,0,0,0,0,0,0,0,0,0,1,1,"Guerrilla groups"
4727,0,0,1,0,1,0,0,0,0,0,0,0,0,0,"Paramilitary groups"
4734,0,0,0,0,0,1,0,0,0,0,0,0,0,1,"Guerrilla groups"
4738,0,0,0,1,0,0,0,0,0,1,0,0,0,0,"Paramilitary groups"
4740,0,0,1,0,0,0,0,0,1,0,0,0,0,1,"Guerrilla groups"
4741,0,0,0,1,0,0,0,0,1,0,0,0,0,0,"Paramilitary groups"
4744,1,0,1,0,0,0,0,0,0,0,0,0,0,0,"Paramilitary groups"
4745,0,0,1,0,0,0,0,0,0,0,0,0,0,1,"Paramilitary groups"
4746,0,0,0,0,0,0,0,0,1,0,0,0,0,1,"Paramilitary groups"
4750,0,0,0,1,0,0,1,0,0,0,0,0,0,0,"Guerrilla groups"
4751,0,0,0,1,0,0,1,0,0,0,0,0,0,0,"Guerrilla groups"
4752,0,0,0,0,1,0,0,0,0,0,0,0,0,1,"Other armed groups"
4753,0,0,0,0,1,0,0,0,0,0,0,0,0,1,"Other armed groups"
4754,0,0,0,0,1,0,0,0,0,0,0,0,0,1,"Other armed groups"
4758,0,0,0,0,1,0,0,0,0,0,0,0,0,1,"Guerrilla groups"
4760,0,0,0,0,1,1,0,0,0,0,0,0,0,1,"Paramilitary groups"
4764,0,0,1,0,0,0,0,0,0,0,0,0,0,1,"Other armed groups"
4768,0,0,1,0,0,0,0,0,0,0,0,0,0,1,"Paramilitary groups"
4769,0,0,1,0,0,0,0,0,0,0,0,0,0,1,"Paramilitary groups"
4770,1,0,0,0,1,0,0,0,1,0,0,0,0,0,"Paramilitary groups"
4771,1,0,0,0,1,0,0,0,1,0,0,0,0,0,"Paramilitary groups"
4798,0,0,0,0,0,0,0,0,0,1,0,0,0,1,"Guerrilla groups"
4800,0,0,0,0,0,0,0,0,0,0,1,0,1,1,"Paramilitary groups"
4801,0,0,0,0,0,0,0,0,0,0,0,0,1,1,"Guerrilla groups"
4814,1,0,0,1,0,0,0,0,0,0,0,0,0,0,"Paramilitary groups"
4816,0,0,1,0,0,0,0,0,0,0,0,0,0,1,"Guerrilla groups"
4817,0,0,1,0,0,0,0,0,0,0,0,0,0,1,"Guerrilla groups"
4818,0,0,1,0,0,0,0,0,0,0,0,0,0,1,"Guerrilla groups"
4819,0,0,0,0,1,0,1,0,0,0,0,0,0,0,"Paramilitary groups"
4828,0,0,0,1,1,0,0,0,0,0,0,0,0,0,"Guerrilla groups"
4829,0,0,1,0,1,0,0,0,1,0,0,0,0,0,"Guerrilla groups"
4830,0,0,1,0,1,0,0,0,1,0,0,0,0,0,"Guerrilla groups"
4831,0,0,1,0,0,0,0,0,0,0,0,0,0,1,"Paramilitary groups"
4832,0,0,1,0,0,0,0,0,0,0,0,0,0,1,"Paramilitary groups"
4833,0,0,1,0,0,0,0,0,0,0,0,0,0,1,"Paramilitary groups"
4834,0,0,1,0,0,0,0,0,0,0,0,0,0,1,"Paramilitary groups"
4835,0,0,1,0,0,0,0,0,0,0,0,0,0,1,"Paramilitary groups"
4836,0,0,1,0,0,0,0,0,0,0,0,0,0,1,"Paramilitary groups"
4839,0,0,1,0,1,0,0,0,1,0,1,0,0,0,"Guerrilla groups"
4840,0,0,1,0,1,0,0,0,1,0,1,0,0,0,"Guerrilla groups"
4846,0,0,0,1,0,0,1,0,0,0,0,0,0,0,"Other armed groups"
4849,0,0,1,0,0,0,0,0,0,0,0,0,0,1,"Paramilitary groups"
4851,0,0,1,0,0,0,0,0,0,0,0,0,0,1,"Paramilitary groups"
4853,0,0,1,0,0,0,0,0,0,0,0,0,0,1,"Paramilitary groups"
4855,0,0,0,0,1,0,0,0,1,0,0,0,0,0,"Paramilitary groups"
4856,0,0,0,0,0,0,1,0,0,0,0,0,0,1,"Paramilitary groups"
4857,0,0,0,0,0,0,1,0,0,0,0,0,0,1,"Paramilitary groups"
4858,0,0,0,0,0,0,1,0,0,0,0,0,0,1,"Paramilitary groups"
4859,0,0,0,0,0,0,1,0,0,0,0,0,0,1,"Paramilitary groups"
4860,0,0,0,0,0,0,1,0,0,0,0,0,0,1,"Paramilitary groups"
4861,0,0,0,0,0,0,1,0,0,0,0,0,0,1,"Paramilitary groups"
4869,0,0,0,1,1,0,0,0,0,0,0,0,0,0,"Paramilitary groups"
4878,0,0,1,0,0,0,0,0,0,0,0,0,0,1,"Other armed groups"
4883,0,0,0,0,1,1,0,0,0,0,0,0,0,0,"Paramilitary groups"
4885,0,0,1,0,0,1,0,0,0,0,0,0,0,0,"Guerrilla groups"
4886,0,0,1,0,0,1,0,0,0,0,0,0,0,0,"Guerrilla groups"
4923,0,0,0,0,0,0,0,0,0,0,0,1,0,1,"Guerrilla groups"
4924,0,0,0,0,0,0,0,0,0,0,0,1,0,1,"Guerrilla groups"
4928,0,0,1,0,0,0,0,0,0,0,0,0,0,1,"Paramilitary groups"
4929,0,0,0,0,0,0,0,0,0,0,0,0,1,1,"Paramilitary groups"
4932,0,0,0,0,0,0,1,0,0,0,0,0,0,1,"Guerrilla groups"
4939,0,0,1,0,0,0,0,0,0,0,0,0,0,1,"Guerrilla groups"
4940,0,0,1,0,0,0,0,0,0,0,0,0,0,1,"Guerrilla groups"
4941,0,0,1,0,0,0,0,0,0,0,0,0,0,1,"Guerrilla groups"
4946,0,0,1,0,1,0,0,0,0,0,0,0,0,0,"Paramilitary groups"
4947,0,0,1,0,1,0,0,0,0,0,0,0,0,0,"Paramilitary groups"
4951,0,1,0,0,1,0,0,0,0,0,0,0,0,1,"Guerrilla groups"
4958,1,0,0,0,1,0,0,0,0,0,0,0,0,0,"Other armed groups"
4970,0,0,1,0,0,0,0,0,0,0,1,0,0,0,"Guerrilla groups"
4976,0,0,1,0,1,0,0,0,0,0,0,0,1,1,"Guerrilla groups"
4977,0,0,1,0,1,0,0,0,0,0,0,0,1,1,"Guerrilla groups"
4978,0,0,0,0,0,0,0,0,0,1,0,0,0,1,"Paramilitary groups"
4979,0,0,0,0,0,0,0,0,0,1,0,0,0,1,"Paramilitary groups"
5018,0,0,1,0,0,0,0,0,0,0,0,0,1,1,"Guerrilla groups"
5019,0,0,1,0,0,0,0,0,0,0,0,0,1,1,"Guerrilla groups"
5024,0,0,1,0,1,0,0,0,0,0,0,0,0,0,"Other armed groups"
5034,0,0,1,0,0,0,0,0,0,0,0,0,0,1,"Guerrilla groups"
5036,0,1,1,0,0,0,0,0,0,0,0,0,0,0,"Guerrilla groups"
5043,0,0,1,0,1,0,0,0,0,0,0,0,0,0,"Guerrilla groups"
5045,0,0,0,0,0,0,0,0,0,0,0,0,1,1,"Paramilitary groups"
5065,0,0,1,0,0,1,0,0,0,0,0,0,0,0,"Paramilitary groups"
5080,1,0,0,0,1,0,0,0,0,0,0,0,0,0,"Guerrilla groups"
5082,0,0,1,0,1,0,0,0,0,0,0,0,0,1,"Paramilitary groups"
5109,0,0,0,0,0,0,0,0,0,1,1,0,0,0,"Other armed groups"
5110,0,0,0,0,0,0,0,0,0,1,1,0,0,0,"Other armed groups"
5122,1,0,1,0,0,0,0,0,0,0,0,0,0,0,"Guerrilla groups"
5138,0,0,1,0,0,0,0,0,0,0,0,1,0,0,"Guerrilla groups"
5139,0,0,1,0,0,0,0,0,0,0,0,1,0,0,"Guerrilla groups"
5140,0,0,1,0,0,0,0,0,0,0,0,1,0,0,"Guerrilla groups"
5151,0,0,1,0,1,0,0,0,0,0,0,1,0,1,"Guerrilla groups"
5194,0,0,0,0,0,0,0,0,0,1,0,0,0,1,"Guerrilla groups"
5198,0,0,1,0,0,0,0,0,0,0,0,0,0,1,"Guerrilla groups"
5201,0,0,1,0,0,0,0,0,0,1,0,0,0,1,"Paramilitary groups"
5202,0,0,1,0,0,0,0,0,0,1,0,0,0,1,"Paramilitary groups"
5203,0,0,1,0,0,0,0,0,0,1,0,0,0,1,"Paramilitary groups"
5204,0,0,1,0,0,0,0,0,0,1,0,0,0,1,"Paramilitary groups"
5205,0,0,0,1,0,0,1,0,0,0,0,0,0,0,"Guerrilla groups"
5206,1,0,0,0,1,0,0,0,0,0,0,0,0,0,"Paramilitary groups"
5210,1,0,0,0,0,0,0,0,0,0,1,0,0,0,"Other armed groups"
5212,1,0,0,0,0,0,0,0,1,0,0,0,0,0,"Guerrilla groups"
5213,1,0,0,0,0,0,0,0,1,0,0,0,0,0,"Guerrilla groups"
5220,1,0,0,0,0,0,0,1,0,0,0,0,0,0,"Guerrilla groups"
5221,1,0,0,0,0,0,0,1,0,0,0,0,0,0,"Guerrilla groups"
5229,0,0,0,0,1,0,0,0,1,0,0,0,0,0,"Paramilitary groups"
5237,0,0,0,0,0,0,0,0,0,0,0,0,1,1,"Paramilitary groups"
5241,0,0,0,0,0,0,0,0,0,0,0,0,1,1,"Guerrilla groups"
5242,0,0,1,0,1,0,0,0,0,0,0,0,0,1,"Guerrilla groups"
5244,0,0,1,0,0,0,0,0,0,0,0,0,1,1,"Guerrilla groups"
5245,0,0,0,1,0,0,0,1,0,0,0,0,0,0,"Other armed groups"
5250,0,0,1,0,0,0,0,0,0,0,0,0,0,1,"Paramilitary groups"
5251,0,0,1,0,0,0,0,0,0,0,0,0,0,1,"Other armed groups"
5252,0,0,1,0,0,0,0,0,0,1,0,0,0,0,"Other armed groups"
5254,0,1,0,0,0,0,0,0,0,0,0,0,0,1,"Other armed groups"
5255,0,1,0,0,0,0,0,0,0,0,0,0,0,1,"Other armed groups"
5256,0,1,0,0,0,0,0,0,0,0,0,0,0,1,"Other armed groups"
5257,0,0,0,0,0,0,0,1,0,0,0,0,0,1,"Other armed groups"
5265,0,1,0,0,0,0,0,0,0,0,0,1,0,0,"Guerrilla groups"
5278,0,0,1,0,0,0,0,0,0,0,0,0,1,0,"Paramilitary groups"
5289,0,0,0,0,1,0,1,0,0,0,0,0,0,0,"Guerrilla groups"
5296,0,1,0,0,0,0,0,0,0,0,0,0,0,1,"Other armed groups"
5298,0,0,0,0,0,0,1,0,0,0,0,0,0,1,"Guerrilla groups"
5299,0,0,0,0,0,0,1,0,0,0,0,0,0,1,"Guerrilla groups"
5300,0,0,0,0,0,0,1,0,0,0,0,0,0,1,"Guerrilla groups"
5301,0,0,0,0,0,0,1,0,0,0,0,0,0,1,"Guerrilla groups"
5302,0,0,0,0,0,0,1,0,0,0,0,0,0,1,"Guerrilla groups"
5303,0,0,1,0,0,0,0,0,0,0,0,0,0,1,"Guerrilla groups"
5304,0,0,1,0,0,0,0,0,0,1,0,0,1,1,"Guerrilla groups"
5315,0,0,1,0,0,0,0,0,0,0,0,0,0,1,"Paramilitary groups"
5317,0,0,1,0,0,0,0,0,0,1,0,0,1,1,"Paramilitary groups"
5318,0,0,1,0,0,0,0,0,0,0,0,0,1,1,"Paramilitary groups"
5320,1,0,1,0,0,0,0,0,0,0,0,0,0,0,"Paramilitary groups"
5321,1,0,1,0,0,0,0,0,0,0,0,0,0,0,"Paramilitary groups"
5322,1,0,1,0,0,0,0,0,0,0,0,0,0,0,"Paramilitary groups"
5323,1,0,1,0,0,0,0,0,0,0,0,0,0,0,"Paramilitary groups"
5324,0,0,1,0,0,0,0,0,1,0,0,0,0,0,"Guerrilla groups"
5325,0,0,1,0,0,0,0,0,1,0,0,0,0,0,"Guerrilla groups"
5326,0,0,1,0,0,0,0,0,1,0,0,0,0,0,"Guerrilla groups"
5327,0,0,1,0,0,0,0,0,1,0,0,0,0,0,"Guerrilla groups"
5328,0,0,1,0,0,0,0,0,1,0,0,0,0,0,"Guerrilla groups"
5330,0,0,0,0,0,0,0,0,0,0,1,0,0,1,"Guerrilla groups"
5331,0,0,0,0,1,1,0,0,0,0,0,0,0,0,"Paramilitary groups"
5335,0,0,0,0,0,0,0,0,0,0,1,0,0,1,"Paramilitary groups"
5340,0,0,1,0,0,0,0,0,0,0,0,0,0,1,"Paramilitary groups"
5346,0,0,0,0,1,1,0,0,1,0,0,0,0,0,"Paramilitary groups"
5347,0,0,1,0,0,0,0,0,0,0,0,0,0,1,"Paramilitary groups"
5361,0,0,0,0,0,0,0,0,0,0,0,0,1,1,"Guerrilla groups"
5365,0,0,1,0,1,0,0,0,1,0,0,0,0,0,"Paramilitary groups"
5366,0,0,1,0,0,0,0,0,0,0,1,0,0,0,"Other armed groups"
5367,0,0,1,0,0,0,0,0,0,0,0,0,0,1,"Other armed groups"
5368,0,0,1,0,0,0,0,0,0,0,1,0,0,1,"Other armed groups"
5369,0,0,1,0,0,0,0,0,0,0,0,1,0,0,"Guerrilla groups"
5378,0,0,1,0,1,1,0,0,1,0,0,0,0,0,"Guerrilla groups"
5380,0,0,1,0,0,0,0,0,0,0,0,0,0,1,"Paramilitary groups"
5386,1,0,0,0,1,0,0,0,0,0,0,0,0,0,"Other armed groups"
5387,0,1,1,0,0,0,0,0,0,0,0,0,0,0,"Guerrilla groups"
5397,0,0,0,0,1,0,0,0,1,0,0,0,0,0,"Paramilitary groups"
5399,0,1,0,0,0,0,0,0,0,0,0,1,0,0,"Guerrilla groups"
5400,0,1,0,0,0,0,0,0,0,0,0,1,0,0,"Guerrilla groups"
5402,0,0,1,0,1,0,0,0,1,0,0,0,0,0,"Paramilitary groups"
5418,0,0,0,0,0,0,0,0,0,0,0,0,1,1,"Guerrilla groups"
5429,0,0,0,0,1,0,0,1,0,0,0,0,0,0,"Other armed groups"
5430,0,0,0,0,1,0,0,1,0,0,0,0,0,0,"Other armed groups"
5431,0,0,1,0,0,0,0,0,0,0,0,0,0,1,"Other armed groups"
5432,0,0,1,0,0,0,0,0,0,0,0,0,0,1,"Other armed groups"
5433,0,0,1,0,0,0,0,0,0,0,0,0,0,1,"Other armed groups"
5434,0,0,1,0,0,0,0,0,0,0,0,0,0,1,"Other armed groups"
5435,0,0,1,0,0,0,0,0,0,0,0,0,0,1,"Other armed groups"
5436,0,0,1,0,0,0,0,0,0,0,0,0,0,1,"Other armed groups"
5437,0,0,1,0,0,0,0,0,0,0,0,0,0,1,"Other armed groups"
5438,0,0,1,0,0,0,0,0,0,0,0,0,0,1,"Other armed groups"
5439,0,0,1,0,0,0,0,0,0,0,0,0,0,1,"Other armed groups"
5440,0,0,1,0,0,0,0,0,0,0,0,0,0,1,"Other armed groups"
5448,0,0,1,0,0,0,0,0,1,0,0,0,0,0,"Paramilitary groups"
5474,0,0,0,0,1,0,0,0,1,0,1,0,0,0,"Guerrilla groups"
5498,1,0,0,1,0,0,0,1,0,0,0,0,0,0,"Paramilitary groups"
5499,1,0,0,1,0,0,0,1,0,0,0,0,0,0,"Paramilitary groups"
5500,1,0,0,1,0,0,0,1,0,0,0,0,0,0,"Paramilitary groups"
5501,1,0,0,1,0,0,0,1,0,0,0,0,0,0,"Paramilitary groups"
5504,0,0,1,0,0,0,0,0,0,1,0,0,0,1,"Paramilitary groups"
5505,1,0,0,0,0,0,0,0,0,0,0,0,0,1,"Guerrilla groups"
5506,1,0,0,0,0,0,0,0,0,0,0,0,0,1,"Guerrilla groups"
5515,0,0,1,0,0,0,0,0,0,1,0,0,0,1,"Other armed groups"
5530,0,0,0,1,1,0,0,0,0,0,0,0,0,0,"Paramilitary groups"
5552,0,0,0,0,0,0,0,0,0,0,0,0,1,1,"Guerrilla groups"
5553,1,0,1,0,0,0,0,0,0,0,0,0,0,0,"Guerrilla groups"
5563,0,0,1,0,1,0,0,0,0,0,0,0,0,0,"Paramilitary groups"
5565,0,0,0,0,1,0,0,0,1,0,0,0,0,0,"Guerrilla groups"
5567,0,0,1,0,0,0,0,0,0,0,1,0,0,0,"Other armed groups"
5569,0,0,1,0,0,0,0,0,0,0,0,0,0,1,"Paramilitary groups"
5573,0,0,1,0,1,0,0,1,0,0,0,0,0,0,"Other armed groups"
5576,0,0,1,0,0,0,0,0,0,0,0,0,0,1,"Other armed groups"
5581,0,0,1,0,1,0,0,0,0,0,0,0,0,0,"Paramilitary groups"
5590,0,0,1,0,1,0,0,0,0,0,0,0,0,0,"Paramilitary groups"
5594,0,0,1,0,0,0,0,0,0,0,0,0,0,1,"Paramilitary groups"
5605,0,0,1,0,1,1,0,0,0,0,0,0,0,0,"Paramilitary groups"
5610,0,0,0,1,0,0,1,0,0,0,0,0,0,0,"Guerrilla groups"
5618,0,0,1,0,0,0,0,0,0,0,1,0,0,0,"Guerrilla groups"
5639,0,1,0,0,1,0,0,0,0,0,0,0,0,0,"Other armed groups"
5643,0,0,1,0,0,0,0,0,0,1,0,0,0,1,"Paramilitary groups"
5644,0,0,1,0,0,0,0,0,0,0,1,0,1,0,"Paramilitary groups"
5661,0,0,0,0,1,0,0,0,0,1,0,0,0,1,"Paramilitary groups"
5662,0,0,0,0,1,0,0,0,0,1,0,0,0,1,"Paramilitary groups"
5663,1,0,0,0,1,0,0,0,0,0,0,0,0,0,"Paramilitary groups"
5666,1,0,0,1,0,0,0,0,0,0,0,0,0,0,"Paramilitary groups"
5671,0,0,1,0,0,0,0,0,0,0,1,0,0,1,"Other armed groups"
5672,0,0,1,0,0,0,0,0,0,0,0,0,0,1,"Guerrilla groups"
5676,0,0,1,0,1,0,0,0,0,0,0,0,0,0,"Guerrilla groups"
5688,0,0,1,0,0,0,0,0,0,0,0,0,0,1,"Guerrilla groups"
5691,0,0,0,0,1,0,0,0,0,1,0,0,0,0,"Paramilitary groups"
5693,0,0,0,0,0,0,0,0,0,0,0,0,1,1,"Paramilitary groups"
5694,0,0,0,0,0,0,0,0,0,0,0,0,1,1,"Paramilitary groups"
5699,0,0,1,0,1,1,0,0,0,0,0,0,0,1,"Paramilitary groups"
5700,0,0,1,0,0,0,0,0,0,0,0,0,0,1,"Paramilitary groups"
5702,0,0,1,0,0,0,0,0,0,0,1,0,0,1,"Paramilitary groups"
5703,0,0,1,0,0,0,0,0,0,0,1,0,0,1,"Paramilitary groups"
5705,0,0,0,0,1,0,0,0,1,0,0,0,0,0,"Paramilitary groups"
5712,0,0,1,0,0,0,0,0,0,0,0,0,0,1,"Guerrilla groups"
5714,0,0,0,0,1,1,0,0,0,0,0,0,0,0,"Guerrilla groups"
5715,0,0,0,0,1,1,0,0,0,0,0,0,0,0,"Guerrilla groups"
5716,0,0,1,0,0,0,0,0,0,0,1,0,0,0,"Guerrilla groups"
5717,0,0,1,0,0,0,0,0,0,0,1,0,0,0,"Guerrilla groups"
5726,0,0,1,0,1,0,0,0,0,0,0,0,0,1,"Paramilitary groups"
5727,0,0,1,0,0,0,0,0,0,0,0,0,0,1,"Other armed groups"
5728,0,0,0,0,0,0,0,0,0,0,0,1,0,1,"Paramilitary groups"
5730,1,0,1,0,0,0,0,0,0,1,0,0,1,1,"Paramilitary groups"
5731,0,0,0,1,1,0,0,0,0,0,0,0,0,0,"Paramilitary groups"
5732,0,0,1,0,0,0,0,0,0,0,0,0,0,1,"Paramilitary groups"
5737,0,0,1,0,0,0,0,0,0,0,0,0,0,1,"Other armed groups"
5738,0,0,1,0,0,0,0,0,0,0,0,0,0,1,"Other armed groups"
5739,0,0,1,0,0,0,0,0,0,0,0,0,0,1,"Other armed groups"
5740,0,0,1,0,0,0,0,0,0,0,0,0,0,1,"Other armed groups"
5741,0,0,1,0,0,0,0,0,0,0,0,0,0,1,"Other armed groups"
5753,1,0,1,0,0,0,0,0,0,0,0,0,0,0,"Paramilitary groups"
5757,1,0,1,0,0,0,0,0,0,0,0,0,0,1,"Other armed groups"
5758,1,0,1,0,0,0,0,0,0,0,0,0,0,1,"Other armed groups"
5759,1,0,1,0,0,0,0,0,0,0,0,0,0,1,"Other armed groups"
5761,1,0,0,0,1,0,0,0,0,0,0,0,0,0,"Other armed groups"
5762,0,0,1,1,0,0,1,0,0,0,0,0,0,0,"Guerrilla groups"
5763,0,0,0,0,0,1,1,0,0,0,0,0,0,0,"Guerrilla groups"
5764,0,0,1,0,0,0,0,0,0,0,0,0,1,1,"Other armed groups"
5765,0,0,1,0,0,0,0,0,0,0,0,0,1,1,"Other armed groups"
5766,0,0,1,0,0,0,0,0,0,0,0,0,1,1,"Other armed groups"
5781,0,0,0,0,0,0,0,0,0,0,0,1,0,1,"Paramilitary groups"
5782,0,0,1,0,1,0,0,0,0,0,1,0,0,1,"Guerrilla groups"
5784,0,1,1,0,1,0,0,0,0,0,0,0,0,0,"Paramilitary groups"
5790,0,0,0,0,1,0,0,0,0,0,0,0,0,1,"Paramilitary groups"
5791,0,0,0,0,1,0,0,0,0,0,0,0,0,1,"Paramilitary groups"
5801,0,0,1,0,0,0,0,0,0,0,1,0,0,0,"Paramilitary groups"
5802,0,0,1,0,1,1,0,0,0,0,1,0,0,0,"Paramilitary groups"
5803,0,0,0,0,1,0,0,0,0,0,1,0,0,0,"Paramilitary groups"
5809,0,0,1,0,0,0,0,0,0,0,0,0,0,1,"Paramilitary groups"
5831,0,0,1,0,0,0,0,0,0,0,0,0,0,1,"Paramilitary groups"
5834,0,0,1,0,1,1,0,0,0,0,0,0,0,0,"Guerrilla groups"
5838,0,0,1,0,0,0,0,0,0,0,0,0,0,1,"Guerrilla groups"
5843,0,0,1,0,0,1,0,0,0,0,0,0,0,0,"Guerrilla groups"
5844,0,0,0,0,1,1,0,0,1,0,0,0,0,0,"Guerrilla groups"
5851,0,0,1,0,0,0,0,0,0,0,0,0,0,1,"Guerrilla groups"
5859,0,0,0,1,1,0,0,0,0,0,0,0,0,0,"Guerrilla groups"
5860,0,0,1,0,1,1,0,0,0,0,0,0,0,1,"Guerrilla groups"
5861,0,0,1,0,0,0,1,0,0,0,0,1,0,1,"Guerrilla groups"
5862,0,0,1,0,0,0,1,0,0,0,0,1,0,1,"Guerrilla groups"
5863,0,0,0,0,0,1,1,0,0,0,0,0,0,0,"Guerrilla groups"
5864,0,0,0,0,1,0,0,0,0,0,0,1,0,0,"Guerrilla groups"
5865,0,0,0,0,1,1,0,0,0,0,0,0,0,0,"Other armed groups"
5869,0,0,1,0,0,0,0,0,0,0,0,0,0,1,"Other armed groups"
5881,0,0,0,0,0,0,0,0,1,0,1,0,0,0,"Guerrilla groups"
5882,0,0,0,0,0,0,0,0,1,0,1,0,0,0,"Guerrilla groups"
5891,0,0,1,0,0,0,0,0,0,0,0,0,0,1,"Paramilitary groups"
5892,0,0,1,0,0,0,0,0,0,0,0,0,0,1,"Paramilitary groups"
5893,0,0,1,0,0,0,0,0,0,0,0,0,0,1,"Paramilitary groups"
5894,0,0,1,0,0,0,0,0,0,0,0,0,0,1,"Paramilitary groups"
5895,0,0,1,0,0,0,0,0,0,0,0,0,0,1,"Paramilitary groups"
5896,0,0,1,0,0,0,0,0,0,0,0,0,0,1,"Paramilitary groups"
5897,0,0,0,0,1,0,0,0,1,0,0,0,0,0,"Guerrilla groups"
5898,1,0,0,0,1,0,0,0,0,0,0,0,0,0,"Paramilitary groups"
5901,0,0,0,0,1,0,0,0,0,1,0,0,0,0,"Other armed groups"
5902,0,0,0,0,1,0,0,0,0,1,0,0,0,0,"Other armed groups"
5903,0,0,0,0,1,0,0,0,0,1,0,0,0,0,"Other armed groups"
5904,0,0,0,0,1,0,0,0,0,1,0,0,0,0,"Other armed groups"
5905,0,0,0,0,1,0,0,0,0,1,0,0,0,0,"Other armed groups"
5906,0,0,0,0,1,0,0,0,0,1,0,0,0,0,"Other armed groups"
5907,0,0,0,0,1,0,0,0,0,1,0,0,0,0,"Other armed groups"
5908,0,0,0,0,1,0,0,0,0,1,0,0,0,0,"Other armed groups"
5909,0,1,0,0,1,0,0,0,1,0,0,0,0,0,"Other armed groups"
5910,0,1,0,0,1,0,0,0,1,0,0,0,0,0,"Other armed groups"
5917,0,0,1,0,0,0,0,0,0,0,0,0,0,1,"Other armed groups"
5918,1,0,0,1,0,0,0,0,0,0,0,0,0,0,"Other armed groups"
5920,0,0,1,0,0,0,0,0,0,0,0,0,0,1,"Other armed groups"
5935,0,0,0,1,0,0,0,0,1,0,0,0,0,0,"Paramilitary groups"
5936,0,0,0,1,0,0,0,0,1,0,0,0,0,0,"Paramilitary groups"
5937,0,0,1,0,1,0,0,0,0,0,0,0,0,0,"Paramilitary groups"
5940,0,0,0,0,1,0,0,1,0,0,0,0,0,0,"Other armed groups"
5959,0,0,1,0,0,0,0,0,0,0,0,0,0,1,"Guerrilla groups"
5960,0,0,1,0,0,0,0,0,0,0,0,0,0,1,"Guerrilla groups"
5965,0,0,0,1,0,0,1,0,0,0,0,0,0,0,"Guerrilla groups"
5967,0,0,1,0,1,0,0,0,0,0,0,0,0,0,"Paramilitary groups"
5969,0,0,1,0,0,0,0,0,0,0,0,0,0,1,"Guerrilla groups"
5976,0,0,0,0,0,0,1,0,0,0,0,0,0,1,"Other armed groups"
5988,0,0,0,0,0,0,0,0,0,0,0,1,0,1,"Guerrilla groups"
5991,0,0,1,0,0,0,0,0,0,0,0,0,0,1,"Other armed groups"
5992,0,0,0,0,1,1,0,0,1,0,0,0,0,0,"Paramilitary groups"
5993,0,0,1,0,0,0,0,0,0,0,0,1,0,0,"Other armed groups"
5996,0,0,0,0,1,1,0,1,0,0,0,0,0,0,"Other armed groups"
5997,0,1,1,0,0,0,0,0,0,0,0,0,0,0,"Other armed groups"
6001,0,0,1,0,0,0,0,0,0,0,0,0,0,1,"Guerrilla groups"
6005,0,0,1,0,0,0,0,0,0,0,0,0,0,1,"Guerrilla groups"
6006,0,0,1,0,0,0,0,0,0,0,0,0,0,1,"Guerrilla groups"
6009,1,0,0,1,1,0,0,0,0,0,0,0,0,0,"Guerrilla groups"
6010,1,0,0,1,1,0,0,0,0,0,0,0,0,0,"Guerrilla groups"
6011,0,0,1,0,0,0,0,0,0,0,0,0,0,1,"Guerrilla groups"
6015,0,0,1,0,1,0,0,0,0,0,0,0,0,0,"Paramilitary groups"
6016,0,0,0,0,1,1,0,0,0,0,0,0,0,0,"Paramilitary groups"
6017,0,0,0,0,0,0,0,0,0,0,0,0,1,1,"Paramilitary groups"
6018,0,0,1,0,0,0,0,0,0,0,0,0,0,1,"Guerrilla groups"
6033,0,0,0,0,0,0,0,0,0,0,0,0,1,1,"Guerrilla groups"
6037,0,0,0,0,0,0,0,0,0,0,0,0,1,1,"Guerrilla groups"
6038,0,0,0,0,0,0,1,0,0,0,0,0,0,1,"Guerrilla groups"
6040,0,1,0,0,0,0,0,0,0,0,0,1,0,0,"Guerrilla groups"
6041,0,1,0,0,0,0,0,0,0,0,0,1,0,0,"Guerrilla groups"
6042,0,0,1,0,0,0,0,0,0,0,0,0,0,1,"Other armed groups"
6043,0,0,1,0,0,0,0,0,0,0,0,0,0,1,"Other armed groups"
6045,0,0,1,0,0,0,0,0,0,0,0,0,0,1,"Paramilitary groups"
6049,0,0,0,0,0,0,1,0,0,0,0,0,0,1,"Guerrilla groups"
6050,0,0,0,0,0,0,1,0,0,0,0,0,0,1,"Other armed groups"
6051,0,0,1,0,0,0,0,0,0,0,0,0,0,1,"Other armed groups"
6052,0,0,1,0,0,0,0,0,0,0,0,0,0,1,"Other armed groups"
6053,0,0,1,0,0,0,0,0,0,0,0,0,0,1,"Other armed groups"
6054,0,0,1,0,0,0,0,0,0,0,0,0,0,1,"Other armed groups"
6061,1,0,0,0,0,0,0,0,0,0,0,1,0,0,"Guerrilla groups"
6062,0,0,1,0,0,0,0,0,0,0,0,0,0,1,"Guerrilla groups"
6064,0,0,1,0,0,0,0,0,0,0,0,0,0,1,"Paramilitary groups"
6068,0,0,1,0,0,0,0,0,0,0,0,0,0,1,"Other armed groups"
6069,0,0,1,0,0,0,0,0,0,0,0,0,0,1,"Other armed groups"
6070,0,0,1,0,0,0,0,0,0,0,0,0,0,1,"Other armed groups"
6071,0,0,1,0,0,0,0,0,0,0,0,0,0,1,"Other armed groups"
6077,1,0,0,0,1,0,0,0,1,0,0,0,0,0,"Paramilitary groups"
6078,0,0,1,0,0,0,0,0,0,0,0,0,0,1,"Paramilitary groups"
6084,0,0,0,0,1,0,0,0,1,0,0,0,0,0,"Guerrilla groups"
6088,1,0,0,1,0,0,0,0,0,0,0,0,0,0,"Paramilitary groups"
6089,1,0,0,1,0,0,0,0,0,0,0,0,0,0,"Paramilitary groups"
6090,0,0,0,0,0,0,1,0,0,0,0,0,0,1,"Paramilitary groups"
6091,1,0,0,0,1,0,0,0,0,0,0,0,0,0,"Paramilitary groups"
6100,1,0,0,0,0,0,0,0,1,0,0,0,0,0,"Guerrilla groups"
6101,0,0,1,0,0,0,0,0,0,0,0,0,0,1,"Paramilitary groups"
6115,0,0,0,0,0,0,1,0,0,0,0,0,0,1,"Guerrilla groups"
6116,0,0,0,0,0,0,1,0,0,0,0,0,0,1,"Guerrilla groups"
6118,0,0,1,0,0,0,0,0,0,0,0,0,0,1,"Guerrilla groups"
6124,0,0,1,0,0,0,0,0,1,0,0,0,0,0,"Guerrilla groups"
6125,0,0,1,0,1,0,0,0,0,0,0,0,0,0,"Guerrilla groups"
6129,0,0,1,0,0,0,0,0,1,0,1,0,1,0,"Paramilitary groups"
6132,0,1,0,0,1,0,0,0,0,0,0,0,0,0,"Other armed groups"
6134,0,0,1,0,0,0,0,0,0,0,0,0,0,1,"Paramilitary groups"
6136,0,0,1,0,0,0,0,0,0,0,0,0,0,1,"Other armed groups"
6140,0,0,1,0,0,0,0,0,0,0,0,0,0,1,"Guerrilla groups"
6142,1,0,1,0,0,0,0,0,0,0,0,0,0,0,"Guerrilla groups"
6143,0,0,1,0,0,0,0,0,0,0,0,0,0,1,"Other armed groups"
6144,0,0,1,0,0,0,0,0,1,0,0,0,0,0,"Guerrilla groups"
6145,0,0,1,0,0,0,1,0,0,0,0,0,0,1,"Guerrilla groups"
6150,0,0,1,0,0,0,0,0,0,0,0,0,0,1,"Guerrilla groups"
6152,0,0,1,0,0,0,0,0,0,0,0,0,1,0,"Guerrilla groups"
6166,0,0,1,0,1,0,0,0,0,0,0,0,0,1,"Guerrilla groups"
6168,0,0,1,0,1,0,0,0,0,0,0,0,0,0,"Guerrilla groups"
6171,0,0,1,0,0,0,0,0,0,0,0,0,0,1,"Paramilitary groups"
6184,0,0,1,0,0,0,0,0,0,0,0,0,0,1,"Guerrilla groups"
6186,0,0,0,1,1,0,0,0,1,0,0,0,0,0,"Guerrilla groups"
6196,0,0,0,0,0,0,0,0,0,1,0,0,0,1,"Paramilitary groups"
6197,0,0,1,0,0,0,0,0,0,0,0,0,0,1,"Other armed groups"
6201,1,0,0,1,0,0,0,1,0,0,0,0,0,0,"Paramilitary groups"
6214,0,0,1,0,1,1,0,0,0,0,1,0,1,1,"Paramilitary groups"
6215,0,0,1,0,1,1,0,0,0,0,1,0,1,1,"Paramilitary groups"
6218,0,0,0,0,0,0,0,0,0,0,0,0,1,1,"Other armed groups"
6219,0,0,0,0,0,0,0,0,0,0,0,0,1,1,"Other armed groups"
6220,0,0,0,0,0,0,0,0,0,0,0,0,1,1,"Other armed groups"
6221,0,0,0,0,0,0,0,0,0,0,0,0,1,1,"Other armed groups"
6222,0,0,0,0,0,0,0,0,0,0,0,0,1,1,"Other armed groups"
6223,0,0,0,0,0,0,0,0,0,0,0,0,1,1,"Other armed groups"
6224,0,0,0,0,0,0,0,0,0,0,0,0,1,1,"Other armed groups"
6225,0,0,0,0,0,0,0,0,0,0,0,0,1,1,"Other armed groups"
6226,0,0,0,0,0,0,0,0,0,0,0,0,1,1,"Other armed groups"
6229,0,0,0,1,0,0,0,0,1,0,0,0,0,0,"Other armed groups"
6232,0,0,1,0,0,0,0,0,0,0,0,0,0,1,"Other armed groups"
6233,0,0,1,0,0,0,0,0,0,0,0,0,0,1,"Other armed groups"
6234,0,0,1,0,0,0,0,0,0,0,0,0,0,1,"Other armed groups"
6235,0,0,1,0,0,0,0,0,0,0,0,0,0,1,"Other armed groups"
6236,0,0,1,0,0,0,0,0,0,0,0,0,0,1,"Guerrilla groups"
6239,0,0,0,0,0,0,0,0,0,0,0,0,1,1,"Guerrilla groups"
6240,0,0,0,0,0,0,0,0,0,0,0,0,1,1,"Guerrilla groups"
6241,0,0,0,0,0,0,0,0,0,0,0,0,1,1,"Guerrilla groups"
6242,0,0,0,0,0,0,0,0,0,0,0,0,1,1,"Guerrilla groups"
6247,0,0,1,0,0,0,0,0,0,0,0,0,0,1,"Other armed groups"
6255,1,0,0,0,1,0,0,0,0,0,0,0,0,0,"Other armed groups"
6256,1,0,0,0,1,0,0,0,0,0,0,0,0,0,"Other armed groups"
6257,1,0,0,0,1,0,0,0,0,0,0,0,0,0,"Other armed groups"
6262,0,0,0,0,0,1,0,0,1,0,0,0,0,0,"Other armed groups"
6264,1,0,0,1,0,0,0,0,0,0,0,0,0,0,"Paramilitary groups"
6294,0,0,0,1,0,0,1,0,0,0,0,0,0,0,"Guerrilla groups"
6295,0,0,0,1,0,0,1,0,0,0,0,0,0,0,"Guerrilla groups"
6296,0,0,1,0,0,0,0,0,0,0,0,0,0,1,"Guerrilla groups"
6297,0,0,1,0,0,0,0,0,0,0,0,0,0,1,"Paramilitary groups"
6299,0,0,1,0,0,0,0,0,0,0,0,0,0,1,"Guerrilla groups"
6306,0,0,1,0,1,1,0,0,0,0,0,0,0,0,"Paramilitary groups"
6310,0,0,1,0,0,0,0,0,0,0,0,0,0,1,"Paramilitary groups"
6311,0,0,1,0,0,0,0,0,0,0,0,0,0,1,"Paramilitary groups"
6312,0,0,1,0,0,0,0,0,0,0,0,0,0,1,"Paramilitary groups"
6317,0,0,0,0,0,1,1,0,0,0,0,0,0,0,"Guerrilla groups"
6318,0,0,1,0,1,0,0,0,0,0,0,0,0,0,"Guerrilla groups"
6319,0,0,1,0,0,0,0,0,0,0,0,0,0,1,"Guerrilla groups"
6320,0,0,1,0,0,0,0,0,0,0,0,0,0,1,"Guerrilla groups"
6327,1,0,0,0,0,1,0,0,0,0,0,0,0,0,"Paramilitary groups"
6331,0,0,0,0,0,1,0,0,0,0,0,0,0,1,"Paramilitary groups"
6332,1,0,0,0,1,0,0,0,0,0,0,0,0,0,"Paramilitary groups"
6349,0,0,1,0,0,1,0,0,0,0,0,0,0,0,"Paramilitary groups"
6359,0,0,0,0,1,1,0,0,0,0,0,0,0,0,"Other armed groups"
6360,0,0,0,0,1,1,0,0,0,0,0,0,0,0,"Other armed groups"
6369,0,0,1,0,0,0,0,0,0,0,0,0,0,1,"Other armed groups"
6395,0,0,1,0,0,0,0,0,0,0,0,0,0,1,"Paramilitary groups"
6411,0,0,1,0,0,0,0,0,0,0,0,0,0,1,"Paramilitary groups"
6413,0,0,1,0,0,0,0,0,0,0,0,0,0,1,"Guerrilla groups"
6423,0,0,1,0,0,0,0,0,0,1,0,0,0,1,"Paramilitary groups"
6432,0,0,0,0,0,0,0,0,0,0,0,1,0,1,"Other armed groups"
6453,1,0,0,1,1,0,0,0,0,0,0,0,0,0,"Paramilitary groups"
6478,0,1,0,0,0,0,0,0,0,0,0,0,0,1,"Paramilitary groups"
6479,0,0,1,0,0,0,0,0,0,0,0,0,0,1,"Paramilitary groups"
6480,0,0,1,0,0,0,0,0,0,0,0,0,0,1,"Paramilitary groups"
6481,1,0,0,1,0,0,0,0,0,0,0,0,0,0,"Guerrilla groups"
6482,0,0,0,0,0,1,1,0,0,0,0,0,0,0,"Guerrilla groups"
6486,0,0,1,0,0,0,0,0,0,0,0,0,0,1,"Paramilitary groups"
6504,1,0,0,0,0,0,0,0,0,1,0,0,0,0,"Paramilitary groups"
6505,0,0,1,0,0,0,0,0,1,1,0,0,0,0,"Guerrilla groups"
6506,0,0,1,0,0,0,0,0,0,1,0,0,0,0,"Paramilitary groups"
6509,0,0,0,0,0,0,0,0,0,0,0,0,1,1,"Paramilitary groups"
6517,0,0,1,0,0,0,0,0,1,0,0,0,0,0,"Paramilitary groups"
6518,1,0,0,0,0,0,0,0,1,0,0,0,0,0,"Paramilitary groups"
6527,0,0,1,0,0,0,0,0,0,0,0,0,0,1,"Guerrilla groups"
6528,0,0,1,0,0,0,0,0,0,0,1,0,0,0,"Guerrilla groups"
6534,0,0,1,0,0,0,0,0,0,0,0,0,0,1,"Guerrilla groups"
6539,0,0,1,0,0,0,0,0,0,0,0,0,1,1,"Other armed groups"
6541,0,0,1,0,0,0,0,0,0,0,0,0,1,1,"Guerrilla groups"
6542,0,0,0,0,0,0,0,0,0,0,0,0,1,1,"Paramilitary groups"
6543,0,0,1,0,0,0,0,0,0,0,0,0,0,1,"Paramilitary groups"
6545,0,0,1,0,1,1,0,0,0,0,0,0,1,1,"Paramilitary groups"
6551,0,0,1,0,0,1,0,0,0,1,0,0,0,1,"Guerrilla groups"
6556,1,0,0,0,0,1,0,0,0,0,0,0,0,0,"Guerrilla groups"
6562,0,0,1,0,0,1,0,0,0,0,0,0,0,1,"Guerrilla groups"
6571,0,0,1,0,0,0,0,0,0,0,0,0,0,1,"Other armed groups"
6572,1,0,1,0,0,0,0,0,0,0,0,0,0,0,"Guerrilla groups"
6573,0,0,1,0,0,0,0,0,0,0,0,0,0,1,"Guerrilla groups"
6596,1,0,0,0,1,0,0,0,0,0,0,0,0,0,"Paramilitary groups"
6597,0,0,1,0,0,0,0,0,0,0,0,0,0,1,"Paramilitary groups"
6598,0,0,1,0,0,0,0,0,0,0,0,0,0,1,"Paramilitary groups"
6599,0,0,1,0,0,0,0,0,0,0,0,0,0,1,"Paramilitary groups"
6600,0,0,1,0,0,0,0,0,0,0,0,0,0,1,"Paramilitary groups"
6612,1,0,0,1,0,0,0,0,0,0,0,0,0,0,"Other armed groups"
6613,0,0,0,0,1,0,0,1,0,0,0,0,0,1,"Other armed groups"
6625,0,0,1,0,1,0,0,0,0,0,0,0,0,0,"Paramilitary groups"
6630,0,0,1,0,1,0,0,0,0,0,0,0,0,0,"Guerrilla groups"
6631,0,0,0,0,0,1,0,0,0,0,0,0,0,1,"Guerrilla groups"
6639,0,0,1,0,0,0,0,0,0,0,0,0,0,1,"Paramilitary groups"
6640,0,0,1,0,0,0,0,0,0,0,0,0,0,1,"Other armed groups"
6677,1,0,0,0,0,1,0,0,0,0,0,1,0,0,"Guerrilla groups"
6678,0,0,1,0,0,0,0,0,0,0,0,0,1,1,"Paramilitary groups"
6679,0,0,1,0,0,0,0,0,0,0,0,0,1,1,"Paramilitary groups"
6680,0,0,1,0,0,0,0,0,0,0,0,0,1,1,"Paramilitary groups"
6682,0,0,1,0,0,0,0,0,0,0,0,0,0,1,"Paramilitary groups"
6685,0,0,1,0,0,0,0,0,0,0,0,0,0,1,"Paramilitary groups"
6687,0,0,1,0,0,1,0,0,0,0,0,0,0,0,"Guerrilla groups"
6691,0,0,0,0,0,0,0,0,0,0,0,0,1,1,"Paramilitary groups"
6695,0,0,1,0,0,0,0,0,0,0,0,0,0,1,"Paramilitary groups"
6727,0,0,1,0,0,0,0,0,0,0,0,0,0,1,"Guerrilla groups"
6728,0,0,0,0,0,0,0,0,0,0,1,0,0,1,"Guerrilla groups"
6738,0,0,1,0,1,1,0,0,0,0,0,0,0,0,"Guerrilla groups"
6739,0,0,1,0,0,0,0,0,0,0,0,0,0,1,"Other armed groups"
6741,0,0,1,0,0,0,0,0,0,0,0,0,0,1,"Paramilitary groups"
6749,1,0,0,0,0,0,0,0,0,0,0,1,0,0,"Other armed groups"
6757,0,0,0,0,1,1,0,1,0,0,0,0,0,0,"Other armed groups"
6767,1,0,0,0,1,0,0,0,0,0,0,0,0,0,"Other armed groups"
6768,1,0,0,0,1,0,0,0,0,0,0,0,0,0,"Other armed groups"
6769,1,0,0,0,1,0,0,0,0,0,0,0,0,0,"Other armed groups"
6770,1,0,0,0,1,0,0,0,0,0,0,0,0,0,"Other armed groups"
6771,1,0,0,0,1,0,0,0,0,0,0,0,0,0,"Other armed groups"
6772,1,0,0,0,1,0,0,0,0,0,0,0,0,0,"Other armed groups"
6773,0,0,0,0,1,1,0,0,0,0,0,0,0,0,"Other armed groups"
6778,0,0,1,0,0,0,0,0,0,0,0,0,0,1,"Paramilitary groups"
6785,0,0,0,0,0,1,0,0,1,0,0,0,0,1,"Other armed groups"
6789,0,0,1,0,0,0,0,0,0,0,0,0,0,1,"Paramilitary groups"
6790,0,0,1,0,0,0,0,0,0,0,0,0,0,1,"Guerrilla groups"
6795,0,0,1,0,1,0,0,0,0,0,0,0,0,0,"Paramilitary groups"
6802,1,0,0,0,0,0,0,1,0,0,0,0,0,0,"Guerrilla groups"
6804,0,0,1,0,0,0,0,0,0,0,0,0,0,1,"Paramilitary groups"
6805,0,0,0,1,1,1,0,0,1,0,0,0,0,0,"Paramilitary groups"
6806,0,0,1,0,1,0,0,0,0,0,0,0,0,1,"Paramilitary groups"
6811,0,0,1,0,1,0,0,0,0,0,0,0,0,0,"Other armed groups"
6812,0,0,1,0,1,0,0,0,0,0,0,0,0,0,"Other armed groups"
6815,0,0,0,0,0,0,0,0,0,0,0,0,1,1,"Paramilitary groups"
6816,0,0,0,0,0,0,0,0,0,0,0,0,1,1,"Paramilitary groups"
6817,0,0,0,0,0,0,0,0,0,0,0,0,1,1,"Paramilitary groups"
6819,0,0,1,0,0,0,0,0,0,0,1,0,0,0,"Guerrilla groups"
6820,0,0,1,0,0,0,0,0,0,0,1,0,0,0,"Guerrilla groups"
6821,0,0,0,0,1,0,0,0,0,0,0,0,0,1,"Paramilitary groups"
6822,0,0,0,0,1,0,0,0,0,0,0,0,0,1,"Paramilitary groups"
6823,0,0,0,0,1,0,0,0,0,0,0,0,0,1,"Paramilitary groups"
6824,0,0,0,0,1,0,0,0,0,0,0,0,0,1,"Paramilitary groups"
6825,0,0,0,0,1,0,0,0,0,0,0,0,0,1,"Paramilitary groups"
6826,0,0,0,0,1,0,0,0,0,0,0,0,0,1,"Paramilitary groups"
6828,0,0,1,0,0,0,0,0,0,0,0,0,0,1,"Other armed groups"
6835,1,0,0,0,1,0,0,0,0,0,0,0,0,0,"Other armed groups"
6838,0,1,0,0,1,0,0,0,0,0,0,0,1,1,"Paramilitary groups"
6839,0,0,1,0,0,0,0,0,0,0,0,0,0,1,"Other armed groups"
6840,0,0,1,0,0,0,0,0,0,0,0,0,0,1,"Other armed groups"
6841,0,0,1,0,0,0,0,0,0,0,0,0,0,1,"Other armed groups"
6842,0,0,1,0,0,0,0,0,0,0,0,0,0,1,"Other armed groups"
6853,0,0,1,0,0,0,0,0,0,0,0,0,0,1,"Other armed groups"
6854,0,0,1,0,0,0,0,0,0,0,0,0,0,1,"Other armed groups"
6856,0,0,1,0,0,0,0,0,0,0,0,0,0,1,"Other armed groups"
6857,0,0,1,0,0,0,0,0,0,0,0,0,0,1,"Other armed groups"
6860,0,0,1,0,0,0,0,0,0,0,0,0,0,1,"Other armed groups"
6879,0,0,0,0,1,0,0,0,1,0,0,0,0,0,"Guerrilla groups"
6882,1,0,0,0,1,1,0,0,0,0,0,0,0,0,"Paramilitary groups"
6889,0,0,0,0,0,1,0,0,0,0,1,0,0,0,"Paramilitary groups"
6891,0,0,1,0,1,1,0,0,0,1,0,0,0,1,"Paramilitary groups"
6893,0,0,1,0,0,0,0,0,0,0,0,0,0,1,"Paramilitary groups"
6898,0,0,1,0,0,0,0,0,0,0,0,0,0,1,"Guerrilla groups"
6899,0,0,1,0,0,0,0,0,0,0,0,1,0,1,"Paramilitary groups"
6903,0,0,1,0,0,0,0,0,0,0,0,0,0,1,"Guerrilla groups"
6904,0,0,1,0,0,0,0,0,0,0,0,0,0,1,"Guerrilla groups"
6905,0,0,1,0,0,0,0,0,0,0,0,0,0,1,"Guerrilla groups"
6906,0,0,1,0,0,0,0,0,0,0,0,0,0,1,"Guerrilla groups"
6907,0,0,1,0,0,0,0,0,0,0,0,0,0,1,"Guerrilla groups"
6916,0,0,1,0,0,0,0,0,0,0,0,0,0,1,"Paramilitary groups"
6917,0,0,1,0,0,0,0,0,0,0,0,0,0,1,"Paramilitary groups"
6918,0,0,1,0,1,0,0,0,0,0,0,0,0,0,"Paramilitary groups"
6919,0,1,1,0,0,0,0,0,0,0,0,0,0,0,"Other armed groups"
6946,0,0,0,0,1,0,0,1,0,0,0,0,0,0,"Other armed groups"
6951,1,0,1,0,0,0,0,0,0,0,0,0,0,0,"Paramilitary groups"
6952,1,0,1,0,0,0,0,0,0,0,0,0,0,0,"Paramilitary groups"
6972,1,0,0,0,0,0,0,0,0,1,0,0,0,0,"Paramilitary groups"
6973,0,0,0,0,0,0,0,0,0,0,0,0,1,1,"Paramilitary groups"
6974,0,0,0,0,0,0,0,0,0,0,0,0,1,1,"Paramilitary groups"
6976,0,0,1,0,0,0,0,0,0,1,0,0,0,0,"Paramilitary groups"
6978,0,0,1,0,1,0,0,0,1,0,0,0,0,0,"Guerrilla groups"
6980,0,0,0,0,1,0,0,0,1,0,0,0,0,0,"Guerrilla groups"
6981,0,0,1,0,1,0,0,0,0,0,0,0,0,1,"Other armed groups"
6982,1,0,0,0,1,0,0,1,0,0,0,0,0,0,"Other armed groups"
6983,0,0,1,1,0,0,0,0,0,0,0,0,0,0,"Guerrilla groups"
6989,0,0,1,0,1,0,0,0,1,0,0,0,0,0,"Guerrilla groups"
6990,0,0,1,0,1,0,0,0,1,0,0,0,0,0,"Guerrilla groups"
6996,0,0,0,1,0,0,1,0,0,0,0,0,0,0,"Guerrilla groups"
6997,0,0,0,1,0,0,1,0,0,0,0,0,0,0,"Guerrilla groups"
6998,0,0,1,0,1,0,0,0,0,0,0,0,0,0,"Guerrilla groups"
7000,0,0,1,0,1,0,0,0,0,0,0,0,0,0,"Guerrilla groups"
7006,0,0,1,0,1,0,0,0,1,0,1,0,0,0,"Paramilitary groups"
7007,0,0,1,0,1,0,0,0,1,0,1,0,0,0,"Paramilitary groups"
7010,0,0,1,0,1,1,0,0,0,0,0,0,0,0,"Other armed groups"
7011,0,0,0,0,0,0,0,0,0,1,1,0,0,0,"Other armed groups"
7017,1,0,0,0,1,0,0,0,1,0,0,0,0,0,"Paramilitary groups"
7046,0,1,0,0,0,0,0,0,1,0,0,0,0,0,"Paramilitary groups"
7047,0,1,0,0,0,0,0,0,1,0,0,0,0,0,"Paramilitary groups"
7050,0,0,1,0,0,0,0,0,0,0,0,0,0,1,"Paramilitary groups"
7052,0,0,1,0,0,0,0,0,0,0,0,0,0,1,"Paramilitary groups"
7070,0,0,1,0,1,0,0,0,0,1,0,0,1,0,"Guerrilla groups"
7071,0,0,1,0,1,0,0,0,0,1,0,0,1,0,"Guerrilla groups"
7072,0,0,1,0,1,0,0,0,0,1,0,0,1,0,"Guerrilla groups"
7073,0,0,1,0,1,0,0,0,0,1,0,0,1,0,"Guerrilla groups"
7074,0,0,0,0,0,0,0,0,0,0,0,0,1,1,"Other armed groups"
7075,0,0,0,0,0,0,0,0,0,0,0,0,1,1,"Other armed groups"
7076,0,0,0,0,0,0,0,0,0,0,0,0,1,1,"Other armed groups"
7083,1,0,0,0,0,0,0,0,0,0,0,1,0,0,"Guerrilla groups"
7092,0,0,1,0,0,0,0,0,0,0,1,0,0,1,"Guerrilla groups"
7096,0,0,1,0,0,0,0,1,0,0,0,0,0,0,"Guerrilla groups"
7097,0,0,0,0,0,1,0,0,0,0,0,0,1,1,"Guerrilla groups"
7110,0,0,0,0,1,0,0,0,0,0,0,1,0,0,"Paramilitary groups"
7111,0,0,1,0,0,0,0,0,0,0,0,0,0,1,"Paramilitary groups"
7112,0,0,0,1,0,0,1,0,0,0,0,0,0,0,"Guerrilla groups"
7116,0,0,0,1,1,1,0,0,0,0,0,0,0,0,"Guerrilla groups"
7117,0,0,1,0,0,0,0,0,1,0,0,0,0,0,"Guerrilla groups"
7122,0,0,1,0,0,0,0,0,0,0,0,0,0,1,"Other armed groups"
7123,0,0,0,1,0,0,1,0,0,0,0,0,0,0,"Guerrilla groups"
7155,0,0,1,0,0,0,0,0,0,0,0,0,0,1,"Other armed groups"
7156,0,0,1,0,0,0,0,0,0,0,0,0,0,1,"Other armed groups"
7163,0,0,1,0,0,0,0,0,0,0,0,0,0,1,"Paramilitary groups"
7164,1,0,0,0,1,0,0,0,0,0,0,0,0,0,"Paramilitary groups"
7166,1,0,1,0,0,0,0,0,0,0,0,0,0,0,"Paramilitary groups"
7167,0,0,0,0,1,0,0,1,0,0,0,0,0,0,"Other armed groups"
7168,0,0,1,0,0,0,0,0,0,0,0,0,1,0,"Paramilitary groups"
7169,0,0,1,0,0,1,1,0,0,0,0,0,0,0,"Guerrilla groups"
7170,0,0,1,0,0,1,1,0,0,0,0,0,0,0,"Guerrilla groups"
7171,1,0,1,1,0,0,0,0,0,0,0,0,0,0,"Guerrilla groups"
7173,0,1,0,0,0,0,1,0,0,0,0,0,0,0,"Guerrilla groups"
7174,0,1,0,0,0,0,1,0,0,0,0,0,0,0,"Guerrilla groups"
7175,0,1,0,0,0,0,1,0,0,0,0,0,0,0,"Guerrilla groups"
7176,1,0,0,1,0,0,0,0,0,0,0,0,0,0,"Other armed groups"
7177,1,0,0,1,0,0,0,0,0,0,0,0,0,0,"Other armed groups"
7178,0,0,1,0,0,0,0,0,0,0,0,0,0,1,"Other armed groups"
7198,0,0,0,0,0,0,0,0,0,0,0,0,1,1,"Guerrilla groups"
7199,0,0,0,0,0,0,0,0,0,0,0,0,1,1,"Guerrilla groups"
7200,0,0,0,0,0,0,0,0,0,0,0,0,1,1,"Guerrilla groups"
7201,0,0,0,0,0,0,0,0,0,0,0,0,1,1,"Guerrilla groups"
7202,0,0,0,0,0,0,0,0,0,0,0,0,1,1,"Guerrilla groups"
7211,0,0,1,0,0,0,0,0,0,0,0,0,0,1,"Other armed groups"
7212,0,0,1,0,0,0,0,0,0,0,0,0,0,1,"Other armed groups"
7213,0,0,1,0,1,1,0,0,0,0,0,0,0,0,"Guerrilla groups"
7216,0,0,0,0,0,0,0,0,0,1,0,0,1,1,"Guerrilla groups"
7217,0,0,0,0,0,0,0,0,0,1,0,0,1,1,"Guerrilla groups"
7218,0,0,0,0,0,0,0,0,0,0,0,1,0,1,"Other armed groups"
7219,0,0,0,0,0,0,0,0,0,0,0,1,0,1,"Other armed groups"
7220,0,0,0,0,0,0,0,0,0,0,0,1,0,1,"Other armed groups"
7221,0,0,0,0,0,0,0,0,0,0,0,1,0,1,"Other armed groups"
7222,0,0,1,0,0,0,0,0,0,0,0,0,0,1,"Guerrilla groups"
7223,0,0,1,0,1,0,0,0,0,1,0,0,0,0,"Other armed groups"
7224,0,0,1,0,1,0,0,0,0,1,0,0,0,0,"Other armed groups"
7233,0,0,0,0,0,0,0,0,0,0,0,0,1,1,"Guerrilla groups"
7234,0,0,0,0,0,0,0,0,0,0,0,0,1,1,"Guerrilla groups"
7235,0,0,0,0,0,0,0,0,0,0,0,0,1,1,"Guerrilla groups"
7236,0,0,0,0,0,0,0,0,0,0,0,0,1,1,"Guerrilla groups"
7237,0,0,1,0,0,0,0,0,0,0,1,0,0,0,"Guerrilla groups"
7245,0,0,0,0,0,0,1,0,0,1,0,0,0,1,"Paramilitary groups"
7246,0,0,0,0,0,0,1,0,0,1,0,0,0,1,"Paramilitary groups"
7247,0,0,0,0,0,0,1,0,0,0,0,0,0,1,"Guerrilla groups"
7248,0,0,0,0,0,0,1,0,0,0,0,0,0,1,"Guerrilla groups"
7255,0,0,1,0,0,0,0,0,0,0,0,0,0,1,"Guerrilla groups"
7258,1,0,0,0,0,1,0,0,0,0,0,0,0,0,"Other armed groups"
7260,0,0,1,0,0,1,0,0,0,0,0,0,0,0,"Guerrilla groups"
7263,0,0,1,0,0,0,0,0,0,0,0,0,0,1,"Guerrilla groups"
7267,0,0,1,0,0,0,0,0,0,0,0,0,0,1,"Paramilitary groups"
7281,0,0,0,0,0,1,1,0,0,0,0,0,0,0,"Guerrilla groups"
7283,0,0,0,0,1,0,0,1,0,0,0,0,0,0,"Other armed groups"
7285,0,1,0,0,0,0,0,0,0,0,0,1,0,0,"Guerrilla groups"
7286,0,0,1,0,1,0,0,0,0,0,0,0,0,0,"Other armed groups"
7287,0,0,1,0,1,0,0,0,0,0,0,0,0,0,"Other armed groups"
7288,0,0,1,0,1,0,0,0,0,0,0,0,0,0,"Other armed groups"
7289,0,0,1,0,1,0,0,0,0,0,0,0,0,0,"Other armed groups"
7292,0,0,0,0,0,0,0,0,0,0,0,0,1,1,"Paramilitary groups"
7306,0,0,1,0,1,0,0,0,0,0,0,0,0,1,"Paramilitary groups"
7312,0,0,0,0,0,0,0,0,0,0,0,0,1,1,"Other armed groups"
7313,0,0,1,0,0,0,0,0,0,0,0,0,0,1,"Paramilitary groups"
7314,1,0,0,0,1,1,0,0,0,0,0,0,0,0,"Other armed groups"
7317,0,0,1,0,0,0,0,0,0,0,0,0,0,1,"Guerrilla groups"
7318,0,0,1,0,0,0,0,0,0,0,0,0,0,1,"Guerrilla groups"
7319,0,0,1,0,0,0,0,0,0,0,0,0,0,1,"Guerrilla groups"
7320,0,0,1,0,0,0,0,0,0,0,0,0,0,1,"Guerrilla groups"
7338,0,0,0,0,0,0,0,0,0,0,0,0,1,1,"Paramilitary groups"
7340,1,0,0,0,0,0,0,0,0,1,1,0,0,0,"Paramilitary groups"
7341,0,0,0,0,0,0,0,0,0,1,1,0,0,1,"Paramilitary groups"
7351,0,0,1,0,0,0,0,0,0,0,1,0,0,0,"Other armed groups"
7359,0,0,1,0,0,1,0,0,0,0,0,0,0,1,"Paramilitary groups"
7360,0,0,1,0,0,0,0,0,0,0,0,0,0,1,"Paramilitary groups"
7361,0,0,1,0,0,0,0,0,0,0,0,0,0,1,"Paramilitary groups"
7362,0,0,1,0,0,0,0,0,0,0,0,0,0,1,"Paramilitary groups"
7363,0,0,1,0,0,0,0,0,0,0,0,0,0,1,"Paramilitary groups"
7370,0,0,0,0,0,1,0,0,0,0,0,0,0,1,"Paramilitary groups"
7382,1,0,0,0,1,0,0,0,0,0,0,0,0,0,"Other armed groups"
7383,0,0,0,0,1,0,0,0,0,0,0,0,0,1,"Guerrilla groups"
7396,0,0,0,0,1,0,0,0,0,1,0,0,0,0,"Paramilitary groups"
7397,0,0,0,0,1,0,0,0,0,1,0,0,0,0,"Paramilitary groups"
7398,0,0,0,0,1,0,0,0,0,1,0,0,0,0,"Paramilitary groups"
7399,0,0,0,0,1,0,0,0,0,1,0,0,0,0,"Paramilitary groups"
7400,0,0,0,0,1,0,0,0,0,1,0,0,0,0,"Paramilitary groups"
7401,0,0,0,0,1,0,0,0,0,1,0,0,0,0,"Paramilitary groups"
7403,0,0,0,0,1,0,0,0,1,0,0,0,0,0,"Paramilitary groups"
7406,0,0,0,0,0,0,0,0,0,0,0,0,1,1,"Paramilitary groups"
7407,0,0,0,0,0,0,0,0,0,0,0,0,1,1,"Paramilitary groups"
7408,0,0,0,0,0,0,0,0,0,0,0,0,1,1,"Paramilitary groups"
7409,0,0,0,0,0,0,0,0,0,0,0,0,1,1,"Paramilitary groups"
7410,0,0,0,0,0,0,0,0,0,0,0,0,1,1,"Paramilitary groups"
7411,0,0,0,0,0,0,0,0,0,0,0,0,1,1,"Paramilitary groups"
7412,0,0,1,0,1,0,0,0,1,0,0,0,0,0,"Paramilitary groups"
7413,0,0,0,0,0,0,0,0,1,1,0,0,0,0,"Paramilitary groups"
7414,0,0,1,0,0,0,0,0,0,0,0,0,0,1,"Guerrilla groups"
7416,0,0,1,0,0,0,0,0,0,0,0,0,0,1,"Guerrilla groups"
7417,0,0,1,0,0,0,0,0,0,0,0,0,0,1,"Guerrilla groups"
7418,0,0,0,0,0,0,1,0,0,0,0,0,0,1,"Guerrilla groups"
7419,0,0,1,0,0,1,0,0,0,0,0,0,1,1,"Guerrilla groups"
7427,0,0,1,0,1,0,0,0,0,0,0,0,0,1,"Guerrilla groups"
7428,0,0,1,0,1,0,0,0,0,1,0,0,0,1,"Paramilitary groups"
7436,1,0,0,0,0,0,0,0,1,0,0,0,0,0,"Guerrilla groups"
7439,0,0,1,0,0,0,0,0,0,0,0,0,0,1,"Paramilitary groups"
7443,0,0,1,0,1,0,0,0,1,0,0,0,0,1,"Paramilitary groups"
7446,0,0,1,0,0,0,1,0,1,0,0,0,0,0,"Guerrilla groups"
7447,0,0,1,0,0,0,0,0,0,0,0,0,0,1,"Guerrilla groups"
7448,0,0,1,0,0,0,1,0,0,0,0,0,0,1,"Guerrilla groups"
7452,0,0,1,0,0,0,0,0,0,0,0,0,0,1,"Other armed groups"
7454,1,0,1,0,0,0,0,0,0,0,0,0,0,0,"Guerrilla groups"
7456,0,1,1,0,1,0,0,0,0,0,0,0,0,0,"Paramilitary groups"
7460,0,0,1,0,0,0,0,0,0,0,0,0,0,1,"Guerrilla groups"
7461,0,0,1,0,0,0,0,0,0,0,0,0,0,1,"Guerrilla groups"
7462,0,0,1,0,0,0,0,0,0,0,0,0,0,1,"Guerrilla groups"
7463,0,0,1,0,0,0,0,0,0,0,0,0,0,1,"Guerrilla groups"
7464,0,0,1,0,0,0,0,0,0,0,0,0,0,1,"Guerrilla groups"
7465,0,0,1,0,0,0,0,0,0,0,0,0,0,1,"Guerrilla groups"
7466,0,0,1,0,0,0,0,0,0,0,0,0,0,1,"Guerrilla groups"
7467,0,0,1,0,0,0,0,0,0,0,0,0,0,1,"Guerrilla groups"
7468,0,0,1,0,0,0,0,0,0,0,0,0,0,1,"Guerrilla groups"
7470,1,0,0,0,1,0,0,0,0,0,0,0,0,0,"Guerrilla groups"
7471,0,0,1,0,0,0,0,0,0,0,0,0,0,1,"Paramilitary groups"
7489,0,1,0,0,1,0,0,0,1,0,0,0,0,0,"Guerrilla groups"
7491,0,0,1,0,1,0,0,1,0,0,0,0,0,0,"Paramilitary groups"
7492,0,0,0,0,1,0,0,1,0,0,0,0,0,0,"Other armed groups"
7493,0,0,0,0,0,0,1,0,0,0,0,0,1,1,"Guerrilla groups"
7512,0,1,1,0,1,0,0,1,0,0,0,0,0,0,"Other armed groups"
7521,0,0,1,0,0,0,0,0,0,0,0,0,0,1,"Other armed groups"
7522,0,0,1,0,0,0,0,0,0,0,0,0,0,1,"Other armed groups"
7543,0,0,1,0,1,0,0,1,0,0,0,0,0,1,"Other armed groups"
7544,0,0,1,0,1,0,0,1,0,0,0,0,0,1,"Other armed groups"
7560,0,0,0,0,0,0,0,0,0,0,0,0,1,1,"Paramilitary groups"
7571,0,0,0,0,1,0,0,0,1,0,0,0,0,0,"Other armed groups"
7572,0,0,0,0,1,0,0,0,1,0,0,0,0,0,"Other armed groups"
7573,0,0,0,0,1,0,0,0,1,0,0,0,0,0,"Other armed groups"
7579,0,0,0,1,0,0,1,0,0,0,0,0,0,0,"Guerrilla groups"
7581,1,0,0,1,1,0,0,0,0,0,0,0,0,0,"Paramilitary groups"
7586,0,0,0,0,0,0,0,0,0,0,0,1,0,1,"Guerrilla groups"
7587,0,0,0,0,0,0,0,0,0,0,0,1,0,1,"Guerrilla groups"
7592,0,0,1,0,0,0,0,0,1,0,0,0,0,0,"Guerrilla groups"
7593,1,0,0,1,0,0,0,0,0,0,0,0,0,0,"Other armed groups"
7612,0,0,1,0,1,1,0,0,1,0,0,0,0,0,"Paramilitary groups"
7613,0,0,1,0,0,0,0,0,0,0,0,0,1,1,"Paramilitary groups"
7614,0,0,1,0,0,0,0,0,0,0,0,0,1,1,"Paramilitary groups"
7615,0,0,1,0,0,0,0,0,0,0,0,0,1,1,"Paramilitary groups"
7616,0,0,1,0,0,0,0,0,0,0,0,0,1,1,"Paramilitary groups"
7617,0,0,1,0,0,0,0,0,0,0,0,0,1,1,"Paramilitary groups"
7618,0,0,1,0,0,0,0,0,0,0,0,0,1,1,"Paramilitary groups"
7619,0,0,1,0,0,0,0,0,0,0,0,0,1,1,"Paramilitary groups"
7620,0,0,0,0,0,0,0,0,0,0,0,0,1,1,"Other armed groups"
7621,0,0,0,0,0,0,0,0,0,0,0,0,1,1,"Other armed groups"
7622,0,0,0,0,0,0,0,0,0,0,0,0,1,1,"Other armed groups"
7623,0,0,0,0,0,0,0,0,0,0,0,0,1,1,"Other armed groups"
7624,0,0,0,0,0,0,0,0,0,0,0,0,1,1,"Other armed groups"
7625,0,0,1,0,0,0,0,0,0,0,0,0,0,1,"Paramilitary groups"
7626,0,0,1,0,0,0,0,0,0,0,0,0,0,1,"Paramilitary groups"
7627,0,0,1,0,0,0,0,0,0,0,0,0,0,1,"Paramilitary groups"
7628,0,0,1,0,0,0,0,0,0,0,0,0,0,1,"Paramilitary groups"
7629,0,0,1,0,0,0,0,0,0,0,0,0,0,1,"Paramilitary groups"
7630,0,0,1,0,0,0,0,0,0,0,1,0,0,0,"Other armed groups"
7631,0,0,1,0,0,0,0,0,0,0,1,0,0,0,"Other armed groups"
7632,0,0,1,0,0,0,0,0,0,0,1,0,0,0,"Other armed groups"
7633,0,0,1,0,0,0,0,0,0,0,1,0,0,0,"Other armed groups"
7644,0,0,0,0,0,0,1,0,0,0,0,0,0,1,"Guerrilla groups"
7645,1,0,0,0,1,0,0,0,0,0,0,0,0,0,"Other armed groups"
7646,1,0,0,0,1,0,0,0,0,0,0,0,0,0,"Other armed groups"
7647,1,0,0,0,0,0,0,0,1,0,0,0,0,0,"Guerrilla groups"
7651,1,1,0,0,0,0,0,0,0,0,0,0,0,0,"Guerrilla groups"
7664,1,0,1,0,0,0,0,0,0,0,0,0,0,0,"Paramilitary groups"
7666,0,0,1,0,0,0,0,0,0,0,0,0,0,1,"Paramilitary groups"
7667,0,0,1,0,0,0,0,0,0,0,1,0,0,1,"Paramilitary groups"
7683,0,0,1,0,1,0,0,1,0,0,0,0,0,0,"Other armed groups"
7684,0,0,1,0,1,0,0,1,0,0,0,0,0,0,"Other armed groups"
7685,0,0,1,0,1,0,0,1,0,0,0,0,0,0,"Other armed groups"
7686,0,0,0,0,1,0,0,1,0,0,0,0,0,0,"Other armed groups"
7687,0,1,1,0,0,0,0,0,0,0,0,0,0,0,"Guerrilla groups"
7688,0,1,1,0,0,0,0,0,0,0,0,0,0,0,"Guerrilla groups"
7689,0,0,1,0,0,0,0,0,0,0,0,0,0,1,"Guerrilla groups"
7690,0,0,1,0,0,0,0,0,0,0,0,0,0,1,"Guerrilla groups"
7693,0,0,0,0,1,0,0,1,0,0,0,0,0,1,"Other armed groups"
7694,0,0,1,0,0,0,0,0,0,0,0,0,0,1,"Other armed groups"
7695,0,0,1,0,0,0,0,0,0,0,0,0,1,0,"Guerrilla groups"
7711,0,0,1,0,0,0,0,0,0,0,0,0,0,1,"Paramilitary groups"
7712,0,0,1,0,0,0,0,0,0,0,0,0,0,1,"Paramilitary groups"
7713,0,0,1,0,0,0,0,0,0,1,0,0,0,1,"Paramilitary groups"
7714,0,0,1,0,0,0,0,0,0,1,0,0,0,1,"Paramilitary groups"
7715,0,0,1,0,0,0,0,0,0,1,0,0,0,1,"Paramilitary groups"
7716,0,0,1,0,0,0,0,0,0,1,0,0,0,1,"Paramilitary groups"
7721,0,0,0,0,1,1,0,0,0,0,0,0,0,0,"Paramilitary groups"
7737,0,0,0,0,0,0,0,0,0,0,0,0,1,1,"Guerrilla groups"
7738,0,0,0,0,1,0,0,0,0,0,0,0,0,1,"Paramilitary groups"
7754,0,0,1,0,0,0,0,0,0,0,0,0,0,1,"Paramilitary groups"
7755,0,0,1,0,0,0,0,0,0,0,0,0,0,1,"Paramilitary groups"
7778,0,0,0,0,0,0,1,0,0,0,0,0,0,1,"Other armed groups"
7798,0,0,0,0,0,0,0,0,0,0,0,0,1,1,"Guerrilla groups"
7799,0,0,0,0,0,0,0,0,0,0,0,0,1,1,"Guerrilla groups"
7800,0,0,0,0,0,0,0,0,0,0,0,0,1,1,"Guerrilla groups"
7801,0,0,0,0,0,0,0,0,0,0,0,0,1,1,"Guerrilla groups"
7802,0,0,0,0,0,0,0,0,0,0,0,0,1,1,"Guerrilla groups"
7803,0,0,1,0,0,0,0,0,0,0,0,0,0,1,"Guerrilla groups"
7807,0,0,1,0,0,0,0,0,0,0,0,0,0,1,"Guerrilla groups"
7808,0,0,1,0,0,0,0,0,0,0,0,0,0,1,"Guerrilla groups"
7815,0,0,1,0,0,1,0,0,0,0,0,0,0,0,"Paramilitary groups"
7823,0,0,0,0,0,0,0,0,0,0,0,0,1,1,"Paramilitary groups"
7828,0,0,0,0,0,0,0,0,0,0,0,0,1,1,"Guerrilla groups"
7831,0,0,1,0,1,0,0,0,0,0,0,0,0,1,"Paramilitary groups"
7832,0,0,1,0,0,0,0,0,0,0,0,0,0,1,"Paramilitary groups"
7833,0,0,1,0,0,0,0,0,0,0,0,0,0,1,"Paramilitary groups"
7834,0,0,1,0,0,0,0,0,0,0,0,0,0,1,"Paramilitary groups"
7835,0,0,1,0,0,0,0,0,0,0,0,0,0,1,"Paramilitary groups"
7839,0,0,1,0,0,0,0,0,0,0,0,0,0,1,"Other armed groups"
7841,0,0,1,0,1,0,0,0,0,0,0,0,1,1,"Paramilitary groups"
7842,0,0,1,0,1,0,0,0,0,0,0,0,1,1,"Paramilitary groups"
7849,0,0,0,1,0,0,1,0,0,0,0,0,0,0,"Paramilitary groups"
7850,0,0,1,0,0,0,0,0,0,0,0,0,0,1,"Paramilitary groups"
7874,1,1,0,0,0,0,0,0,0,0,0,0,0,0,"Other armed groups"
7887,1,0,0,0,1,0,0,0,0,0,0,0,0,0,"Guerrilla groups"
7888,0,1,0,0,0,0,0,0,0,0,0,0,0,1,"Guerrilla groups"
7892,0,0,1,0,1,0,0,0,0,1,0,0,0,1,"Paramilitary groups"
7893,1,0,0,0,1,0,0,0,0,0,0,0,0,0,"Paramilitary groups"
7894,0,0,1,0,0,0,0,0,0,1,0,0,0,1,"Paramilitary groups"
7895,0,0,1,0,0,0,0,0,0,1,0,0,0,1,"Paramilitary groups"
7900,0,0,1,0,0,0,0,0,0,0,0,0,0,1,"Paramilitary groups"
7902,0,0,1,0,0,0,0,0,0,0,1,0,0,0,"Paramilitary groups"
7903,0,0,0,0,1,0,0,0,0,0,1,0,0,1,"Paramilitary groups"
7907,1,0,1,0,0,0,0,0,0,0,0,0,0,0,"Other armed groups"
7920,0,0,1,0,0,0,0,0,0,0,0,0,0,1,"Paramilitary groups"
7924,0,0,0,0,0,0,0,0,0,0,0,0,1,1,"Paramilitary groups"
7925,1,0,1,0,0,0,0,0,0,0,1,0,0,0,"Paramilitary groups"
7926,0,0,1,0,0,0,0,0,0,0,0,0,0,1,"Paramilitary groups"
7928,0,0,1,0,0,0,0,0,0,0,0,0,0,1,"Paramilitary groups"
7929,0,0,1,0,0,0,0,0,0,0,0,0,0,1,"Paramilitary groups"
7933,1,0,1,0,0,0,0,0,0,0,0,0,0,0,"Paramilitary groups"
7935,0,0,0,0,1,0,0,1,0,0,0,0,0,0,"Paramilitary groups"
7937,0,0,1,0,0,0,0,0,0,0,0,0,1,1,"Guerrilla groups"
7939,1,0,0,1,1,0,0,0,0,0,0,0,0,0,"Other armed groups"
7940,0,0,1,0,0,0,0,0,0,0,0,0,0,1,"Other armed groups"
7941,0,0,0,0,1,0,0,0,0,0,0,0,0,1,"Guerrilla groups"
7942,0,1,0,0,0,0,0,0,0,0,0,0,0,1,"Guerrilla groups"
7947,0,0,1,0,0,0,0,0,0,0,0,0,0,1,"Paramilitary groups"
7948,0,0,1,0,0,0,0,0,0,0,0,0,0,1,"Paramilitary groups"
7949,0,0,1,0,0,0,0,0,0,0,0,0,0,1,"Paramilitary groups"
7950,0,0,1,0,0,0,0,0,0,0,0,0,0,1,"Paramilitary groups"
7960,0,0,1,0,1,0,0,0,0,0,0,0,1,1,"Paramilitary groups"
7961,0,0,1,0,1,0,0,0,0,0,0,0,1,1,"Paramilitary groups"
7969,0,0,0,0,1,0,0,0,0,0,0,0,0,1,"Other armed groups"
7971,0,0,1,0,1,0,0,0,0,0,0,0,0,0,"Paramilitary groups"
7981,0,0,1,0,0,0,0,0,0,0,0,1,0,0,"Guerrilla groups"
7988,0,0,1,0,0,0,0,0,0,0,0,0,0,1,"Other armed groups"
8010,0,0,0,1,1,0,0,0,0,0,0,0,0,0,"Paramilitary groups"
8019,0,0,0,0,0,0,0,0,0,0,0,0,1,1,"Guerrilla groups"
8030,0,0,0,0,1,0,0,0,1,0,0,0,0,0,"Guerrilla groups"
8031,0,0,0,0,1,0,0,0,1,0,0,0,0,0,"Guerrilla groups"
8032,0,0,0,0,1,0,0,0,1,0,0,0,0,0,"Guerrilla groups"
8036,0,0,0,0,0,0,0,0,0,0,0,1,1,1,"Other armed groups"
8037,0,0,0,0,0,0,0,0,0,0,0,1,1,1,"Other armed groups"
8038,0,0,0,0,0,0,0,0,0,0,0,1,1,1,"Other armed groups"
8040,0,0,0,0,0,0,1,0,0,0,0,0,0,1,"Guerrilla groups"
8041,0,0,1,0,0,0,0,0,0,0,0,0,0,1,"Paramilitary groups"
8046,1,1,0,0,0,0,0,0,0,0,0,0,0,0,"Other armed groups"
8058,0,0,1,0,0,0,0,0,0,0,0,0,0,1,"Paramilitary groups"
8064,0,0,0,0,0,0,0,0,0,0,0,0,1,1,"Paramilitary groups"
8066,0,0,0,0,1,0,0,1,0,0,0,0,0,0,"Other armed groups"
8067,0,0,1,0,0,0,0,0,0,0,0,0,1,0,"Paramilitary groups"
8072,1,0,0,0,1,0,0,0,0,0,0,0,0,0,"Paramilitary groups"
8078,0,0,1,0,0,0,0,0,0,0,1,0,0,0,"Paramilitary groups"
8089,0,0,1,0,0,0,1,0,0,0,0,0,0,0,"Paramilitary groups"
8090,0,0,0,0,1,1,0,0,0,0,0,0,0,0,"Other armed groups"
8101,0,0,1,0,0,0,0,0,0,0,0,0,0,1,"Paramilitary groups"
8102,0,0,1,0,0,0,0,0,0,0,0,0,0,1,"Paramilitary groups"
8103,0,0,1,0,0,0,0,0,0,0,1,0,0,0,"Guerrilla groups"
8104,0,0,1,0,0,0,0,0,0,0,0,0,0,1,"Guerrilla groups"
8107,0,0,1,0,0,1,0,0,0,0,1,0,0,0,"Guerrilla groups"
8108,0,0,1,0,0,0,0,0,0,0,1,0,0,1,"Guerrilla groups"
8110,0,0,1,0,0,0,1,0,0,0,0,0,0,0,"Guerrilla groups"
8111,0,0,1,0,1,0,0,0,1,0,0,0,0,0,"Other armed groups"
8112,0,0,1,0,1,0,0,0,1,0,0,0,0,0,"Other armed groups"
8119,1,0,0,0,0,1,0,0,0,0,0,0,0,0,"Other armed groups"
8120,0,0,1,0,0,0,0,0,0,0,0,0,0,1,"Guerrilla groups"
8122,0,0,1,0,0,0,0,0,0,0,0,0,0,1,"Guerrilla groups"
8126,0,0,0,0,0,0,0,0,0,0,0,0,1,1,"Other armed groups"
8127,0,0,0,0,0,0,0,0,0,0,0,0,1,1,"Other armed groups"
8135,1,0,0,0,1,0,0,0,0,0,0,0,0,0,"Paramilitary groups"
8136,1,0,0,0,1,0,0,0,0,0,0,0,0,0,"Paramilitary groups"
8137,1,0,0,0,1,0,0,0,0,0,0,0,0,0,"Paramilitary groups"
8138,0,0,1,0,0,0,0,0,0,0,0,0,0,1,"Paramilitary groups"
8139,0,0,1,0,0,0,0,0,0,0,0,0,0,1,"Paramilitary groups"
8140,0,0,0,0,1,1,0,0,0,0,0,0,0,0,"Paramilitary groups"
8141,1,0,0,1,0,0,0,0,0,0,0,0,0,0,"Paramilitary groups"
8142,1,0,0,1,0,0,0,0,0,0,0,0,0,0,"Paramilitary groups"
8146,0,0,1,0,0,0,0,0,0,0,0,0,0,1,"Guerrilla groups"
8148,0,0,1,0,1,0,0,0,0,0,0,0,0,0,"Paramilitary groups"
8163,0,0,1,0,0,0,0,0,0,0,0,0,0,1,"Paramilitary groups"
8164,0,0,1,0,0,0,0,0,0,0,0,0,0,1,"Paramilitary groups"
8165,0,0,1,0,0,0,0,0,0,0,0,0,0,1,"Paramilitary groups"
8189,0,0,0,0,0,0,0,0,1,0,0,0,0,1,"Guerrilla groups"
8190,0,0,0,0,0,0,0,0,0,0,0,0,1,1,"Paramilitary groups"
8191,0,0,0,0,0,0,0,0,0,0,0,0,1,1,"Paramilitary groups"
8192,0,0,0,0,0,0,0,0,0,0,0,0,1,1,"Paramilitary groups"
8196,1,0,0,1,0,0,0,0,0,0,0,0,0,0,"Guerrilla groups"
8199,0,0,0,0,0,1,1,0,0,0,0,0,0,1,"Guerrilla groups"
8200,0,0,1,0,0,0,0,0,0,0,0,0,1,1,"Paramilitary groups"
8202,0,0,0,0,0,0,0,0,0,0,0,0,1,1,"Guerrilla groups"
8229,1,0,0,0,1,0,0,0,0,0,0,0,0,0,"Guerrilla groups"
8230,0,0,1,0,0,0,0,0,0,0,0,0,0,1,"Other armed groups"
8231,0,0,1,0,0,0,0,0,0,0,0,0,0,1,"Other armed groups"
8233,0,0,1,0,1,0,0,1,0,0,0,0,0,0,"Paramilitary groups"
8235,0,0,0,1,1,0,0,0,1,0,0,0,0,0,"Paramilitary groups"
8244,0,0,1,0,0,0,0,0,0,0,0,0,0,1,"Other armed groups"
8245,0,0,1,0,0,0,0,0,0,0,0,0,0,1,"Other armed groups"
8246,0,0,1,0,0,0,0,0,0,0,0,0,0,1,"Other armed groups"
8247,0,0,1,0,0,0,0,0,0,0,0,0,0,1,"Other armed groups"
8248,0,0,1,0,0,0,0,0,0,0,0,0,0,1,"Other armed groups"
8249,0,0,1,0,0,0,0,0,0,0,0,0,0,1,"Other armed groups"
8250,0,0,1,0,0,0,0,0,0,0,0,0,0,1,"Other armed groups"
8251,0,0,1,0,0,0,0,0,0,0,0,0,0,1,"Other armed groups"
8257,1,0,0,1,1,1,1,0,0,0,1,0,0,0,"Paramilitary groups"
8258,0,0,1,0,0,0,0,0,0,0,0,0,0,1,"Guerrilla groups"
8260,0,0,1,0,0,0,0,0,0,0,0,0,0,1,"Guerrilla groups"
8262,1,0,0,0,1,0,0,0,1,0,0,0,0,0,"Paramilitary groups"
8263,1,0,0,0,1,0,0,0,1,0,0,0,0,0,"Paramilitary groups"
8264,1,0,0,0,1,0,0,0,1,0,0,0,0,0,"Paramilitary groups"
8265,0,0,0,0,0,0,0,0,0,0,0,0,1,1,"Paramilitary groups"
8280,0,1,1,0,1,0,0,0,0,0,0,0,0,0,"Paramilitary groups"
8299,0,0,1,0,0,0,0,0,0,0,0,0,0,1,"Guerrilla groups"
8301,0,0,1,0,0,0,0,0,0,0,0,0,0,1,"Paramilitary groups"
8302,0,0,1,0,0,0,0,0,0,0,0,0,0,1,"Paramilitary groups"
8310,0,0,0,0,1,1,0,0,0,0,0,0,0,0,"Other armed groups"
8312,0,0,0,0,1,1,0,0,0,0,0,0,0,0,"Paramilitary groups"
8313,0,0,1,0,0,0,0,0,0,0,0,0,0,1,"Paramilitary groups"
8316,0,0,1,0,0,0,0,0,0,0,1,0,0,0,"Paramilitary groups"
8317,0,0,1,0,0,0,0,0,0,0,1,0,0,0,"Paramilitary groups"
8322,0,0,1,0,0,0,0,0,0,0,1,0,0,0,"Paramilitary groups"
8323,0,0,1,0,0,0,0,0,0,0,1,0,0,0,"Paramilitary groups"
8329,0,0,1,0,0,0,0,0,0,0,0,0,0,1,"Other armed groups"
8343,0,1,0,0,0,0,0,0,0,0,0,0,0,1,"Paramilitary groups"
8348,0,0,1,0,0,0,0,0,0,0,0,0,0,1,"Paramilitary groups"
8351,0,0,1,0,0,0,0,0,0,0,0,0,0,1,"Paramilitary groups"
8368,1,0,0,0,1,0,0,0,0,0,0,1,0,0,"Guerrilla groups"
8374,0,0,1,0,0,0,0,0,0,1,0,0,1,1,"Guerrilla groups"
8375,0,0,1,0,0,0,0,0,1,0,0,0,0,0,"Paramilitary groups"
8377,0,0,1,0,0,0,0,0,0,0,1,0,0,0,"Paramilitary groups"
8384,0,0,0,0,0,0,0,0,0,1,0,0,0,1,"Other armed groups"
8392,0,0,0,0,0,0,0,1,1,1,0,0,0,0,"Paramilitary groups"
8399,0,1,0,0,0,0,0,0,0,0,0,1,0,0,"Guerrilla groups"
8401,0,0,1,0,0,0,0,0,0,0,0,0,0,1,"Guerrilla groups"
8404,0,0,0,0,0,0,0,0,0,0,0,0,1,1,"Paramilitary groups"
8409,0,0,1,0,0,0,0,0,0,0,0,0,1,0,"Other armed groups"
8410,1,0,0,0,0,1,0,0,0,0,0,0,0,0,"Other armed groups"
8417,0,0,1,0,1,0,0,0,0,0,0,0,0,0,"Other armed groups"
8420,0,1,1,0,0,0,0,0,0,0,1,0,0,1,"Guerrilla groups"
8426,0,0,0,0,1,0,0,1,0,0,0,0,0,0,"Other armed groups"
8428,0,0,1,0,1,0,0,0,0,0,0,0,0,0,"Paramilitary groups"
8429,0,0,1,0,1,0,0,0,0,0,0,0,0,0,"Paramilitary groups"
8430,0,0,1,0,1,0,0,0,0,0,0,0,0,0,"Paramilitary groups"
8431,0,0,1,0,1,0,0,0,0,0,0,0,0,0,"Paramilitary groups"
8446,1,0,1,0,0,0,0,0,0,0,0,0,0,0,"Other armed groups"
8447,1,0,1,0,0,0,0,0,0,0,0,0,0,0,"Other armed groups"
8448,0,0,1,0,0,0,0,0,0,0,0,0,1,1,"Other armed groups"
8449,0,0,1,0,0,0,0,0,0,0,0,0,1,1,"Other armed groups"
8450,0,0,1,0,0,0,0,0,0,0,0,0,1,1,"Other armed groups"
8451,0,0,1,0,0,0,0,0,0,0,0,0,0,1,"Other armed groups"
8452,0,0,1,0,0,0,0,0,0,0,0,0,0,1,"Other armed groups"
8453,0,0,1,0,0,0,0,0,0,0,0,0,0,1,"Other armed groups"
8454,0,0,1,0,0,0,1,0,0,0,0,0,0,0,"Other armed groups"
8458,0,0,1,0,0,0,0,0,0,0,1,0,0,0,"Other armed groups"
8459,0,0,1,0,0,0,0,0,0,0,1,0,0,0,"Other armed groups"
8460,0,0,1,0,0,0,0,0,0,0,0,0,1,1,"Paramilitary groups"
8461,0,0,1,0,0,0,0,0,0,0,0,0,1,1,"Paramilitary groups"
8462,0,0,1,0,0,0,0,0,0,0,0,0,1,1,"Paramilitary groups"
8463,0,0,1,0,0,0,1,0,0,0,0,0,1,1,"Guerrilla groups"
8466,1,0,0,1,0,0,0,0,0,0,0,0,0,0,"Paramilitary groups"
8470,0,0,1,0,1,0,0,0,0,0,0,0,0,0,"Paramilitary groups"
8479,0,0,1,0,0,0,0,0,0,1,0,0,0,0,"Paramilitary groups"
8481,0,0,0,0,0,0,0,0,0,1,1,0,0,0,"Paramilitary groups"
8485,0,0,0,0,0,0,0,1,0,1,0,0,0,0,"Guerrilla groups"
8486,0,0,0,0,0,0,0,0,0,0,1,0,0,1,"Paramilitary groups"
8489,0,0,0,0,0,0,0,0,0,1,0,0,1,1,"Paramilitary groups"
8501,0,0,1,0,0,0,0,1,0,0,0,0,0,0,"Other armed groups"
8502,1,0,0,0,0,0,1,0,0,0,0,0,0,0,"Paramilitary groups"
8503,0,1,1,0,1,0,0,0,0,0,0,0,0,0,"Paramilitary groups"
8519,0,0,1,0,1,0,0,0,0,0,0,0,0,0,"Other armed groups"
8528,0,0,1,0,0,0,1,0,0,0,0,0,0,0,"Other armed groups"
8530,0,0,1,0,0,0,0,0,0,0,0,0,0,1,"Other armed groups"
8531,0,0,1,0,0,0,0,0,0,0,0,0,0,1,"Other armed groups"
8535,0,1,1,0,0,0,0,0,0,0,0,0,0,0,"Other armed groups"
8537,0,1,1,0,0,0,0,0,0,0,1,0,0,0,"Guerrilla groups"
8556,0,0,1,0,1,0,0,0,0,0,0,0,0,0,"Other armed groups"
8557,0,0,1,0,1,0,0,0,0,0,0,0,0,0,"Other armed groups"
8564,1,0,1,0,0,0,0,0,0,0,0,0,0,1,"Paramilitary groups"
8567,0,0,0,0,1,0,0,0,1,0,1,0,0,0,"Paramilitary groups"
8572,0,0,1,0,1,0,0,0,0,0,0,0,0,0,"Paramilitary groups"
8575,0,0,1,0,1,0,0,0,0,0,0,0,0,0,"Other armed groups"
8578,1,0,1,0,0,0,0,0,0,0,0,0,0,0,"Guerrilla groups"
8579,0,0,1,0,0,0,0,0,0,0,0,0,0,1,"Paramilitary groups"
8580,0,0,1,0,0,0,0,0,0,0,0,0,0,1,"Paramilitary groups"
8587,0,0,0,0,1,0,0,0,1,0,0,0,0,0,"Paramilitary groups"
8588,0,0,0,0,0,0,0,0,0,0,0,0,1,1,"Paramilitary groups"
8593,0,0,0,0,0,0,0,0,0,0,0,0,1,1,"Guerrilla groups"
8594,0,0,0,0,0,0,0,0,0,0,0,0,1,1,"Guerrilla groups"
8595,0,0,0,0,0,0,0,0,0,0,0,0,1,1,"Guerrilla groups"
8596,0,0,0,1,0,0,1,0,0,0,0,0,0,0,"Guerrilla groups"
8597,0,0,0,1,0,0,1,0,0,0,0,0,0,0,"Guerrilla groups"
8600,0,0,1,0,0,0,1,0,0,0,0,0,0,1,"Paramilitary groups"
8602,0,0,1,0,0,0,0,0,0,0,0,0,0,1,"Paramilitary groups"
8605,0,0,0,0,0,0,0,0,1,0,0,0,1,1,"Guerrilla groups"
8616,0,0,0,0,0,0,0,0,0,0,0,0,1,1,"Guerrilla groups"
8619,1,1,0,0,0,0,0,0,0,0,0,0,0,0,"Guerrilla groups"
8620,0,0,1,0,1,0,0,0,0,0,0,0,0,0,"Guerrilla groups"
8625,0,1,0,0,0,0,0,0,0,0,0,1,0,0,"Guerrilla groups"
8628,0,0,1,0,1,0,0,0,0,0,0,0,0,0,"Paramilitary groups"
8638,1,1,0,0,0,0,0,0,0,0,0,0,0,0,"Paramilitary groups"
8639,1,1,0,0,0,0,0,0,0,0,0,0,0,0,"Paramilitary groups"
8640,0,0,1,0,0,0,0,0,0,0,0,0,0,1,"Paramilitary groups"
8641,0,0,1,0,0,0,0,0,0,0,0,0,0,1,"Paramilitary groups"
8642,0,0,1,0,0,0,0,0,0,0,0,0,0,1,"Paramilitary groups"
8643,0,0,1,0,0,0,0,0,0,0,0,0,0,1,"Paramilitary groups"
8644,1,0,0,0,0,0,0,0,0,0,0,0,1,0,"Paramilitary groups"
8645,0,0,1,0,0,0,0,0,0,0,0,0,0,1,"Paramilitary groups"
8646,0,0,1,0,0,0,0,0,0,0,0,0,0,1,"Paramilitary groups"
8651,0,0,0,0,0,0,1,0,0,0,0,0,0,1,"Guerrilla groups"
8652,0,0,1,0,0,0,0,0,0,0,0,0,0,1,"Paramilitary groups"
8666,0,0,0,0,0,0,0,0,0,0,0,0,1,1,"Paramilitary groups"
8667,0,0,0,0,0,0,0,0,0,0,0,0,1,1,"Paramilitary groups"
8668,0,0,0,0,0,0,0,0,0,0,0,0,1,1,"Paramilitary groups"
8669,0,0,0,0,0,0,0,0,0,0,0,0,1,1,"Paramilitary groups"
8670,0,0,0,0,0,0,0,0,0,0,0,0,1,1,"Paramilitary groups"
8671,0,0,0,0,0,0,0,0,0,0,0,0,1,1,"Guerrilla groups"
8672,0,0,1,0,0,0,0,0,0,0,0,0,0,1,"Guerrilla groups"
8673,0,0,1,1,0,0,0,0,0,0,0,0,0,0,"Paramilitary groups"
8683,0,0,1,0,0,1,0,0,0,0,0,0,0,0,"Paramilitary groups"
8686,0,0,0,0,0,0,0,0,0,0,0,0,1,1,"Paramilitary groups"
8687,0,0,0,0,0,0,0,0,0,0,0,0,1,1,"Paramilitary groups"
8688,0,0,0,0,0,0,0,0,0,0,0,0,1,1,"Paramilitary groups"
8689,0,0,0,0,0,0,0,0,0,0,0,0,1,1,"Paramilitary groups"
8690,0,0,0,0,0,0,0,0,0,0,0,0,1,1,"Paramilitary groups"
8699,0,0,1,0,0,0,0,0,0,0,0,0,0,1,"Guerrilla groups"
8703,0,0,1,0,0,0,0,0,0,0,0,0,0,1,"Paramilitary groups"
8705,0,0,1,0,1,0,0,0,1,0,0,0,0,0,"Paramilitary groups"
8706,0,0,1,0,1,0,0,0,1,0,0,0,0,0,"Paramilitary groups"
8709,1,0,0,1,0,0,0,0,0,0,0,0,0,0,"Paramilitary groups"
8719,0,0,1,0,0,0,0,0,0,0,0,0,0,1,"Paramilitary groups"
8728,0,0,0,0,0,0,0,0,0,1,1,0,0,0,"Guerrilla groups"
8734,0,0,0,0,1,0,0,0,1,0,0,0,0,0,"Guerrilla groups"
8762,0,0,1,0,0,0,0,0,0,0,0,0,0,1,"Paramilitary groups"
8763,0,0,1,0,0,0,0,0,0,0,0,0,0,1,"Paramilitary groups"
8766,0,0,1,0,0,0,0,0,0,0,0,0,0,1,"Paramilitary groups"
8772,1,0,0,0,1,1,0,1,0,0,0,0,0,0,"Other armed groups"
8773,0,0,0,0,1,1,0,1,0,0,0,0,0,0,"Paramilitary groups"
8787,0,0,0,0,0,0,0,0,0,0,0,0,1,1,"Paramilitary groups"
8790,0,0,1,0,1,0,0,0,0,1,0,0,0,0,"Paramilitary groups"
8795,0,0,0,0,1,0,0,1,0,0,0,0,0,0,"Other armed groups"
8813,0,0,0,1,0,0,1,0,0,0,0,0,0,0,"Guerrilla groups"
8815,0,0,1,0,0,0,0,0,0,0,0,0,0,1,"Paramilitary groups"
8827,0,0,1,0,0,0,0,0,0,0,0,0,0,1,"Guerrilla groups"
8828,0,0,1,0,0,0,0,0,0,0,0,0,0,1,"Guerrilla groups"
8852,1,0,0,0,1,0,0,0,1,0,0,0,0,0,"Paramilitary groups"
8853,0,1,0,0,0,0,0,0,0,0,0,0,0,1,"Paramilitary groups"
8869,0,1,0,0,0,0,0,0,0,0,0,0,0,1,"Paramilitary groups"
8871,0,0,1,0,0,0,0,0,0,0,0,0,0,1,"Paramilitary groups"
8937,0,0,1,0,0,0,0,0,0,0,0,0,0,1,"Guerrilla groups"
8938,0,0,1,0,0,0,0,0,0,0,0,0,0,1,"Other armed groups"
8943,0,1,1,0,1,0,0,0,1,0,0,0,0,0,"Paramilitary groups"
8946,0,0,0,0,1,0,0,0,1,0,0,0,0,0,"Guerrilla groups"
8947,0,0,0,0,1,0,0,0,1,0,0,0,0,0,"Guerrilla groups"
8948,0,0,0,0,1,0,0,0,1,0,0,0,0,0,"Guerrilla groups"
8958,0,0,1,0,0,0,0,0,0,0,0,0,0,1,"Paramilitary groups"
8961,0,0,1,0,1,0,0,0,0,0,0,0,0,0,"Paramilitary groups"
8966,0,0,1,0,0,0,0,0,0,0,0,1,0,0,"Paramilitary groups"
8975,1,0,0,1,0,0,0,0,0,0,0,0,0,0,"Paramilitary groups"
8979,1,0,0,0,0,0,0,0,0,0,0,1,0,0,"Guerrilla groups"
8980,1,0,0,0,0,0,0,0,0,0,0,1,0,0,"Guerrilla groups"
8981,1,0,0,0,0,0,0,0,0,0,0,1,0,0,"Guerrilla groups"
8984,0,0,1,0,1,1,0,0,0,0,1,0,0,1,"Paramilitary groups"
9000,1,0,0,0,0,0,0,0,0,0,1,0,0,0,"Other armed groups"
9002,0,0,0,0,0,1,0,0,1,0,0,0,0,0,"Other armed groups"
9005,0,0,1,0,0,0,0,0,0,0,0,0,0,1,"Other armed groups"
9007,1,0,0,1,0,0,0,0,0,0,0,0,0,0,"Guerrilla groups"
9009,0,0,0,0,0,0,0,0,0,1,0,0,1,0,"Guerrilla groups"
9014,0,0,1,0,0,0,0,0,0,0,0,0,0,1,"Guerrilla groups"
9016,0,0,0,0,0,0,0,0,0,0,0,0,1,1,"Guerrilla groups"
9017,0,0,1,0,1,0,0,0,0,0,0,0,0,1,"Guerrilla groups"
9019,0,0,1,0,0,0,0,0,0,0,0,0,0,1,"Other armed groups"
9020,0,0,1,0,0,0,0,0,0,0,0,0,0,1,"Other armed groups"
9021,0,0,0,0,0,0,0,0,0,0,0,0,1,1,"Paramilitary groups"
9022,0,0,0,0,0,0,0,0,0,0,0,0,1,1,"Paramilitary groups"
9023,0,0,0,0,0,0,0,0,0,1,0,1,0,1,"Guerrilla groups"
9024,0,0,0,0,0,0,0,0,0,1,0,1,0,1,"Guerrilla groups"
9025,0,0,0,0,0,0,0,0,0,1,0,1,0,1,"Guerrilla groups"
9026,0,0,0,0,0,0,0,0,0,1,0,1,0,1,"Guerrilla groups"
9032,0,0,0,0,1,1,0,0,0,0,0,0,0,0,"Guerrilla groups"
9038,0,1,1,0,0,0,0,0,0,1,0,0,0,0,"Other armed groups"
9040,0,0,1,0,0,0,0,0,0,0,1,0,0,0,"Guerrilla groups"
9041,0,0,1,0,0,0,0,0,0,0,0,0,0,1,"Paramilitary groups"
9051,0,0,0,0,1,0,0,0,1,0,0,0,0,0,"Paramilitary groups"
9062,1,0,0,0,0,0,0,0,0,1,0,0,0,0,"Guerrilla groups"
9063,0,0,0,0,0,0,0,0,0,0,0,0,1,1,"Guerrilla groups"
9064,0,0,0,0,0,0,0,0,0,0,0,0,1,1,"Guerrilla groups"
9065,0,0,0,0,0,0,0,0,0,0,0,0,1,1,"Guerrilla groups"
9069,1,0,0,0,0,0,0,0,0,0,1,0,0,0,"Guerrilla groups"
9071,0,1,0,0,0,0,0,0,0,0,0,1,0,0,"Guerrilla groups"
9072,0,1,1,0,0,0,0,0,0,0,0,0,0,0,"Paramilitary groups"
9080,1,0,1,0,0,0,0,0,0,0,0,0,0,0,"Guerrilla groups"
9100,0,0,0,0,1,0,0,1,0,0,0,0,0,0,"Other armed groups"
9101,0,0,1,0,1,0,0,0,0,0,0,0,0,0,"Other armed groups"
9105,0,0,1,0,0,0,0,0,0,0,0,0,1,1,"Guerrilla groups"
9108,0,0,0,0,1,1,0,0,0,0,0,0,0,0,"Guerrilla groups"
9114,0,0,1,0,0,0,0,0,0,0,0,0,0,1,"Guerrilla groups"
9117,1,0,0,0,0,0,1,0,0,0,0,0,0,0,"Guerrilla groups"
9123,0,1,0,0,1,0,0,0,0,0,0,0,0,0,"Paramilitary groups"
9131,1,1,0,0,0,0,0,0,0,0,0,0,0,0,"Paramilitary groups"
9132,1,1,0,0,0,0,0,0,0,0,0,0,0,0,"Paramilitary groups"
9133,1,1,0,0,0,0,0,0,0,0,0,0,0,0,"Paramilitary groups"
9134,1,1,0,0,0,0,0,0,0,0,0,0,0,0,"Paramilitary groups"
9135,1,1,0,0,0,0,0,0,0,0,0,0,0,0,"Paramilitary groups"
9136,0,0,1,0,0,0,0,0,0,0,0,0,0,1,"Paramilitary groups"
9137,0,0,1,0,0,0,0,0,0,0,0,0,0,1,"Paramilitary groups"
9138,0,0,0,0,0,0,0,0,1,0,1,0,0,0,"Guerrilla groups"
9140,0,0,1,0,1,0,0,0,0,0,0,0,0,0,"Guerrilla groups"
9141,0,0,1,0,0,0,0,0,0,0,0,0,0,1,"Guerrilla groups"
9164,0,0,1,0,0,0,0,0,0,1,0,0,0,0,"Paramilitary groups"
9165,0,0,1,0,0,0,0,0,0,1,0,0,0,0,"Paramilitary groups"
9180,0,0,0,0,0,1,0,0,0,0,0,0,0,1,"Paramilitary groups"
9189,0,0,0,0,0,1,0,0,0,0,0,0,0,1,"Other armed groups"
9190,0,0,0,0,0,1,0,0,0,0,0,0,0,1,"Other armed groups"
9191,0,1,0,0,0,0,0,0,0,0,0,0,0,1,"Guerrilla groups"
9215,0,0,0,0,0,0,0,0,0,0,0,0,1,1,"Guerrilla groups"
9216,0,0,0,0,0,0,0,0,0,0,0,0,1,1,"Guerrilla groups"
9219,0,0,1,0,0,0,0,0,0,0,0,0,0,1,"Guerrilla groups"
9226,0,0,0,0,0,1,0,0,0,0,0,0,0,1,"Guerrilla groups"
9227,0,0,1,0,0,0,0,0,0,0,0,0,0,1,"Guerrilla groups"
9231,0,0,0,1,0,0,1,0,0,0,0,0,0,0,"Guerrilla groups"
9232,0,0,1,0,0,0,0,0,0,0,0,0,0,1,"Guerrilla groups"
9257,0,0,1,0,0,0,0,0,0,0,0,0,0,1,"Other armed groups"
9260,0,0,1,0,0,0,0,0,0,0,1,0,0,1,"Guerrilla groups"
9262,1,0,1,0,0,0,0,0,0,0,0,0,0,0,"Other armed groups"
9266,0,0,0,0,1,0,0,0,1,0,0,0,0,1,"Other armed groups"
9268,0,0,0,0,1,1,0,0,0,0,0,0,0,0,"Guerrilla groups"
9278,0,0,0,0,0,0,0,0,0,1,0,1,0,1,"Paramilitary groups"
9280,0,0,1,0,0,0,0,0,0,0,0,0,0,1,"Other armed groups"
9281,0,0,1,0,1,0,0,0,0,0,0,0,0,0,"Other armed groups"
9282,0,0,1,0,1,0,0,0,0,0,0,0,0,0,"Other armed groups"
9288,0,0,1,0,0,0,0,0,0,0,0,0,0,1,"Guerrilla groups"
9292,1,0,1,0,0,0,0,0,0,0,0,0,0,0,"Other armed groups"
9309,0,0,0,0,0,0,1,0,0,0,0,0,0,1,"Paramilitary groups"
9310,1,0,0,0,1,0,0,0,1,0,0,0,0,0,"Guerrilla groups"
9311,0,0,0,0,0,1,0,0,0,0,0,0,0,1,"Guerrilla groups"
9317,0,0,0,0,0,0,0,0,0,0,1,0,0,1,"Paramilitary groups"
9319,0,1,1,0,1,0,0,0,1,0,0,0,0,0,"Paramilitary groups"
9320,0,1,1,0,1,0,0,0,1,0,0,0,0,0,"Paramilitary groups"
9321,0,1,1,0,1,0,0,0,1,0,0,0,0,0,"Paramilitary groups"
9322,0,1,1,0,1,0,0,0,1,0,0,0,0,0,"Paramilitary groups"
9323,0,1,1,0,0,0,0,0,0,0,0,0,0,1,"Paramilitary groups"
9324,0,1,1,0,0,0,0,0,0,0,0,0,0,1,"Paramilitary groups"
9325,0,1,1,0,0,0,0,0,0,0,0,0,0,1,"Paramilitary groups"
9326,0,1,1,0,0,0,0,0,0,0,0,0,0,1,"Paramilitary groups"
9327,0,1,1,0,0,0,0,0,0,0,0,0,0,1,"Paramilitary groups"
9335,0,0,0,0,0,1,0,0,1,0,0,0,0,0,"Guerrilla groups"
9355,0,0,1,0,0,0,0,0,0,0,0,0,0,1,"Guerrilla groups"
9362,0,0,1,0,0,0,0,0,0,1,0,0,1,1,"Other armed groups"
9367,1,1,0,0,0,0,0,0,0,0,0,0,0,0,"Guerrilla groups"
9368,0,0,0,1,1,0,0,0,0,0,0,0,0,0,"Paramilitary groups"
9369,0,0,0,1,1,0,0,0,0,0,0,0,0,0,"Paramilitary groups"
9370,0,0,0,1,1,0,0,0,0,0,0,0,0,0,"Paramilitary groups"
9371,0,0,0,1,1,0,0,0,0,0,0,0,0,0,"Paramilitary groups"
9372,0,0,0,1,1,0,0,0,0,0,0,0,0,0,"Paramilitary groups"
9424,0,0,1,1,1,0,0,0,0,0,0,1,0,1,"Guerrilla groups"
9425,0,0,1,1,1,0,0,0,0,0,0,1,0,1,"Guerrilla groups"
9427,0,0,0,0,0,0,0,0,0,0,0,0,1,1,"Paramilitary groups"
9434,0,0,1,0,0,0,0,0,0,0,0,0,0,1,"Guerrilla groups"
9435,0,0,0,1,1,0,0,0,0,0,0,0,0,0,"Other armed groups"
9436,0,0,0,1,1,0,0,0,0,0,0,0,0,0,"Other armed groups"
9437,0,0,1,0,0,0,0,0,0,0,0,0,0,1,"Other armed groups"
9438,1,0,0,0,0,0,0,0,0,0,0,1,0,0,"Guerrilla groups"
9439,0,0,0,1,1,0,0,0,1,0,0,0,0,0,"Guerrilla groups"
9440,0,0,0,0,0,1,0,0,0,0,0,0,0,1,"Guerrilla groups"
9441,0,1,0,0,0,0,0,0,0,0,0,0,0,1,"Guerrilla groups"
9442,0,1,0,0,0,0,0,0,0,0,0,0,0,1,"Guerrilla groups"
9443,0,1,0,0,0,0,0,0,0,0,0,0,0,1,"Guerrilla groups"
9445,0,0,1,0,0,0,0,0,0,1,0,0,0,0,"Guerrilla groups"
9448,0,0,0,0,0,0,0,0,0,1,0,0,0,1,"Other armed groups"
9449,0,0,0,0,0,0,0,0,0,1,0,0,0,1,"Other armed groups"
9459,0,0,1,0,0,0,0,0,0,0,1,0,0,1,"Other armed groups"
9460,0,0,0,0,1,1,0,0,1,0,0,0,0,0,"Guerrilla groups"
9461,0,0,0,0,1,1,0,0,0,0,0,0,0,0,"Guerrilla groups"
9470,0,0,1,0,0,0,0,0,0,0,0,0,0,1,"Other armed groups"
9473,0,0,0,0,0,1,0,0,0,0,0,0,0,1,"Paramilitary groups"
9474,0,0,0,0,0,1,0,0,0,0,0,0,0,1,"Guerrilla groups"
9478,0,0,1,0,0,0,0,0,0,0,0,0,0,1,"Other armed groups"
9479,0,1,0,0,0,0,0,0,0,0,0,1,0,0,"Guerrilla groups"
9482,0,1,0,0,0,0,0,0,0,0,0,1,0,0,"Guerrilla groups"
9485,0,0,1,1,0,0,0,0,0,0,0,0,0,1,"Other armed groups"
9486,0,0,1,1,0,0,0,0,0,0,0,0,0,1,"Other armed groups"
9490,0,1,1,0,1,1,0,0,0,0,0,0,0,1,"Paramilitary groups"
9491,0,1,1,0,1,1,0,0,0,0,0,0,0,1,"Paramilitary groups"
9492,0,1,1,0,1,1,0,0,0,0,0,0,0,1,"Paramilitary groups"
9493,0,1,0,0,0,0,0,0,0,0,0,1,0,0,"Guerrilla groups"
9494,0,0,1,0,1,0,0,0,0,0,0,0,0,1,"Guerrilla groups"
9496,0,0,1,0,0,0,0,0,0,0,0,0,0,1,"Guerrilla groups"
9497,0,0,1,0,0,0,0,0,0,0,0,0,0,1,"Guerrilla groups"
9498,0,0,1,0,0,0,0,0,0,0,0,0,0,1,"Guerrilla groups"
9499,0,0,1,0,0,0,0,0,0,0,0,0,0,1,"Guerrilla groups"
9500,0,0,1,0,0,0,0,0,0,0,0,0,0,1,"Guerrilla groups"
9501,0,0,1,0,0,0,0,0,0,0,0,0,0,1,"Guerrilla groups"
9502,0,0,1,0,0,0,0,0,0,0,0,0,0,1,"Guerrilla groups"
9503,0,0,1,0,0,0,0,0,0,0,0,0,0,1,"Guerrilla groups"
9504,0,0,1,0,0,0,0,0,0,0,0,0,0,1,"Guerrilla groups"
9514,0,0,0,0,0,0,1,0,0,0,0,0,0,1,"Guerrilla groups"
9515,0,0,0,0,0,0,1,0,0,0,0,0,0,1,"Guerrilla groups"
9516,0,0,0,0,0,0,1,0,0,0,0,0,0,1,"Guerrilla groups"
9517,0,0,0,0,0,0,1,0,0,0,0,0,0,1,"Guerrilla groups"
9518,0,0,0,0,0,0,1,0,0,0,0,0,0,1,"Guerrilla groups"
9519,0,0,0,0,0,0,1,0,0,0,0,0,0,1,"Guerrilla groups"
9520,0,0,0,0,0,0,1,0,0,0,0,0,0,1,"Guerrilla groups"
9521,0,0,0,0,0,0,1,0,0,0,0,0,0,1,"Guerrilla groups"
9522,0,0,0,0,0,0,1,0,0,0,0,0,0,1,"Guerrilla groups"
9523,0,0,1,0,0,0,0,0,0,0,0,0,0,1,"Guerrilla groups"
9524,1,0,1,0,0,1,0,0,0,0,0,0,0,0,"Guerrilla groups"
9525,0,0,1,0,0,0,0,0,0,0,0,0,0,1,"Guerrilla groups"
9526,0,0,1,0,0,0,0,0,0,0,0,0,0,1,"Guerrilla groups"
9527,0,0,1,0,0,0,0,0,0,0,0,0,0,1,"Other armed groups"
9528,0,0,1,0,0,0,0,0,0,0,0,0,0,1,"Guerrilla groups"
9529,0,0,1,0,0,0,0,0,0,0,0,0,0,1,"Guerrilla groups"
9530,0,0,1,0,0,0,0,0,0,0,0,0,0,1,"Guerrilla groups"
9531,0,0,1,0,0,0,0,0,0,0,0,0,0,1,"Guerrilla groups"
9553,0,0,1,0,0,0,0,0,0,0,0,0,0,1,"Paramilitary groups"
9554,0,0,1,0,0,0,0,0,0,0,0,0,0,1,"Paramilitary groups"
9555,0,0,1,0,0,0,0,0,0,0,0,0,0,1,"Paramilitary groups"
9556,0,0,1,0,0,0,0,0,0,0,0,0,0,1,"Paramilitary groups"
9557,0,0,1,0,0,0,0,0,0,0,0,0,0,1,"Paramilitary groups"
9558,0,0,1,0,0,0,0,0,0,0,0,0,0,1,"Paramilitary groups"
9559,0,0,1,0,0,0,0,0,0,0,0,0,0,1,"Paramilitary groups"
9560,0,0,1,0,0,0,0,0,0,0,0,0,0,1,"Paramilitary groups"
9561,0,0,1,0,0,0,0,0,0,0,0,0,0,1,"Paramilitary groups"
9562,0,0,1,0,0,0,0,0,0,0,0,0,0,1,"Paramilitary groups"
9573,0,0,0,1,1,0,0,1,0,0,0,0,0,0,"Other armed groups"
9575,0,0,1,0,0,1,0,0,0,0,0,0,0,0,"Paramilitary groups"
9584,0,0,1,0,0,0,0,0,0,0,0,0,0,1,"Paramilitary groups"
9585,0,0,1,0,0,0,0,0,0,0,0,0,0,1,"Paramilitary groups"
9586,0,0,1,0,0,0,0,0,0,0,0,0,0,1,"Paramilitary groups"
9587,0,0,1,0,0,0,0,0,0,0,0,0,0,1,"Paramilitary groups"
9588,0,0,1,0,0,0,0,0,0,0,0,0,0,1,"Paramilitary groups"
9594,0,0,1,0,0,0,0,0,0,0,0,0,0,1,"Paramilitary groups"
9600,0,0,1,0,1,0,0,0,0,0,0,0,0,0,"Paramilitary groups"
9601,0,0,1,0,0,0,0,0,0,0,0,0,0,1,"Paramilitary groups"
9602,0,0,1,0,0,0,0,0,0,0,0,0,0,1,"Paramilitary groups"
9603,0,0,1,0,0,0,0,0,0,0,0,0,0,1,"Paramilitary groups"
9604,0,0,1,0,0,0,0,0,0,0,0,0,0,1,"Paramilitary groups"
9605,0,0,1,0,0,0,0,0,0,0,0,0,0,1,"Paramilitary groups"
9606,0,0,1,0,0,0,0,0,0,0,0,0,0,1,"Paramilitary groups"
9608,0,0,1,1,1,0,0,0,0,0,0,0,1,1,"Paramilitary groups"
9621,0,0,0,0,0,0,1,0,0,0,0,0,0,1,"Guerrilla groups"
9632,0,0,0,0,1,1,0,0,0,0,0,0,0,0,"Guerrilla groups"
9633,0,0,0,0,0,0,0,0,0,0,0,0,1,1,"Guerrilla groups"
9634,0,0,0,0,0,0,0,0,0,0,0,0,1,1,"Guerrilla groups"
9635,0,0,0,0,0,0,0,0,0,0,0,0,1,1,"Guerrilla groups"
9637,0,0,1,0,1,0,0,0,0,0,0,0,0,0,"Paramilitary groups"
9653,0,0,1,0,1,0,0,0,0,0,1,0,1,0,"Other armed groups"
9654,0,0,1,0,0,0,0,0,0,0,1,0,0,0,"Other armed groups"
9655,0,0,1,0,0,0,0,0,0,0,0,0,0,1,"Other armed groups"
9656,0,0,1,0,0,0,0,0,0,0,0,0,0,1,"Other armed groups"
9657,0,0,1,0,0,0,0,0,0,0,0,0,0,1,"Other armed groups"
9658,0,0,1,0,0,0,0,0,0,0,0,0,0,1,"Other armed groups"
9659,0,0,1,0,0,0,0,0,0,0,0,0,0,1,"Other armed groups"
9660,0,0,1,0,0,0,0,0,0,0,0,0,0,1,"Other armed groups"
9661,0,0,1,0,0,0,0,0,0,0,0,0,0,1,"Other armed groups"
9662,0,0,1,0,0,0,0,0,0,0,0,0,0,1,"Other armed groups"
9663,0,0,0,0,0,0,0,0,1,1,0,0,0,0,"Paramilitary groups"
9664,0,0,0,0,0,0,0,0,1,1,0,0,0,0,"Paramilitary groups"
9665,0,0,0,0,0,0,0,0,1,1,0,0,0,0,"Paramilitary groups"
9666,0,0,0,0,0,0,0,0,1,1,0,0,0,0,"Paramilitary groups"
9667,0,0,1,0,0,0,0,0,0,0,0,0,0,1,"Paramilitary groups"
9668,0,0,1,0,0,0,0,0,0,0,0,0,0,1,"Paramilitary groups"
9669,0,0,1,0,0,0,0,0,0,0,0,0,0,1,"Paramilitary groups"
9673,0,0,0,0,0,0,0,0,0,0,0,0,1,1,"Paramilitary groups"
9677,0,0,1,0,0,0,0,0,0,0,0,0,0,1,"Guerrilla groups"
9678,0,0,1,0,0,0,0,0,0,0,0,0,0,1,"Guerrilla groups"
9679,0,0,1,0,0,0,0,0,0,0,0,0,0,1,"Guerrilla groups"
9680,0,0,1,0,0,0,0,0,0,0,0,0,0,1,"Guerrilla groups"
9681,0,0,1,0,0,0,0,0,0,0,0,0,0,1,"Guerrilla groups"
9682,0,0,1,0,0,0,0,0,0,0,0,0,0,1,"Guerrilla groups"
9683,0,0,1,0,0,0,0,0,1,0,0,0,0,0,"Guerrilla groups"
9691,0,1,1,0,0,0,0,0,0,1,0,0,0,0,"Guerrilla groups"
9696,0,0,1,0,0,0,0,0,0,0,0,0,0,1,"Other armed groups"
9697,0,1,1,0,1,0,0,0,0,0,0,0,0,0,"Guerrilla groups"
9698,0,0,1,0,0,0,0,0,0,0,0,0,0,1,"Guerrilla groups"
9701,0,0,1,0,0,0,0,0,0,0,0,1,1,1,"Guerrilla groups"
9702,0,0,1,0,0,0,0,0,0,0,0,1,1,1,"Guerrilla groups"
9703,0,0,1,0,0,0,0,0,0,0,0,1,1,1,"Guerrilla groups"
9704,0,0,1,0,0,0,0,0,0,0,0,1,1,1,"Guerrilla groups"
9705,0,0,1,0,0,0,0,0,0,0,0,1,1,1,"Guerrilla groups"
9706,0,0,1,0,0,0,0,0,0,0,0,1,1,1,"Guerrilla groups"
9714,0,0,0,0,1,1,0,0,0,0,0,0,0,0,"Paramilitary groups"
9717,0,0,1,0,0,0,0,0,0,0,0,0,1,1,"Guerrilla groups"
9719,0,0,1,0,0,0,0,0,0,0,1,0,0,0,"Other armed groups"
9720,0,0,1,0,0,0,0,0,0,0,1,0,0,0,"Other armed groups"
9721,0,0,1,0,0,0,0,0,0,0,1,0,0,0,"Other armed groups"
9722,0,0,1,0,0,0,0,0,0,0,1,0,0,0,"Other armed groups"
9728,0,0,0,1,0,0,0,0,1,0,0,0,0,0,"Other armed groups"
9739,0,0,1,0,0,0,0,0,0,0,0,0,0,1,"Paramilitary groups"
9740,1,0,1,0,0,0,0,0,0,0,0,0,0,0,"Paramilitary groups"
9741,0,0,0,0,1,1,0,0,1,0,0,0,0,0,"Paramilitary groups"
9745,0,0,0,0,0,0,0,0,1,0,1,0,0,0,"Guerrilla groups"
9746,0,0,0,0,0,0,0,0,1,0,1,0,0,0,"Paramilitary groups"
9748,0,1,0,0,1,0,0,0,0,0,0,0,0,0,"Other armed groups"
9755,0,0,0,0,0,0,1,0,0,0,0,0,0,1,"Guerrilla groups"
9759,0,0,0,1,0,0,1,0,0,0,0,0,0,0,"Guerrilla groups"
9766,0,0,1,0,1,0,0,0,1,0,1,0,0,0,"Paramilitary groups"
9767,0,0,1,0,0,0,0,0,0,0,0,0,0,1,"Paramilitary groups"
9768,0,0,1,0,0,0,0,0,0,0,0,0,0,1,"Paramilitary groups"
9769,0,0,1,0,0,0,0,0,0,0,1,0,0,0,"Paramilitary groups"
9772,0,0,1,0,0,0,0,0,0,1,0,0,0,0,"Paramilitary groups"
9773,0,0,1,0,0,0,0,0,0,1,0,0,0,0,"Paramilitary groups"
9774,0,0,1,0,1,0,0,0,0,0,0,0,1,1,"Paramilitary groups"
9775,0,0,1,0,1,0,0,0,0,0,0,0,1,1,"Paramilitary groups"
9776,0,0,1,0,1,0,0,0,0,0,0,0,1,1,"Paramilitary groups"
9783,0,0,0,0,1,1,0,0,0,0,0,0,0,0,"Other armed groups"
9784,0,0,0,0,1,1,0,0,0,0,0,0,0,0,"Other armed groups"
9785,0,0,0,0,1,1,0,0,0,0,0,0,0,0,"Other armed groups"
9786,0,0,0,0,1,0,0,1,0,0,0,0,0,0,"Other armed groups"
9791,0,0,1,0,1,0,0,0,0,0,0,0,0,0,"Guerrilla groups"
9792,0,0,1,0,1,0,0,0,0,0,0,0,0,0,"Guerrilla groups"
9794,0,0,1,0,0,0,0,0,0,1,1,0,0,0,"Paramilitary groups"
9795,0,0,0,0,0,0,0,0,0,0,0,0,1,1,"Paramilitary groups"
9799,0,0,1,0,1,0,0,0,0,0,0,0,0,0,"Paramilitary groups"
9800,0,0,1,0,1,0,0,0,0,0,0,0,0,0,"Paramilitary groups"
9805,0,0,0,0,1,1,0,0,0,0,0,0,0,0,"Other armed groups"
9848,0,0,1,0,0,0,0,0,0,0,0,1,0,1,"Guerrilla groups"
9849,0,0,1,0,0,0,0,0,0,0,0,1,0,1,"Guerrilla groups"
9850,0,0,1,0,0,0,0,0,0,0,0,1,0,1,"Guerrilla groups"
9851,0,0,1,0,0,0,0,0,0,0,0,1,0,1,"Guerrilla groups"
9868,0,0,1,0,0,0,0,0,0,0,0,0,0,1,"Guerrilla groups"
9870,0,0,1,0,1,0,0,0,0,0,1,0,0,0,"Guerrilla groups"
9871,0,0,1,0,1,0,0,0,0,0,1,0,0,0,"Guerrilla groups"
9872,0,0,1,0,1,1,0,0,0,0,0,0,0,0,"Guerrilla groups"
9873,0,0,1,0,1,1,0,0,0,0,0,0,0,0,"Guerrilla groups"
9874,0,0,1,0,0,1,0,0,0,0,0,0,0,0,"Guerrilla groups"
9875,0,0,1,0,0,1,0,0,0,0,0,0,0,0,"Guerrilla groups"
9879,0,0,0,0,1,1,0,0,1,0,0,0,0,0,"Guerrilla groups"
9880,0,0,1,0,0,0,0,0,0,0,0,0,0,1,"Other armed groups"
9881,0,0,0,0,0,0,0,0,0,0,0,0,1,1,"Other armed groups"
9882,0,0,1,0,1,0,0,0,0,0,0,0,1,0,"Paramilitary groups"
9885,0,0,0,0,0,0,0,0,0,0,0,1,0,1,"Paramilitary groups"
9889,0,0,0,0,0,0,0,0,0,0,0,0,1,1,"Paramilitary groups"
9890,0,0,1,0,0,0,0,0,0,0,0,0,0,1,"Paramilitary groups"
9895,0,1,1,0,1,0,0,0,0,0,0,0,0,0,"Paramilitary groups"
9896,1,0,0,1,0,0,0,0,0,0,0,0,0,0,"Paramilitary groups"
9897,0,0,0,0,1,0,0,0,0,0,0,0,1,0,"Other armed groups"
9901,0,0,1,0,0,0,0,1,0,0,0,0,0,0,"Other armed groups"
9904,1,0,0,1,0,0,0,0,0,0,0,0,0,0,"Other armed groups"
9906,1,0,0,1,0,0,0,0,0,0,0,0,0,0,"Other armed groups"
9907,1,0,0,1,0,0,0,0,0,0,0,0,0,0,"Other armed groups"
9910,0,0,1,0,1,1,0,0,0,0,0,0,0,0,"Paramilitary groups"
9911,0,0,1,0,0,0,0,0,0,0,0,0,0,1,"Paramilitary groups"
9917,0,1,1,0,0,0,0,0,0,0,0,0,0,1,"Guerrilla groups"
9921,0,0,1,0,1,1,0,0,0,0,0,0,0,0,"Guerrilla groups"
9922,0,0,1,0,0,0,0,0,0,0,0,0,0,1,"Guerrilla groups"
9927,0,0,1,0,0,0,0,0,0,0,0,0,0,1,"Paramilitary groups"
9928,0,0,0,1,1,1,0,1,0,0,0,0,0,0,"Paramilitary groups"
9931,0,0,0,0,0,0,0,0,0,1,0,0,0,1,"Other armed groups"
9933,0,0,0,0,0,0,0,0,1,0,0,0,0,1,"Paramilitary groups"
9940,1,0,0,0,1,0,0,0,0,0,0,0,0,0,"Paramilitary groups"
9943,0,0,0,0,1,0,1,0,0,0,0,0,0,1,"Paramilitary groups"
9944,0,0,1,0,0,0,0,0,0,0,0,0,0,1,"Paramilitary groups"
9945,0,0,1,0,0,0,0,0,0,0,0,0,0,1,"Paramilitary groups"
9946,0,0,1,0,0,0,0,0,0,0,0,0,0,1,"Paramilitary groups"
9955,1,0,0,1,0,0,0,0,0,0,0,0,0,0,"Guerrilla groups"
9956,0,0,1,0,1,1,0,0,0,0,0,0,0,0,"Guerrilla groups"
9957,0,0,1,0,0,0,0,0,0,0,0,0,0,1,"Paramilitary groups"
9958,0,0,1,0,0,0,0,0,0,0,0,0,0,1,"Paramilitary groups"
9959,0,0,1,0,0,0,0,0,0,0,0,0,0,1,"Paramilitary groups"
9962,0,0,1,0,0,0,0,0,0,0,0,0,0,1,"Guerrilla groups"
9963,0,0,1,0,1,0,0,0,0,1,0,0,0,0,"Guerrilla groups"
9968,0,0,1,0,0,1,0,0,0,0,0,0,0,0,"Guerrilla groups"
9976,1,0,0,1,1,0,0,0,0,0,0,0,0,0,"Guerrilla groups"
9978,0,0,1,0,0,0,0,0,0,0,0,0,0,1,"Guerrilla groups"
9979,0,0,1,0,0,0,0,0,0,0,0,0,0,1,"Guerrilla groups"
9984,0,0,1,0,0,0,0,0,0,0,0,0,0,1,"Guerrilla groups"
9985,0,0,1,0,0,0,0,0,0,0,0,0,1,1,"Guerrilla groups"
9986,0,0,1,0,0,0,0,0,0,0,0,0,1,1,"Guerrilla groups"
9990,0,0,0,0,0,0,1,0,0,0,0,0,0,1,"Guerrilla groups"
9991,0,0,1,0,1,0,0,0,0,0,0,0,0,0,"Guerrilla groups"
9993,0,0,1,0,0,0,0,0,0,0,1,0,0,0,"Paramilitary groups"
9995,0,0,1,0,0,0,0,0,0,0,1,0,0,0,"Guerrilla groups"
9996,1,0,0,0,0,0,0,0,0,0,0,0,1,0,"Guerrilla groups"
9997,1,0,0,0,0,0,0,0,0,0,0,0,1,0,"Guerrilla groups"
9998,0,0,1,0,1,0,0,0,1,0,0,0,0,0,"Guerrilla groups"
10001,0,0,1,0,0,0,0,0,0,0,0,0,0,1,"Guerrilla groups"
10013,0,0,1,0,0,0,0,0,0,0,0,0,0,1,"Guerrilla groups"
10014,0,0,1,0,0,0,0,0,0,0,0,0,1,1,"Paramilitary groups"
10015,0,0,0,0,0,0,1,0,0,0,0,0,0,1,"Guerrilla groups"
10018,0,0,1,0,0,0,0,0,0,0,0,0,0,1,"Paramilitary groups"
10019,0,0,1,1,0,0,0,0,0,0,0,0,0,0,"Paramilitary groups"
10020,0,0,1,0,0,0,0,0,0,0,0,0,0,1,"Paramilitary groups"
10027,0,0,1,0,0,0,0,0,0,0,0,0,0,1,"Paramilitary groups"
10028,0,0,1,0,0,0,0,0,0,0,0,0,0,1,"Paramilitary groups"
10029,0,0,1,0,0,0,0,0,0,0,0,0,0,1,"Paramilitary groups"
10030,0,0,1,0,0,0,0,0,0,0,0,0,0,1,"Paramilitary groups"
10035,0,0,1,0,0,0,0,0,0,0,0,0,0,1,"Paramilitary groups"
10036,0,0,1,0,0,0,0,0,0,0,0,0,0,1,"Paramilitary groups"
10038,0,0,1,0,0,0,0,0,0,0,0,0,0,1,"Guerrilla groups"
10039,0,0,1,0,0,0,0,0,0,0,0,0,0,1,"Guerrilla groups"
10040,0,0,1,0,0,0,0,0,0,0,0,0,0,1,"Guerrilla groups"
10041,0,0,1,0,0,0,0,0,0,0,0,0,0,1,"Guerrilla groups"
10042,0,0,1,0,0,0,0,0,0,0,0,0,0,1,"Guerrilla groups"
10043,0,0,1,0,0,0,0,0,0,0,0,0,0,1,"Guerrilla groups"
10044,0,0,1,0,0,0,0,0,0,0,0,0,0,1,"Guerrilla groups"
10046,0,0,0,0,0,0,1,0,0,0,0,0,0,1,"Guerrilla groups"
10051,1,0,0,0,0,1,0,0,0,0,0,0,0,0,"Paramilitary groups"
10058,0,0,1,0,0,1,0,0,0,0,0,0,0,0,"Paramilitary groups"
10060,0,0,1,0,0,0,0,0,0,0,0,0,0,1,"Paramilitary groups"
10070,0,0,0,1,0,0,1,0,0,0,0,0,0,0,"Paramilitary groups"
10071,0,0,1,0,1,1,0,0,1,0,0,0,0,0,"Guerrilla groups"
10072,0,0,0,0,1,1,0,0,0,0,0,0,0,0,"Other armed groups"
10073,0,0,1,0,0,0,0,0,0,0,0,0,0,1,"Other armed groups"
10074,0,0,1,0,0,0,0,0,0,0,0,0,0,1,"Other armed groups"
10075,0,0,1,0,0,0,0,0,0,0,0,0,0,1,"Other armed groups"
10076,0,0,1,1,0,0,0,0,0,0,0,0,0,0,"Other armed groups"
10082,0,0,1,0,0,0,0,0,0,0,0,0,0,1,"Paramilitary groups"
10087,1,0,0,1,0,0,0,0,0,0,0,0,0,0,"Guerrilla groups"
10116,0,0,0,0,1,0,0,1,0,0,0,0,0,0,"Other armed groups"
10129,0,0,0,0,0,0,0,0,0,0,0,1,0,1,"Paramilitary groups"
10130,0,0,0,0,0,0,0,0,0,0,0,1,0,1,"Paramilitary groups"
10132,1,0,0,0,0,0,0,0,1,0,0,0,0,0,"Guerrilla groups"
10133,0,0,1,0,0,0,0,0,1,0,0,0,0,0,"Guerrilla groups"
10137,0,0,1,0,0,0,0,0,0,0,0,0,0,1,"Guerrilla groups"
10142,0,0,0,0,1,1,1,0,1,0,0,0,1,1,"Guerrilla groups"
10143,0,0,1,0,0,0,0,0,0,0,0,0,0,1,"Paramilitary groups"
10144,0,0,1,0,1,1,0,0,0,0,0,0,0,1,"Guerrilla groups"
10145,1,0,0,0,0,0,0,1,0,0,0,0,0,0,"Paramilitary groups"
10147,0,0,1,0,0,0,0,0,0,0,0,0,1,1,"Paramilitary groups"
10148,0,0,1,0,0,0,0,0,0,0,0,0,1,1,"Paramilitary groups"
10149,0,0,0,0,1,0,0,0,0,0,0,0,0,1,"Paramilitary groups"
10150,0,0,1,0,1,1,0,0,0,0,0,0,0,0,"Guerrilla groups"
10151,0,0,0,0,1,0,0,0,0,1,0,1,0,0,"Guerrilla groups"
10152,0,0,0,0,1,0,0,0,0,1,0,1,0,0,"Guerrilla groups"
10179,0,0,1,0,0,0,0,0,0,0,0,0,0,1,"Paramilitary groups"
10180,0,0,1,0,0,0,0,0,0,0,0,0,0,1,"Paramilitary groups"
10186,1,1,0,0,0,0,0,0,0,0,0,0,0,0,"Guerrilla groups"
10187,1,1,0,0,0,0,0,0,0,0,0,0,0,0,"Guerrilla groups"
10188,0,0,1,0,0,0,0,0,0,0,0,0,0,1,"Guerrilla groups"
10198,0,1,0,0,0,0,0,0,0,0,0,0,0,1,"Guerrilla groups"
10199,0,0,0,1,0,0,0,0,1,0,0,0,0,0,"Guerrilla groups"
10200,1,0,0,0,0,0,0,0,1,0,0,0,0,0,"Guerrilla groups"
10201,0,0,1,0,0,0,0,0,0,0,0,0,0,1,"Guerrilla groups"
10205,0,0,1,0,1,0,0,0,1,0,0,0,0,0,"Other armed groups"
10213,0,0,1,0,0,0,0,0,0,0,0,0,0,1,"Guerrilla groups"
10220,0,0,1,0,0,0,0,0,0,0,0,0,0,1,"Paramilitary groups"
10223,1,0,1,0,0,0,0,0,0,0,0,0,0,0,"Guerrilla groups"
10224,0,0,1,0,0,0,0,0,0,0,0,0,0,1,"Guerrilla groups"
10225,0,0,0,0,0,1,1,0,0,0,0,0,0,0,"Guerrilla groups"
10239,0,0,0,0,0,0,0,0,0,0,0,0,1,1,"Guerrilla groups"
10241,0,0,1,0,0,0,0,0,0,0,0,0,0,1,"Guerrilla groups"
10242,0,0,1,0,0,0,0,0,0,0,0,0,0,1,"Guerrilla groups"
10243,0,0,1,0,0,0,0,0,0,0,0,0,0,1,"Guerrilla groups"
10245,0,0,0,0,1,0,0,1,0,0,0,0,0,0,"Other armed groups"
10253,0,0,0,0,0,0,0,0,1,0,1,0,0,0,"Paramilitary groups"
10258,0,0,0,0,1,1,0,0,1,0,0,0,0,0,"Paramilitary groups"
10259,1,0,0,0,1,0,0,0,0,0,0,0,0,0,"Paramilitary groups"
10261,0,0,1,0,1,0,0,0,0,0,0,0,0,0,"Other armed groups"
10262,0,0,1,0,1,0,0,0,0,1,0,0,0,0,"Other armed groups"
10268,0,0,1,0,0,0,0,0,0,0,0,0,0,1,"Guerrilla groups"
10269,0,0,1,0,0,0,0,0,0,0,0,0,0,1,"Guerrilla groups"
10270,0,0,0,0,0,0,0,0,1,0,0,0,0,1,"Guerrilla groups"
10282,1,0,0,0,0,0,0,0,0,0,1,0,0,0,"Paramilitary groups"
10285,0,0,1,0,0,0,0,0,0,0,1,0,0,0,"Guerrilla groups"
10287,0,0,1,0,0,0,0,0,0,0,0,0,0,1,"Paramilitary groups"
10288,0,0,1,0,0,0,0,0,0,0,0,0,0,1,"Other armed groups"
10291,0,0,0,1,0,0,1,0,0,0,0,0,0,0,"Guerrilla groups"
10295,0,0,1,0,0,0,0,0,0,0,0,0,0,1,"Other armed groups"
10296,0,0,1,0,0,0,0,0,0,0,0,0,0,1,"Other armed groups"
10306,1,0,0,1,0,0,0,0,0,0,0,0,0,0,"Paramilitary groups"
10307,1,0,0,1,0,0,0,0,0,0,0,0,0,0,"Paramilitary groups"
10310,0,0,1,0,0,0,0,0,0,0,1,0,0,0,"Paramilitary groups"
10321,0,0,0,0,1,1,0,0,0,0,0,0,0,0,"Guerrilla groups"
10323,0,0,1,0,1,1,0,0,0,0,0,0,0,1,"Paramilitary groups"
10332,0,0,1,0,0,1,0,0,1,0,0,0,0,0,"Paramilitary groups"
10337,0,0,0,0,1,1,0,0,1,0,0,0,0,0,"Paramilitary groups"
10338,1,0,0,0,0,0,0,0,0,0,1,0,0,0,"Other armed groups"
10339,0,0,1,0,0,0,0,0,0,0,0,0,0,1,"Guerrilla groups"
10344,0,1,0,0,0,0,0,1,0,0,0,0,0,0,"Other armed groups"
10364,0,0,1,0,0,0,0,0,0,0,0,0,0,1,"Guerrilla groups"
10369,1,1,1,0,0,0,0,0,0,0,0,0,0,0,"Guerrilla groups"
10384,0,0,1,0,0,0,0,0,0,0,0,0,0,1,"Paramilitary groups"
10396,1,0,0,1,1,0,0,0,0,0,0,0,0,0,"Paramilitary groups"
10409,0,0,1,0,0,0,0,0,0,0,1,0,0,0,"Paramilitary groups"
10411,0,0,1,0,0,0,0,0,0,0,0,0,0,1,"Paramilitary groups"
10412,0,0,0,0,0,1,0,0,1,0,0,0,0,0,"Paramilitary groups"
10423,0,0,1,0,1,0,0,1,0,0,0,0,0,0,"Other armed groups"
10428,0,0,0,0,0,1,1,0,0,0,0,0,0,0,"Guerrilla groups"
10431,0,0,1,0,0,0,0,0,0,0,0,0,0,1,"Other armed groups"
10434,0,0,0,1,1,0,0,0,0,1,0,0,0,0,"Paramilitary groups"
10440,0,1,0,0,0,0,0,0,0,0,0,1,0,0,"Other armed groups"
10441,0,1,0,0,0,0,0,0,0,0,0,1,0,0,"Other armed groups"
10442,0,1,0,0,0,0,0,0,0,0,0,1,0,0,"Other armed groups"
10443,0,1,0,0,0,0,0,0,0,0,0,1,0,0,"Other armed groups"
10444,0,1,0,0,0,0,0,0,0,0,0,1,0,0,"Other armed groups"
10445,1,0,0,0,0,0,0,0,0,0,0,1,0,0,"Other armed groups"
10446,1,0,0,0,0,0,0,0,0,0,0,1,0,0,"Other armed groups"
10447,1,0,0,0,0,0,0,0,0,0,0,1,0,0,"Other armed groups"
10448,1,0,0,0,0,0,0,0,0,0,0,1,0,0,"Other armed groups"
10450,0,0,1,0,0,0,0,0,0,0,0,0,0,1,"Paramilitary groups"
10451,0,0,1,0,0,0,0,0,0,0,0,0,0,1,"Guerrilla groups"
10452,0,0,1,0,0,0,0,0,0,0,0,0,0,1,"Guerrilla groups"
10453,0,0,1,0,0,0,0,0,0,0,0,0,0,1,"Guerrilla groups"
10454,0,0,1,0,0,0,0,0,0,0,0,0,0,1,"Guerrilla groups"
10455,0,0,1,0,0,0,0,0,0,0,0,0,0,1,"Guerrilla groups"
10490,0,0,1,0,1,1,0,0,0,0,1,0,0,0,"Other armed groups"
10491,0,0,1,0,1,1,0,0,0,0,1,0,0,0,"Other armed groups"
10493,0,0,0,0,0,0,1,0,0,0,0,0,0,1,"Guerrilla groups"
10494,0,0,0,0,0,0,0,0,0,0,0,0,1,1,"Guerrilla groups"
10495,0,0,0,0,1,1,0,0,0,0,0,0,0,0,"Paramilitary groups"
10496,0,0,1,0,0,0,0,0,0,0,0,0,0,1,"Paramilitary groups"
10497,0,0,0,0,1,0,0,0,1,0,0,0,0,0,"Paramilitary groups"
10504,1,0,0,0,1,0,0,0,0,0,0,0,0,0,"Other armed groups"
10505,0,0,0,0,0,0,0,0,0,1,0,0,1,1,"Other armed groups"
10507,1,0,0,0,0,0,1,0,0,0,0,0,0,0,"Guerrilla groups"
10513,0,0,1,0,0,0,0,0,0,0,0,0,0,1,"Guerrilla groups"
10533,0,0,1,0,0,1,0,0,0,0,0,0,0,0,"Guerrilla groups"
10535,0,1,0,0,1,0,0,0,1,0,0,0,0,0,"Paramilitary groups"
10557,0,0,1,0,0,0,0,0,0,0,0,0,0,1,"Guerrilla groups"
10558,0,0,1,0,0,0,0,0,0,0,0,0,0,1,"Guerrilla groups"
10563,0,0,0,0,0,0,1,0,0,0,1,0,0,0,"Guerrilla groups"
10565,0,0,1,0,0,0,0,0,0,0,0,0,0,1,"Paramilitary groups"
10567,0,0,1,0,0,0,0,0,0,0,0,0,0,1,"Paramilitary groups"
10570,0,0,1,0,0,0,0,0,0,0,1,0,0,0,"Guerrilla groups"
10580,0,0,1,0,0,0,0,0,0,0,0,0,0,1,"Guerrilla groups"
10581,0,0,1,0,0,0,0,0,0,0,0,0,0,1,"Guerrilla groups"
10582,0,0,1,0,0,0,0,0,0,0,0,0,0,1,"Guerrilla groups"
10585,0,0,0,0,1,0,0,0,1,0,0,0,0,0,"Paramilitary groups"
10605,0,0,0,1,0,0,0,0,1,0,0,0,0,0,"Paramilitary groups"
10606,0,0,1,0,0,0,0,0,0,1,1,0,0,0,"Guerrilla groups"
10608,0,0,1,0,0,0,0,0,0,0,0,0,0,1,"Guerrilla groups"
10615,0,0,0,0,1,0,0,0,1,0,0,0,0,0,"Guerrilla groups"
10621,0,0,1,0,0,0,0,0,0,0,1,0,0,0,"Guerrilla groups"
10627,0,0,0,0,0,0,0,0,0,0,0,0,1,1,"Paramilitary groups"
10628,0,0,0,0,0,0,0,0,0,0,0,0,1,1,"Paramilitary groups"
10634,1,0,1,0,0,0,0,0,0,0,0,0,0,0,"Paramilitary groups"
10635,0,0,1,0,0,0,0,0,0,0,0,0,0,1,"Guerrilla groups"
10653,1,0,0,1,1,1,0,0,0,0,0,0,0,0,"Paramilitary groups"
10656,1,0,0,0,1,0,0,0,1,0,0,0,0,0,"Guerrilla groups"
10664,0,0,1,0,0,0,0,0,0,0,0,0,0,1,"Guerrilla groups"
10666,0,0,1,0,0,0,1,0,0,0,0,0,0,1,"Guerrilla groups"
10667,0,0,1,0,0,0,0,0,0,0,0,0,0,1,"Paramilitary groups"
10670,0,1,0,0,1,0,0,0,0,0,0,0,0,0,"Guerrilla groups"
10672,0,1,0,0,0,0,0,0,0,0,0,0,0,1,"Other armed groups"
10676,0,0,1,0,0,0,0,0,0,0,0,0,1,1,"Guerrilla groups"
10679,0,0,1,0,1,0,0,0,0,0,0,0,0,0,"Guerrilla groups"
10680,0,0,1,0,1,0,0,0,0,0,0,0,0,0,"Guerrilla groups"
10681,1,0,0,0,1,0,0,0,0,0,0,0,0,0,"Guerrilla groups"
10682,0,0,1,0,0,0,0,0,0,0,0,0,0,1,"Guerrilla groups"
10683,0,0,0,1,1,0,1,0,0,0,0,0,0,0,"Paramilitary groups"
10684,0,0,1,0,0,0,0,0,0,0,0,0,0,1,"Guerrilla groups"
10691,0,0,1,0,1,0,0,0,0,0,0,0,0,1,"Paramilitary groups"
10698,1,0,0,0,1,0,0,0,0,0,0,0,0,0,"Other armed groups"
10699,1,0,0,0,1,0,0,0,0,0,0,0,0,0,"Other armed groups"
10700,1,0,0,0,1,0,0,0,0,0,0,0,0,0,"Other armed groups"
10701,1,0,1,1,0,0,0,0,0,0,0,0,0,0,"Paramilitary groups"
10702,0,0,1,0,0,0,0,0,0,0,0,0,0,1,"Guerrilla groups"
10703,0,0,1,0,0,0,0,0,0,0,0,0,0,1,"Guerrilla groups"
10704,0,0,1,0,0,0,0,0,0,0,0,0,0,1,"Guerrilla groups"
10705,0,0,1,0,0,0,0,0,0,0,0,0,0,1,"Guerrilla groups"
10706,0,0,1,0,0,0,0,0,0,0,0,0,0,1,"Guerrilla groups"
10707,0,0,1,0,0,0,0,0,0,0,0,0,0,1,"Paramilitary groups"
10713,1,0,1,0,0,0,0,0,0,0,1,0,0,0,"Guerrilla groups"
10721,0,0,0,0,0,0,0,0,0,0,0,0,1,1,"Paramilitary groups"
10722,0,0,0,0,0,0,0,0,0,0,0,0,1,1,"Paramilitary groups"
10723,0,0,1,0,0,0,0,0,0,0,1,0,1,1,"Guerrilla groups"
10724,0,0,1,0,1,0,1,0,0,0,0,0,0,0,"Paramilitary groups"
10725,0,0,1,0,1,0,1,0,0,0,0,0,0,0,"Paramilitary groups"
10727,1,0,1,0,1,0,0,0,0,0,0,0,0,0,"Guerrilla groups"
10728,0,0,0,0,0,0,0,0,0,0,0,0,1,1,"Guerrilla groups"
10729,0,0,1,0,0,0,0,0,0,0,0,0,0,1,"Guerrilla groups"
10733,0,1,0,0,0,0,0,0,0,0,0,1,0,0,"Guerrilla groups"
10738,0,0,1,0,0,0,0,0,0,0,0,0,0,1,"Guerrilla groups"
10739,0,0,1,0,0,0,0,0,0,0,0,0,0,1,"Paramilitary groups"
10740,0,0,0,0,1,0,0,0,0,0,0,0,0,1,"Guerrilla groups"
10741,0,0,0,0,0,0,0,0,0,0,1,0,0,1,"Guerrilla groups"
10742,0,1,0,0,1,0,0,0,0,0,0,1,0,0,"Paramilitary groups"
10743,1,0,0,0,1,0,0,0,0,0,0,0,0,0,"Paramilitary groups"
10756,0,0,1,0,0,0,0,0,0,0,0,0,0,1,"Paramilitary groups"
10759,0,0,0,0,0,0,0,0,0,0,0,0,1,1,"Other armed groups"
10764,0,0,0,0,0,0,0,0,0,1,0,0,1,0,"Paramilitary groups"
10771,0,0,1,0,0,0,0,0,0,0,1,0,0,0,"Guerrilla groups"
10783,0,0,1,0,0,0,0,0,0,0,0,0,0,1,"Guerrilla groups"
10784,0,0,1,0,0,0,0,0,0,0,0,0,0,1,"Guerrilla groups"
10785,0,0,1,0,1,0,0,0,0,0,0,0,0,0,"Other armed groups"
10794,0,0,0,1,0,0,1,0,0,0,0,0,0,0,"Guerrilla groups"
10795,0,0,0,0,0,0,0,0,0,0,0,0,1,1,"Paramilitary groups"
10796,1,0,0,0,1,0,0,0,0,0,0,0,0,0,"Guerrilla groups"
10807,1,0,1,0,0,0,0,0,0,0,0,0,0,0,"Paramilitary groups"
10812,1,0,0,0,1,0,0,0,0,0,0,0,0,0,"Other armed groups"
10813,0,0,1,0,0,0,0,0,0,0,1,0,0,0,"Other armed groups"
10815,1,0,0,0,0,0,0,1,0,0,0,0,0,0,"Other armed groups"
10816,1,0,0,0,0,0,0,1,0,0,0,0,0,0,"Other armed groups"
10817,1,0,0,0,0,0,0,1,0,0,0,0,0,0,"Other armed groups"
10818,1,0,0,0,0,0,0,1,0,0,0,0,0,0,"Other armed groups"
10826,1,0,0,0,1,0,0,0,0,0,0,0,0,0,"Guerrilla groups"
10830,0,1,0,0,0,0,0,0,0,0,0,1,0,0,"Other armed groups"
10838,1,0,0,0,1,0,0,0,0,0,0,0,0,0,"Guerrilla groups"
10846,0,0,0,0,0,0,0,0,0,0,0,0,1,1,"Paramilitary groups"
10847,0,0,0,0,0,0,0,0,0,0,0,0,1,1,"Paramilitary groups"
10852,0,0,0,0,1,1,0,0,0,0,0,0,0,0,"Paramilitary groups"
10855,1,0,0,0,0,0,0,0,1,0,0,0,0,0,"Paramilitary groups"
10865,0,0,0,0,0,0,0,0,1,0,0,1,0,0,"Guerrilla groups"
10866,0,0,0,0,0,0,0,0,1,0,0,1,0,0,"Guerrilla groups"
10867,0,0,1,0,1,0,0,0,0,0,0,0,0,0,"Paramilitary groups"
10869,0,0,1,0,0,0,0,0,0,0,0,0,0,1,"Paramilitary groups"
10871,1,0,0,0,1,0,0,0,0,0,0,0,0,0,"Other armed groups"
10873,0,0,0,0,0,0,0,0,0,0,0,0,1,1,"Guerrilla groups"
10877,0,0,1,0,0,0,0,0,0,0,1,0,0,0,"Other armed groups"
10878,0,0,1,0,0,0,0,0,0,0,1,0,0,0,"Other armed groups"
10879,0,0,1,0,0,0,0,0,0,0,1,0,0,0,"Other armed groups"
10880,1,0,0,0,1,0,0,0,0,0,0,0,0,0,"Other armed groups"
10882,0,0,0,0,0,0,1,0,0,0,0,0,0,1,"Guerrilla groups"
10894,0,0,0,0,0,0,0,0,0,0,0,0,1,1,"Guerrilla groups"
10895,0,0,0,0,0,0,0,0,0,0,0,0,1,1,"Guerrilla groups"
10896,0,0,0,0,0,0,0,0,0,0,0,0,1,1,"Guerrilla groups"
10897,0,0,0,0,0,0,0,0,0,0,0,0,1,1,"Guerrilla groups"
10900,0,0,0,0,0,0,0,0,0,0,0,0,1,1,"Paramilitary groups"
10901,0,0,0,0,0,0,0,0,0,0,0,0,1,1,"Paramilitary groups"
10902,0,0,0,0,0,0,0,0,0,0,0,0,1,1,"Paramilitary groups"
10903,0,0,0,0,0,0,0,0,0,0,0,0,1,1,"Paramilitary groups"
10904,0,0,1,0,0,0,0,0,0,0,0,0,0,1,"Paramilitary groups"
10915,1,0,0,0,0,0,0,0,1,0,0,0,0,0,"Other armed groups"
10924,0,0,1,0,1,1,0,0,0,0,0,0,0,0,"Paramilitary groups"
10927,0,0,0,0,0,0,0,0,0,0,0,0,1,1,"Guerrilla groups"
10944,0,0,1,0,1,1,0,0,0,0,0,0,0,1,"Guerrilla groups"
10945,0,0,1,0,1,0,0,0,0,1,0,0,0,0,"Other armed groups"
10953,0,0,1,0,0,0,0,0,0,0,0,0,1,1,"Paramilitary groups"
10965,1,0,0,0,1,0,0,0,0,0,0,0,0,0,"Other armed groups"
10970,0,0,1,0,0,0,1,0,0,0,0,0,0,0,"Paramilitary groups"
10981,0,0,0,0,0,0,0,0,0,0,0,0,1,1,"Paramilitary groups"
10982,0,0,0,0,0,0,0,0,0,0,0,0,1,1,"Paramilitary groups"
10985,0,0,1,0,1,1,0,0,1,0,0,0,0,0,"Guerrilla groups"
10999,0,0,0,1,0,0,1,0,0,0,0,0,0,0,"Guerrilla groups"
11020,0,0,0,0,0,0,0,0,1,0,1,0,0,0,"Guerrilla groups"
11021,0,0,0,0,0,0,0,0,1,1,1,0,0,0,"Guerrilla groups"
11022,1,0,0,0,0,0,0,0,1,0,1,0,0,0,"Guerrilla groups"
11027,0,0,1,0,0,0,0,0,0,0,0,0,0,1,"Other armed groups"
11028,0,0,1,0,0,0,0,0,0,1,0,0,0,1,"Paramilitary groups"
11029,0,0,0,0,0,0,0,0,0,0,0,0,1,1,"Guerrilla groups"
11031,0,0,0,0,1,0,0,0,1,0,0,0,0,0,"Guerrilla groups"
11032,0,0,0,0,1,0,0,0,1,0,0,0,0,0,"Guerrilla groups"
11033,0,0,0,0,1,0,0,0,1,0,0,0,0,0,"Guerrilla groups"
11034,0,0,0,0,1,0,0,0,1,0,0,0,0,0,"Guerrilla groups"
11035,0,0,0,0,1,0,0,0,1,0,0,0,0,0,"Guerrilla groups"
11045,0,0,0,0,0,0,0,1,1,0,0,0,0,0,"Paramilitary groups"
11049,0,1,1,0,0,0,0,0,0,0,0,0,0,0,"Guerrilla groups"
11050,0,1,1,0,0,0,0,0,0,0,0,0,0,0,"Guerrilla groups"
11051,0,0,0,0,0,0,0,0,0,0,0,0,1,1,"Guerrilla groups"
11052,0,0,0,0,0,0,0,0,0,0,0,0,1,1,"Guerrilla groups"
11059,0,0,1,0,0,0,0,0,0,0,0,0,0,1,"Guerrilla groups"
11064,0,0,1,0,0,0,0,0,0,0,1,0,0,0,"Guerrilla groups"
11068,0,0,0,0,0,1,0,0,0,0,0,0,0,1,"Paramilitary groups"
11069,1,0,0,0,0,0,0,0,1,0,0,0,0,0,"Guerrilla groups"
11071,0,0,0,0,0,1,0,0,0,0,0,0,0,1,"Guerrilla groups"
11072,0,0,0,1,0,0,1,0,0,0,0,0,0,0,"Guerrilla groups"
11079,0,0,0,0,0,0,0,0,0,0,0,0,1,1,"Guerrilla groups"
11083,1,0,0,0,1,0,0,0,0,0,0,0,0,0,"Guerrilla groups"
11090,0,0,1,0,0,0,0,0,0,0,0,0,1,0,"Guerrilla groups"
11092,0,0,0,1,1,0,0,0,0,0,0,0,0,0,"Paramilitary groups"
11093,1,0,0,0,0,0,0,0,0,0,1,0,0,0,"Paramilitary groups"
11095,0,0,1,0,0,0,0,0,0,0,1,0,0,1,"Paramilitary groups"
11096,0,0,0,0,1,0,0,0,1,0,0,0,0,0,"Paramilitary groups"
11097,0,0,0,0,1,0,0,0,1,0,0,0,0,0,"Paramilitary groups"
11098,0,0,0,0,1,0,0,0,1,0,0,0,0,0,"Paramilitary groups"
11101,0,0,0,0,1,0,0,0,1,0,0,0,0,0,"Paramilitary groups"
11102,0,0,0,0,1,0,0,0,1,0,0,0,0,0,"Paramilitary groups"
11103,0,0,0,0,1,0,0,0,1,0,0,0,0,0,"Paramilitary groups"
11104,0,0,0,0,1,0,0,0,1,0,0,0,0,0,"Paramilitary groups"
11119,0,0,0,1,0,0,1,0,0,0,0,0,0,0,"Guerrilla groups"
11120,0,0,0,1,0,0,1,0,0,0,0,0,0,0,"Guerrilla groups"
11132,0,1,0,0,0,0,0,0,0,0,0,1,0,0,"Paramilitary groups"
11133,0,1,0,0,0,0,0,0,0,0,0,1,0,0,"Paramilitary groups"
11134,0,1,0,0,0,0,0,0,0,0,0,1,0,0,"Paramilitary groups"
11135,0,1,0,0,0,0,0,0,0,0,0,1,0,0,"Paramilitary groups"
11136,0,1,0,0,0,0,0,0,0,0,0,1,0,0,"Paramilitary groups"
11137,0,1,0,0,0,0,0,0,0,0,0,1,0,0,"Paramilitary groups"
11138,0,1,0,0,0,0,0,0,0,0,0,1,0,0,"Paramilitary groups"
11139,0,1,0,0,0,0,0,0,0,0,0,1,0,0,"Paramilitary groups"
11140,0,1,0,0,0,0,0,0,0,0,0,1,0,0,"Paramilitary groups"
11141,0,1,0,0,0,0,0,0,0,0,0,1,0,0,"Paramilitary groups"
11142,0,1,0,0,0,0,0,0,0,0,0,1,0,0,"Paramilitary groups"
11143,0,1,0,0,0,0,0,0,0,0,0,1,0,0,"Paramilitary groups"
11144,0,1,0,0,0,0,0,0,0,0,0,1,0,0,"Paramilitary groups"
11145,0,1,0,0,0,0,0,0,0,0,0,1,0,0,"Paramilitary groups"
11146,0,1,0,0,0,0,0,0,0,0,0,1,0,0,"Paramilitary groups"
11147,0,1,0,0,0,0,0,0,0,0,0,1,0,0,"Paramilitary groups"
11148,0,1,0,0,0,0,0,0,0,0,0,1,0,0,"Paramilitary groups"
11149,1,0,0,0,0,0,0,0,0,0,0,1,0,0,"Paramilitary groups"
11150,1,0,0,0,0,0,0,0,0,0,0,1,0,0,"Paramilitary groups"
11151,1,0,0,0,0,0,0,0,0,0,0,1,0,0,"Paramilitary groups"
11152,0,0,1,0,0,0,0,0,0,0,0,0,0,1,"Paramilitary groups"
11153,0,0,1,0,0,0,0,0,0,0,0,0,0,1,"Paramilitary groups"
11154,0,0,1,0,0,0,0,0,1,0,1,0,0,0,"Guerrilla groups"
11176,0,0,1,0,0,0,0,0,0,0,0,0,0,1,"Paramilitary groups"
11189,0,0,0,1,0,0,1,0,0,0,0,0,0,0,"Guerrilla groups"
11198,1,0,0,0,0,0,0,0,0,0,0,1,0,0,"Guerrilla groups"
11199,1,0,0,0,0,0,0,0,0,0,0,1,0,0,"Guerrilla groups"
11200,1,0,0,0,0,0,0,0,0,0,0,1,0,0,"Guerrilla groups"
11212,0,0,0,0,1,1,0,0,0,0,0,0,0,0,"Paramilitary groups"
11218,0,0,0,0,0,0,0,0,0,0,0,0,1,1,"Guerrilla groups"
11219,0,0,0,0,0,0,0,0,0,0,0,0,1,1,"Guerrilla groups"
11220,0,0,0,0,0,0,0,0,0,0,0,0,1,1,"Guerrilla groups"
11221,0,0,0,0,0,0,0,0,0,0,0,0,1,1,"Guerrilla groups"
11222,0,0,0,0,0,0,0,0,0,0,0,0,1,1,"Guerrilla groups"
11225,0,0,1,0,0,0,0,0,0,0,0,0,0,1,"Paramilitary groups"
11226,0,0,1,0,1,0,0,0,0,0,0,0,0,0,"Guerrilla groups"
11230,0,1,1,0,1,0,0,0,0,0,0,0,0,0,"Paramilitary groups"
11231,0,0,1,0,0,0,0,0,0,0,0,0,0,1,"Guerrilla groups"
11233,0,0,1,0,1,0,0,0,0,0,0,0,0,0,"Guerrilla groups"
11236,0,1,1,0,0,0,0,0,0,0,0,0,0,0,"Other armed groups"
11243,0,0,0,0,1,0,0,0,1,0,0,0,0,0,"Other armed groups"
11252,0,0,1,0,0,0,0,0,0,0,0,0,0,1,"Guerrilla groups"
11257,0,0,1,0,0,0,0,0,0,0,0,0,1,1,"Paramilitary groups"
11260,0,0,0,0,0,1,1,0,0,0,0,0,0,0,"Guerrilla groups"
11261,0,0,0,0,1,0,0,0,0,0,0,0,0,1,"Guerrilla groups"
11262,0,0,0,0,1,0,0,0,0,0,0,0,0,1,"Paramilitary groups"
11271,0,0,1,0,0,1,0,0,1,0,0,0,0,0,"Paramilitary groups"
11272,0,1,0,0,0,0,0,0,0,0,0,1,0,0,"Paramilitary groups"
11273,0,1,0,0,0,0,0,0,0,0,0,1,0,0,"Paramilitary groups"
11274,0,1,0,0,0,0,0,0,0,0,0,1,0,0,"Paramilitary groups"
11275,0,0,1,0,0,0,0,1,0,0,0,0,0,0,"Paramilitary groups"
11284,0,0,1,0,0,0,0,0,0,0,0,0,0,1,"Other armed groups"
11286,0,1,0,0,0,0,0,0,0,0,0,1,0,0,"Guerrilla groups"
11287,0,0,1,0,0,0,0,0,0,0,0,0,0,1,"Guerrilla groups"
11290,0,0,1,0,0,0,0,0,0,0,0,0,1,1,"Other armed groups"
11305,0,0,1,0,0,0,0,0,1,0,0,0,0,0,"Guerrilla groups"
11307,0,0,1,0,0,0,0,0,0,0,0,0,1,1,"Guerrilla groups"
11308,0,0,1,0,0,0,0,0,0,0,0,0,0,1,"Guerrilla groups"
11309,0,0,1,0,0,0,0,0,0,0,1,0,0,0,"Guerrilla groups"
11322,0,0,0,0,1,1,0,0,1,0,0,0,0,0,"Guerrilla groups"
11324,0,0,0,0,0,1,1,0,0,0,0,0,0,0,"Guerrilla groups"
11325,0,0,1,0,0,0,0,0,0,0,0,0,0,1,"Other armed groups"
11334,0,0,1,0,0,0,0,0,0,0,0,0,0,1,"Other armed groups"
11335,0,0,1,0,0,0,0,0,0,0,0,0,0,1,"Other armed groups"
11338,0,0,1,0,0,0,0,0,0,0,0,0,1,1,"Guerrilla groups"
11339,0,0,1,0,0,0,0,0,0,0,0,0,0,1,"Guerrilla groups"
11348,1,0,0,0,1,0,0,0,0,0,0,0,0,0,"Paramilitary groups"
11349,1,0,0,0,1,0,0,0,0,0,0,0,0,0,"Paramilitary groups"
11350,1,0,0,0,1,0,0,0,0,0,0,0,0,0,"Paramilitary groups"
11363,0,0,0,0,0,0,0,0,0,0,0,0,1,1,"Guerrilla groups"
11368,0,0,1,0,0,0,0,0,0,0,0,0,0,1,"Guerrilla groups"
11386,0,1,1,0,0,0,0,0,0,0,0,0,0,0,"Guerrilla groups"
11387,0,0,1,0,0,0,0,0,0,0,0,0,0,1,"Guerrilla groups"
11391,0,0,1,0,0,0,0,0,0,0,0,0,0,1,"Guerrilla groups"
11392,0,0,1,0,0,0,0,0,0,0,0,0,0,1,"Guerrilla groups"
11397,0,0,0,0,0,0,0,0,0,1,0,0,0,1,"Paramilitary groups"
11398,0,0,0,0,0,0,0,0,0,1,0,0,0,1,"Paramilitary groups"
11399,0,0,0,0,0,0,0,0,0,1,0,0,0,1,"Paramilitary groups"
11406,0,0,1,0,0,0,0,0,0,0,0,0,0,1,"Other armed groups"
11407,0,0,1,0,0,0,0,0,1,0,0,0,0,1,"Guerrilla groups"
11408,0,0,1,0,0,0,0,0,0,0,1,0,0,1,"Guerrilla groups"
11411,0,0,0,0,0,0,0,0,1,0,0,0,1,1,"Guerrilla groups"
11412,0,0,0,0,0,0,0,0,1,0,0,0,1,1,"Guerrilla groups"
11413,0,0,1,0,0,0,0,0,0,0,0,0,0,1,"Paramilitary groups"
11425,0,0,1,0,0,0,0,0,0,0,0,0,1,0,"Guerrilla groups"
11429,0,0,0,0,1,0,0,0,1,0,0,0,0,0,"Other armed groups"
11430,0,0,0,0,1,0,0,0,1,0,0,0,0,0,"Other armed groups"
11431,0,0,0,0,0,0,0,0,1,0,1,0,0,0,"Guerrilla groups"
11432,0,0,0,0,0,0,0,0,1,0,1,0,0,0,"Guerrilla groups"
11433,0,0,1,0,0,0,0,0,0,0,1,0,0,0,"Guerrilla groups"
11443,0,0,1,0,0,0,0,0,0,0,0,0,0,1,"Paramilitary groups"
11448,0,0,0,0,0,0,0,0,0,0,0,0,1,1,"Guerrilla groups"
11449,0,0,0,0,0,0,0,0,0,0,0,0,1,1,"Guerrilla groups"
11450,0,0,0,0,0,0,0,0,0,0,0,0,1,1,"Guerrilla groups"
11451,0,0,0,0,0,0,0,0,0,0,0,0,1,1,"Guerrilla groups"
11463,0,0,1,0,0,0,0,0,0,0,0,0,0,1,"Guerrilla groups"
11464,0,0,1,0,0,0,0,0,0,1,0,0,0,0,"Guerrilla groups"
11466,0,0,0,0,0,1,0,0,1,0,0,0,0,0,"Guerrilla groups"
11468,0,0,0,0,0,0,0,0,0,0,0,0,1,1,"Guerrilla groups"
11469,0,0,0,0,0,0,0,0,0,0,0,0,1,1,"Guerrilla groups"
11474,0,0,1,0,0,0,0,0,0,0,1,0,1,0,"Guerrilla groups"
11475,0,0,1,0,0,0,0,0,0,0,1,0,1,0,"Guerrilla groups"
11476,0,0,1,0,0,0,0,0,0,0,1,0,1,0,"Guerrilla groups"
11477,0,0,1,0,0,0,0,0,0,0,1,0,1,0,"Guerrilla groups"
11481,0,0,1,0,0,0,0,0,0,0,1,0,0,0,"Other armed groups"
11482,0,0,1,0,0,0,0,0,0,0,1,0,0,0,"Other armed groups"
11493,0,0,1,0,1,0,0,0,0,0,0,0,0,0,"Guerrilla groups"
11499,0,0,1,0,1,0,0,0,0,0,1,0,0,0,"Paramilitary groups"
11500,1,0,0,0,1,0,0,0,1,0,0,0,0,0,"Guerrilla groups"
11501,1,0,0,0,1,0,0,0,1,0,0,0,0,0,"Guerrilla groups"
11502,1,0,0,0,1,0,0,0,1,0,0,0,0,0,"Guerrilla groups"
11515,0,0,1,0,1,0,0,1,0,0,0,0,0,0,"Other armed groups"
11517,0,0,1,0,1,0,0,0,0,0,0,0,0,0,"Guerrilla groups"
11528,1,0,0,0,0,1,0,0,0,0,0,0,0,0,"Other armed groups"
11530,0,0,1,0,0,0,0,0,0,0,0,0,0,1,"Other armed groups"
11560,0,0,1,0,0,0,0,0,0,1,0,0,0,1,"Paramilitary groups"
11561,0,0,0,0,1,1,0,0,1,0,0,0,0,0,"Paramilitary groups"
11562,0,0,0,0,1,1,0,0,1,0,0,0,0,0,"Paramilitary groups"
11563,0,0,0,0,1,1,0,0,1,0,0,0,0,0,"Paramilitary groups"
11567,0,0,0,0,0,0,1,0,0,0,0,0,0,1,"Guerrilla groups"
11568,0,0,0,0,0,0,1,0,0,0,0,0,0,1,"Guerrilla groups"
11571,0,0,0,0,0,0,0,0,0,0,0,0,1,1,"Guerrilla groups"
11572,0,0,0,0,0,0,0,0,0,0,0,0,1,1,"Guerrilla groups"
11573,0,0,0,0,0,0,0,0,0,0,0,0,1,1,"Guerrilla groups"
11574,0,0,0,0,0,0,0,0,0,0,0,0,1,1,"Guerrilla groups"
11575,0,0,0,0,0,0,0,0,0,0,0,0,1,1,"Guerrilla groups"
11576,0,0,0,0,0,0,0,0,0,0,0,0,1,1,"Guerrilla groups"
11579,0,0,0,0,0,0,1,0,0,0,0,0,0,1,"Guerrilla groups"
11583,0,0,0,0,1,1,0,0,0,0,0,0,0,0,"Other armed groups"
11584,0,0,1,0,0,0,0,0,0,0,0,0,0,1,"Other armed groups"
11585,0,0,1,0,0,0,0,0,0,0,0,0,0,1,"Other armed groups"
11588,0,0,0,0,0,0,0,0,0,0,0,0,1,1,"Paramilitary groups"
11592,0,0,1,0,0,0,0,0,0,0,0,0,0,1,"Paramilitary groups"
11594,0,0,1,0,0,0,1,0,0,0,0,0,0,0,"Guerrilla groups"
11598,0,0,1,0,0,0,0,0,1,0,0,0,0,0,"Guerrilla groups"
11599,0,0,1,0,0,0,0,0,1,0,0,0,0,0,"Guerrilla groups"
11600,0,0,1,0,0,0,0,0,1,0,0,0,0,0,"Guerrilla groups"
11601,0,0,1,0,0,0,0,0,1,0,0,0,0,0,"Guerrilla groups"
11602,0,0,1,0,0,0,0,0,1,0,0,0,0,0,"Guerrilla groups"
11603,0,0,1,0,0,0,0,0,1,0,0,0,0,0,"Guerrilla groups"
11605,0,0,0,0,1,0,0,0,1,0,0,1,0,0,"Paramilitary groups"
11609,0,0,0,1,0,0,0,0,1,0,0,0,0,0,"Paramilitary groups"
11614,0,0,0,0,1,0,0,0,0,0,1,0,0,0,"Guerrilla groups"
11617,0,0,1,0,0,1,0,0,0,0,0,0,0,1,"Guerrilla groups"
11618,0,0,0,0,0,0,0,0,0,0,1,0,1,1,"Guerrilla groups"
11634,1,0,0,1,0,0,0,0,0,0,0,0,0,0,"Paramilitary groups"
11635,1,0,0,1,0,0,0,0,0,0,0,0,0,0,"Paramilitary groups"
11697,1,0,0,0,1,0,0,0,0,0,0,0,0,0,"Paramilitary groups"
11698,1,0,0,0,1,0,0,0,0,0,0,0,0,0,"Paramilitary groups"
11699,1,0,0,0,1,0,0,0,0,0,0,0,0,0,"Paramilitary groups"
11700,1,0,0,0,1,0,0,0,0,0,0,0,0,0,"Paramilitary groups"
11701,0,0,0,0,0,0,0,0,1,0,0,0,0,1,"Paramilitary groups"
11709,0,0,1,0,0,0,0,0,0,0,0,0,0,1,"Paramilitary groups"
11710,1,0,0,0,1,0,0,0,1,0,0,0,0,0,"Paramilitary groups"
11723,0,0,0,0,1,0,0,0,0,0,0,0,0,1,"Guerrilla groups"
11753,0,1,1,0,0,0,0,0,0,0,0,0,0,0,"Paramilitary groups"
11754,0,1,1,0,0,0,0,0,0,0,0,0,0,0,"Paramilitary groups"
11756,0,0,0,0,1,0,0,0,0,0,0,0,0,1,"Guerrilla groups"
11781,0,0,1,0,1,0,0,0,0,0,0,0,0,0,"Other armed groups"
11783,0,0,1,0,1,0,0,0,0,0,1,0,0,0,"Paramilitary groups"
11789,0,0,1,0,0,1,1,0,0,0,0,0,0,0,"Guerrilla groups"
11790,0,0,0,0,0,1,0,0,0,0,0,0,0,1,"Paramilitary groups"
11792,0,0,1,0,0,0,0,0,0,0,0,0,0,1,"Paramilitary groups"
11793,0,0,1,0,0,0,0,0,0,0,0,0,0,1,"Paramilitary groups"
11794,0,0,0,0,0,0,0,0,0,0,0,0,1,1,"Other armed groups"
11795,0,0,0,0,0,0,0,0,0,0,0,0,1,1,"Other armed groups"
11796,0,0,0,0,0,0,0,0,0,0,0,0,1,1,"Other armed groups"
11797,1,0,1,0,0,0,0,0,0,0,0,0,0,0,"Paramilitary groups"
11798,0,0,0,0,0,0,0,1,0,0,0,0,1,0,"Other armed groups"
11799,0,1,0,0,0,0,0,0,0,0,0,1,0,1,"Guerrilla groups"
11805,0,0,1,0,0,0,0,0,0,0,0,0,0,1,"Paramilitary groups"
11806,0,0,1,0,0,0,0,0,0,0,0,0,0,1,"Paramilitary groups"
11807,0,0,1,0,0,0,0,0,0,0,0,0,0,1,"Paramilitary groups"
11808,0,0,1,0,0,0,0,0,0,0,0,0,0,1,"Paramilitary groups"
11809,0,0,1,0,0,0,0,0,0,0,0,0,0,1,"Paramilitary groups"
11821,0,0,1,0,0,0,0,0,0,0,0,0,0,1,"Paramilitary groups"
11822,0,1,0,0,0,0,0,0,0,0,0,0,0,1,"Guerrilla groups"
11827,0,0,1,0,0,0,0,0,0,0,0,0,0,1,"Guerrilla groups"
11828,0,0,1,0,0,0,0,0,0,0,0,0,0,1,"Guerrilla groups"
11829,0,0,1,0,0,0,0,0,0,0,0,0,0,1,"Guerrilla groups"
11830,0,0,1,0,0,0,0,0,0,0,0,0,0,1,"Guerrilla groups"
11831,0,0,1,0,0,0,0,0,0,0,0,0,0,1,"Guerrilla groups"
11832,0,0,1,0,0,0,0,0,0,0,0,0,0,1,"Paramilitary groups"
11833,0,0,1,0,0,0,0,0,0,0,0,0,0,1,"Paramilitary groups"
11850,0,0,1,0,1,0,0,1,0,0,0,0,0,0,"Paramilitary groups"
11851,0,0,1,0,1,0,0,1,0,0,0,0,0,0,"Paramilitary groups"
11852,0,0,1,0,1,0,0,1,0,0,0,0,0,0,"Paramilitary groups"
11853,0,0,1,0,1,0,0,1,0,0,0,0,0,0,"Paramilitary groups"
11854,0,0,1,0,1,0,0,1,0,0,0,0,0,0,"Paramilitary groups"
11858,0,1,0,0,0,0,0,0,1,0,0,0,0,0,"Paramilitary groups"
11859,0,1,0,0,0,0,0,0,1,0,0,0,0,0,"Paramilitary groups"
11860,0,1,0,0,0,0,0,0,1,0,0,0,0,0,"Paramilitary groups"
11866,0,0,1,0,0,0,0,0,0,0,0,0,0,1,"Guerrilla groups"
11867,0,0,1,0,0,0,0,0,0,0,0,0,0,1,"Guerrilla groups"
11870,0,0,1,0,0,0,0,0,0,0,0,0,0,1,"Paramilitary groups"
11873,0,0,1,0,0,0,0,0,0,0,0,0,1,1,"Guerrilla groups"
11876,1,0,1,0,0,0,0,0,0,0,0,0,0,0,"Other armed groups"
11887,0,0,0,0,0,0,0,0,0,0,0,0,1,1,"Paramilitary groups"
11888,0,0,0,0,0,0,0,0,0,0,0,0,1,1,"Paramilitary groups"
11889,0,0,0,0,0,0,0,0,0,0,0,0,1,1,"Paramilitary groups"
11890,0,0,0,0,0,0,0,0,0,0,0,0,1,1,"Paramilitary groups"
11896,0,0,1,0,0,0,0,0,0,0,0,0,0,1,"Paramilitary groups"
11900,0,0,0,0,0,0,0,0,0,0,0,1,0,1,"Guerrilla groups"
11917,0,0,0,0,0,0,0,0,0,0,0,0,1,1,"Other armed groups"
11918,0,0,0,0,0,0,0,0,0,0,0,0,1,1,"Other armed groups"
11923,0,0,1,0,0,0,0,0,0,0,0,0,1,1,"Other armed groups"
11924,0,1,0,0,0,0,0,0,0,0,0,0,0,1,"Other armed groups"
11925,1,0,0,0,0,0,0,0,1,0,0,0,0,0,"Paramilitary groups"
11926,1,0,0,0,0,0,0,0,1,0,0,0,0,0,"Paramilitary groups"
11927,1,0,0,0,0,0,0,0,1,0,0,0,0,0,"Paramilitary groups"
11934,0,0,0,0,0,0,0,0,0,1,0,0,1,1,"Other armed groups"
11940,0,0,1,0,0,0,0,0,0,0,0,0,0,1,"Paramilitary groups"
11942,0,0,1,0,1,0,0,0,0,0,0,0,0,0,"Paramilitary groups"
11981,0,0,0,0,1,1,0,0,0,0,0,0,0,0,"Paramilitary groups"
11982,0,0,0,0,0,0,0,0,0,0,0,0,1,1,"Paramilitary groups"
11983,0,0,0,0,0,0,0,0,0,0,0,0,1,1,"Paramilitary groups"
11984,0,0,0,0,0,1,1,0,0,0,0,0,0,0,"Guerrilla groups"
11986,0,0,0,0,0,0,0,0,0,0,0,1,0,1,"Guerrilla groups"
11988,0,0,0,0,0,0,0,0,0,1,0,0,1,1,"Guerrilla groups"
11989,0,0,0,0,0,0,0,0,1,0,0,0,0,1,"Guerrilla groups"
12000,1,0,0,0,0,0,0,0,1,0,0,0,0,0,"Guerrilla groups"
12001,1,0,0,0,0,0,0,0,1,0,0,0,0,0,"Guerrilla groups"
12003,0,1,0,1,1,0,0,0,0,0,0,0,0,0,"Paramilitary groups"
12010,0,0,0,0,0,1,0,0,0,0,0,0,0,1,"Guerrilla groups"
12011,0,0,0,0,0,1,0,0,0,0,0,0,0,1,"Guerrilla groups"
12015,0,0,1,0,0,0,0,0,0,1,0,0,1,1,"Paramilitary groups"
12016,0,0,1,0,0,1,0,0,0,0,0,0,0,0,"Paramilitary groups"
12023,0,0,1,0,0,0,0,0,0,1,0,0,0,1,"Paramilitary groups"
12024,0,0,1,0,0,0,0,0,0,1,0,0,0,1,"Paramilitary groups"
12025,0,0,1,0,0,0,0,0,0,1,0,0,0,1,"Paramilitary groups"
12026,0,0,1,0,0,0,0,0,0,1,0,0,0,1,"Paramilitary groups"
12046,1,0,0,0,1,0,0,1,0,0,0,0,0,0,"Other armed groups"
12051,0,0,0,0,0,0,0,0,0,0,0,1,0,1,"Guerrilla groups"
12052,0,0,0,0,0,0,0,0,0,0,0,1,0,1,"Guerrilla groups"
12053,0,0,0,0,0,0,0,0,0,0,0,1,0,1,"Guerrilla groups"
12054,0,0,0,0,0,0,0,0,0,0,0,0,1,1,"Guerrilla groups"
12055,0,0,0,0,0,0,0,0,0,0,0,0,1,1,"Guerrilla groups"
12056,0,0,0,0,0,0,0,0,0,0,0,0,1,1,"Guerrilla groups"
12058,0,0,0,0,1,0,0,1,0,0,0,0,0,0,"Other armed groups"
12063,0,0,0,0,1,1,0,0,0,0,0,0,0,0,"Guerrilla groups"
12064,0,0,1,0,0,0,0,0,0,0,0,0,0,1,"Guerrilla groups"
12067,0,1,1,0,1,0,0,0,0,0,0,0,0,1,"Other armed groups"
12080,0,0,1,0,0,0,0,0,0,1,0,0,0,0,"Guerrilla groups"
12081,0,0,1,0,0,0,0,0,0,1,0,0,0,0,"Guerrilla groups"
12082,0,0,1,0,0,0,0,0,0,1,0,0,0,0,"Guerrilla groups"
12083,0,0,0,0,1,0,0,0,1,0,0,0,0,0,"Guerrilla groups"
12086,0,0,1,0,0,0,0,0,0,0,0,0,1,0,"Guerrilla groups"
12087,0,0,1,0,0,0,0,0,0,0,0,0,1,0,"Guerrilla groups"
12088,0,0,1,0,0,0,0,0,0,0,0,0,1,0,"Guerrilla groups"
12089,0,0,1,0,0,0,0,0,0,0,0,0,1,0,"Guerrilla groups"
12090,0,0,1,0,0,0,0,0,0,0,0,0,1,0,"Guerrilla groups"
12091,0,0,0,0,0,1,1,0,0,0,0,0,0,0,"Guerrilla groups"
12094,0,0,0,0,0,0,0,0,0,0,0,0,1,1,"Guerrilla groups"
12097,0,0,1,0,1,1,0,0,0,0,0,0,0,0,"Guerrilla groups"
12098,0,0,0,0,1,0,0,0,0,0,0,0,0,1,"Paramilitary groups"
12099,0,0,1,0,1,0,0,0,0,0,0,0,0,1,"Guerrilla groups"
12100,1,0,0,0,1,0,0,0,0,0,0,0,0,0,"Guerrilla groups"
12101,1,0,0,1,0,0,0,0,0,0,0,0,0,0,"Guerrilla groups"
12102,0,0,1,0,0,0,1,0,0,0,0,0,0,1,"Guerrilla groups"
12103,0,0,1,0,0,0,1,0,0,0,0,0,0,1,"Guerrilla groups"
12104,0,0,1,0,0,0,1,0,0,0,0,0,0,1,"Guerrilla groups"
12105,0,0,1,0,0,0,0,0,0,0,0,0,0,1,"Guerrilla groups"
12109,0,0,1,0,0,0,0,0,0,0,0,1,0,0,"Guerrilla groups"
12110,0,0,1,0,0,0,0,0,0,0,0,1,0,0,"Guerrilla groups"
12111,0,0,1,0,0,0,0,0,0,0,0,1,0,0,"Guerrilla groups"
12112,0,0,1,0,0,0,0,0,0,0,0,1,0,0,"Guerrilla groups"
12113,0,0,1,0,0,0,0,0,0,0,0,1,0,0,"Guerrilla groups"
12146,1,0,0,0,0,0,0,0,1,0,0,0,0,0,"Guerrilla groups"
12154,0,0,1,0,0,0,0,0,0,0,0,0,0,1,"Paramilitary groups"
12161,1,0,0,0,1,0,0,0,0,0,0,0,0,0,"Paramilitary groups"
12163,0,0,1,0,1,1,0,0,0,0,0,0,0,1,"Other armed groups"
12165,0,0,1,0,0,0,0,0,0,0,0,1,0,0,"Guerrilla groups"
12168,0,1,0,0,0,0,0,0,0,0,0,0,0,1,"Paramilitary groups"
12180,0,0,1,0,0,0,0,0,0,0,0,0,0,1,"Guerrilla groups"
12181,0,0,1,0,0,0,0,0,0,0,0,0,0,1,"Guerrilla groups"
12182,0,0,1,0,0,0,0,0,0,0,0,0,0,1,"Guerrilla groups"
12183,0,0,1,0,0,0,0,0,0,0,0,0,0,1,"Guerrilla groups"
12193,0,0,1,0,1,0,0,0,0,0,0,0,0,1,"Paramilitary groups"
12194,0,0,1,0,1,0,0,0,0,0,0,0,0,1,"Guerrilla groups"
12195,0,0,1,0,1,1,0,0,0,0,0,0,0,0,"Paramilitary groups"
12196,1,0,0,1,0,0,0,0,0,0,0,0,0,0,"Paramilitary groups"
12211,0,0,1,0,1,0,0,0,0,0,0,0,0,0,"Guerrilla groups"
12216,0,0,1,0,0,0,0,0,0,0,0,0,0,1,"Paramilitary groups"
12217,0,0,1,0,0,0,0,0,0,0,0,0,0,1,"Paramilitary groups"
12233,0,1,1,0,1,0,0,1,0,0,0,0,0,1,"Paramilitary groups"
12235,1,0,0,0,0,0,0,0,0,0,1,0,0,0,"Paramilitary groups"
12240,0,0,0,0,0,0,0,0,0,0,0,0,1,1,"Other armed groups"
12244,1,0,0,1,0,1,0,0,0,0,0,0,0,0,"Other armed groups"
12245,1,0,0,1,0,1,0,0,0,0,0,0,0,0,"Other armed groups"
12253,0,0,1,0,1,1,0,0,0,0,0,0,0,0,"Guerrilla groups"
12269,0,0,0,0,1,0,0,0,1,0,0,0,0,0,"Paramilitary groups"
12279,0,0,1,0,0,0,0,0,0,0,0,0,0,1,"Guerrilla groups"
12280,0,0,0,0,0,0,0,0,0,1,1,0,0,0,"Paramilitary groups"
12286,0,0,1,0,0,0,0,0,0,0,0,0,0,1,"Guerrilla groups"
12295,0,0,0,0,0,0,0,0,0,0,0,0,1,1,"Other armed groups"
12296,0,0,0,0,0,0,0,0,0,0,0,0,1,1,"Other armed groups"
12297,0,0,0,0,0,0,0,0,0,0,0,0,1,1,"Other armed groups"
12298,0,0,0,0,0,0,0,0,0,0,0,0,1,1,"Other armed groups"
12303,0,1,0,0,0,0,0,0,0,0,0,0,0,1,"Guerrilla groups"
12304,0,1,0,0,0,0,0,0,0,0,0,0,0,1,"Guerrilla groups"
12305,0,0,1,0,1,1,0,0,1,0,0,0,0,0,"Paramilitary groups"
12306,0,0,1,0,0,0,0,0,0,0,0,0,1,1,"Other armed groups"
12307,0,0,1,0,0,0,0,0,0,0,0,0,1,1,"Other armed groups"
12308,0,0,1,0,0,0,0,0,0,0,0,0,1,1,"Other armed groups"
12309,0,0,1,0,0,0,0,0,0,0,0,0,1,1,"Other armed groups"
12310,0,0,1,0,0,0,0,0,0,0,0,0,1,1,"Other armed groups"
12311,0,0,1,0,0,0,0,0,0,0,0,0,1,1,"Other armed groups"
12312,0,0,1,0,0,0,0,0,0,0,0,0,1,1,"Other armed groups"
12313,0,0,1,0,0,0,0,0,0,0,0,0,1,1,"Other armed groups"
12314,0,0,1,0,0,0,0,0,0,0,0,0,1,1,"Other armed groups"
12315,0,0,1,0,0,0,0,0,0,0,0,0,1,1,"Other armed groups"
12316,0,0,1,0,0,0,0,0,0,0,0,0,1,1,"Other armed groups"
12317,0,0,1,0,0,0,0,0,0,0,0,0,1,1,"Other armed groups"
12319,0,0,0,0,0,0,0,0,0,0,0,0,1,1,"Guerrilla groups"
12323,0,0,0,0,0,0,0,0,0,0,0,0,1,1,"Guerrilla groups"
12347,0,0,0,0,1,1,0,0,0,0,0,0,0,0,"Other armed groups"
12348,0,0,1,0,0,0,0,0,0,0,0,0,1,1,"Guerrilla groups"
12349,0,0,1,0,0,0,0,0,0,0,0,0,1,1,"Guerrilla groups"
12350,0,0,1,0,0,0,0,0,0,0,0,0,1,1,"Guerrilla groups"
12351,0,0,1,0,0,0,0,0,0,0,0,0,1,1,"Guerrilla groups"
12353,0,0,1,0,0,1,0,0,0,0,0,0,0,0,"Guerrilla groups"
12354,0,0,1,0,0,1,0,0,0,0,0,0,0,0,"Guerrilla groups"
12362,0,0,1,0,1,0,0,0,0,1,0,0,0,0,"Paramilitary groups"
12363,0,0,1,0,1,0,0,0,0,1,0,0,0,0,"Paramilitary groups"
12369,0,0,0,0,0,0,0,0,0,1,0,0,1,0,"Paramilitary groups"
12370,0,0,0,0,0,0,0,0,0,1,0,0,1,0,"Paramilitary groups"
12373,0,0,1,0,0,0,0,0,0,0,0,0,0,1,"Guerrilla groups"
12375,0,1,1,0,0,0,0,0,0,0,0,0,0,0,"Guerrilla groups"
12379,0,0,1,0,0,0,0,0,0,0,0,0,1,0,"Other armed groups"
12381,0,0,0,0,1,0,0,0,0,0,1,0,0,0,"Paramilitary groups"
12390,0,0,0,0,0,0,1,0,0,0,0,0,0,1,"Guerrilla groups"
12391,0,0,0,0,0,0,1,0,0,0,0,0,0,1,"Guerrilla groups"
12393,1,0,0,1,0,0,0,0,0,0,0,0,0,0,"Guerrilla groups"
12394,1,0,0,0,1,0,0,0,0,0,0,0,0,0,"Guerrilla groups"
12399,0,0,0,0,1,1,0,0,0,0,0,0,0,1,"Guerrilla groups"
12407,1,0,0,0,1,0,0,0,0,0,0,0,0,0,"Other armed groups"
12408,0,0,1,0,0,0,0,0,0,0,0,0,0,1,"Other armed groups"
12409,0,0,1,0,0,0,0,0,0,0,0,0,0,1,"Other armed groups"
12410,0,0,1,0,0,0,0,0,0,0,0,0,0,1,"Other armed groups"
12411,0,0,1,0,0,0,0,0,0,0,0,0,0,1,"Other armed groups"
12412,0,0,1,0,0,0,0,0,0,0,0,0,0,1,"Other armed groups"
12413,0,0,1,0,0,0,0,0,0,0,0,0,0,1,"Other armed groups"
12414,1,0,1,0,1,0,0,0,0,0,0,0,0,0,"Other armed groups"
12415,1,0,1,0,0,0,0,0,0,0,0,0,0,0,"Paramilitary groups"
12423,0,0,1,0,0,0,0,0,0,0,0,0,0,1,"Paramilitary groups"
12424,0,0,1,0,0,0,0,0,0,0,0,0,0,1,"Paramilitary groups"
12436,0,1,1,0,0,0,0,0,0,0,0,0,0,1,"Guerrilla groups"
12439,0,0,1,0,1,0,1,0,0,0,0,0,0,0,"Guerrilla groups"
12440,0,0,1,0,1,0,1,0,0,0,0,0,0,0,"Guerrilla groups"
12441,0,0,1,0,1,0,1,0,0,0,0,0,0,0,"Guerrilla groups"
12442,0,0,1,0,1,0,1,0,0,0,0,0,0,0,"Guerrilla groups"
12443,0,0,1,0,1,0,1,0,0,0,0,0,0,0,"Guerrilla groups"
12444,0,0,1,0,1,0,1,0,0,0,0,0,0,0,"Guerrilla groups"
12445,0,0,1,0,1,0,1,0,0,0,0,0,0,0,"Guerrilla groups"
12446,0,0,1,0,1,0,1,0,0,0,0,0,0,0,"Guerrilla groups"
12454,0,0,0,0,1,1,0,0,1,0,0,0,0,0,"Guerrilla groups"
12460,0,0,1,0,0,0,0,0,0,0,0,0,0,1,"Guerrilla groups"
12461,0,0,1,0,0,0,0,0,0,0,0,0,0,1,"Guerrilla groups"
12469,0,0,0,0,1,1,0,0,0,0,0,0,0,0,"Guerrilla groups"
12470,0,0,0,0,0,0,1,0,0,0,0,0,0,1,"Guerrilla groups"
12471,0,0,0,0,1,1,1,0,0,0,0,0,0,0,"Guerrilla groups"
12472,0,0,0,0,0,0,1,0,0,0,0,0,0,1,"Guerrilla groups"
12474,0,0,1,0,0,0,0,0,0,0,1,0,0,1,"Guerrilla groups"
12475,0,0,1,0,0,0,0,0,0,0,1,0,0,1,"Guerrilla groups"
12476,0,0,1,0,0,0,0,0,0,0,1,0,0,1,"Guerrilla groups"
12482,0,1,1,0,1,0,0,0,0,0,0,0,0,0,"Guerrilla groups"
12520,0,0,0,0,0,1,0,0,0,0,0,0,0,1,"Other armed groups"
12524,0,0,0,0,0,0,1,0,0,0,0,0,0,1,"Guerrilla groups"
12525,0,0,0,0,1,1,0,0,0,0,0,0,0,0,"Other armed groups"
12536,0,0,0,0,1,0,0,1,0,0,0,0,0,0,"Other armed groups"
12558,0,0,1,0,0,0,0,0,1,0,1,0,0,0,"Guerrilla groups"
12559,0,0,1,0,0,0,0,0,1,0,1,0,0,0,"Guerrilla groups"
12560,0,0,1,0,0,0,0,0,1,0,1,0,0,0,"Guerrilla groups"
12561,0,0,1,0,0,0,0,0,1,0,1,0,0,0,"Guerrilla groups"
12562,1,1,0,0,0,0,0,0,0,0,0,0,0,0,"Paramilitary groups"
12564,0,0,1,0,0,0,0,0,0,0,0,1,0,0,"Guerrilla groups"
12565,0,0,1,0,0,0,0,1,0,0,0,0,0,0,"Other armed groups"
12566,0,0,0,1,0,0,1,0,0,0,0,0,0,0,"Guerrilla groups"
12574,1,0,0,0,0,0,0,0,0,0,0,0,0,1,"Paramilitary groups"
12575,1,0,0,0,0,0,0,0,0,0,0,0,0,1,"Paramilitary groups"
12576,1,0,0,0,0,0,0,0,0,0,0,0,0,1,"Paramilitary groups"
12577,1,0,0,0,0,0,0,0,0,0,0,0,0,1,"Paramilitary groups"
12578,1,0,0,0,0,0,0,0,0,0,0,0,0,1,"Paramilitary groups"
12579,1,0,0,0,0,0,0,0,0,0,0,0,0,1,"Paramilitary groups"
12580,1,0,0,0,0,0,0,0,0,0,0,0,0,1,"Paramilitary groups"
12581,1,0,0,0,0,0,0,0,0,0,0,0,0,1,"Paramilitary groups"
12582,1,0,0,0,0,0,0,0,0,0,0,0,0,1,"Paramilitary groups"
12583,1,0,0,0,0,0,0,0,0,0,0,0,0,1,"Guerrilla groups"
12584,1,0,0,0,0,0,0,0,0,0,0,0,0,1,"Guerrilla groups"
12585,1,0,0,0,0,0,0,0,0,0,0,0,0,1,"Guerrilla groups"
12586,1,0,0,0,0,0,0,0,0,0,0,0,0,1,"Guerrilla groups"
12608,1,0,0,0,1,0,0,0,1,0,0,0,0,0,"Paramilitary groups"
12610,0,0,1,0,0,0,0,0,0,0,0,0,0,1,"Paramilitary groups"
12611,0,0,1,0,0,0,0,0,0,0,0,0,0,1,"Paramilitary groups"
12619,0,0,1,0,0,0,0,0,0,0,0,0,0,1,"Paramilitary groups"
12621,0,0,1,0,0,0,0,0,0,0,0,0,0,1,"Paramilitary groups"
12624,1,0,0,0,1,0,0,0,0,1,0,0,0,0,"Guerrilla groups"
12625,1,0,0,0,1,0,0,0,0,0,0,0,0,0,"Guerrilla groups"
12638,0,0,1,0,0,0,0,0,0,0,0,0,0,1,"Paramilitary groups"
12639,0,0,0,0,1,0,0,0,1,0,0,0,0,0,"Paramilitary groups"
12642,0,0,1,0,0,0,0,0,1,0,0,0,0,0,"Paramilitary groups"
12662,0,0,1,0,1,1,0,0,0,0,0,0,0,0,"Guerrilla groups"
12664,1,0,0,0,1,0,0,0,0,0,0,0,0,0,"Guerrilla groups"
12680,0,0,1,0,0,0,0,0,0,0,0,0,0,1,"Guerrilla groups"
12681,0,0,0,0,1,0,0,1,0,0,0,0,0,0,"Other armed groups"
12696,0,0,0,1,1,0,0,0,0,0,0,0,0,0,"Other armed groups"
12697,0,1,0,0,1,0,0,0,0,0,0,0,0,0,"Paramilitary groups"
12698,1,0,0,0,0,0,0,0,0,0,0,1,0,0,"Other armed groups"
12723,0,0,0,0,0,1,1,0,0,0,0,0,0,1,"Guerrilla groups"
12724,0,0,0,0,0,1,0,0,0,0,0,0,0,1,"Guerrilla groups"
12725,0,0,0,0,1,0,0,0,1,0,0,0,0,0,"Guerrilla groups"
12731,0,1,0,0,0,0,0,0,0,0,0,0,0,1,"Other armed groups"
12732,0,1,0,0,0,0,0,0,0,0,0,0,0,1,"Other armed groups"
12733,0,1,0,0,0,0,0,0,0,0,0,0,0,1,"Other armed groups"
12734,0,0,1,0,1,1,0,0,0,0,0,0,0,0,"Other armed groups"
12745,0,0,1,0,0,0,0,0,0,0,0,0,0,1,"Guerrilla groups"
12751,0,0,1,0,0,0,0,0,0,0,1,0,0,0,"Guerrilla groups"
12752,0,0,1,0,0,0,0,0,0,0,1,0,0,0,"Guerrilla groups"
12753,0,0,0,0,0,0,0,0,1,1,1,0,0,0,"Guerrilla groups"
12755,0,0,1,0,0,0,0,0,0,0,0,0,0,1,"Guerrilla groups"
12757,0,0,1,0,0,1,0,0,0,0,0,0,0,0,"Guerrilla groups"
12758,0,1,0,0,0,0,0,0,0,0,0,1,0,0,"Guerrilla groups"
12759,0,0,0,0,0,0,0,0,0,0,0,0,1,1,"Guerrilla groups"
12760,0,0,1,0,0,0,0,0,0,0,0,0,0,1,"Guerrilla groups"
12761,0,0,1,0,0,0,0,0,0,0,0,0,0,1,"Paramilitary groups"
12766,0,0,1,0,0,0,0,0,0,0,0,0,0,1,"Paramilitary groups"
12770,1,0,1,0,1,0,0,0,0,0,0,0,0,0,"Guerrilla groups"
12771,0,0,1,0,0,0,0,0,0,0,0,0,0,1,"Guerrilla groups"
12772,0,0,1,0,0,0,0,0,0,0,0,0,0,1,"Guerrilla groups"
12773,0,0,1,0,0,0,0,0,0,0,0,0,0,1,"Guerrilla groups"
12778,0,1,0,0,0,0,0,0,0,0,0,0,0,1,"Guerrilla groups"
12781,0,0,1,0,0,0,0,0,0,0,0,0,0,1,"Paramilitary groups"
12784,0,0,1,1,1,0,0,0,1,0,0,0,0,0,"Paramilitary groups"
12785,0,0,1,1,1,0,0,0,1,0,0,0,0,0,"Paramilitary groups"
12786,0,0,1,1,1,0,0,0,1,0,0,0,0,0,"Paramilitary groups"
12787,0,0,1,1,1,0,0,0,1,0,0,0,0,0,"Paramilitary groups"
12788,0,0,1,0,1,0,0,0,0,0,0,0,0,0,"Paramilitary groups"
12789,0,0,1,0,0,0,0,0,0,0,0,0,0,1,"Paramilitary groups"
12790,0,0,1,0,0,0,0,0,0,0,0,0,0,1,"Paramilitary groups"
12791,0,0,0,0,1,1,0,0,0,0,0,0,0,0,"Paramilitary groups"
12792,0,0,1,0,1,0,0,1,0,0,0,0,0,0,"Other armed groups"
12793,0,0,1,0,1,0,0,1,0,0,0,0,0,0,"Other armed groups"
12794,0,0,1,0,0,0,0,0,0,0,0,0,0,1,"Paramilitary groups"
12795,1,0,0,0,1,0,0,0,0,0,0,0,0,0,"Other armed groups"
12799,0,0,0,0,0,0,0,0,0,1,0,0,1,0,"Paramilitary groups"
12800,0,0,1,0,1,0,0,0,1,0,0,0,0,0,"Paramilitary groups"
12801,0,0,1,0,1,0,0,0,1,0,0,0,0,0,"Paramilitary groups"
12808,0,0,0,0,0,0,1,0,0,0,0,0,0,1,"Guerrilla groups"
12811,0,0,1,0,1,1,0,0,0,0,0,0,0,0,"Guerrilla groups"
12812,0,0,0,0,0,0,0,0,0,0,0,0,1,1,"Guerrilla groups"
12813,0,0,0,0,0,0,0,0,0,0,0,0,1,1,"Guerrilla groups"
12814,1,0,0,0,0,1,0,0,0,0,0,0,0,0,"Guerrilla groups"
12815,0,0,0,0,1,1,0,0,0,0,0,0,0,0,"Paramilitary groups"
12821,1,0,0,0,1,0,0,0,0,0,0,0,0,0,"Paramilitary groups"
12825,0,0,1,0,0,0,0,0,0,1,0,0,0,0,"Other armed groups"
12826,0,0,1,0,0,0,0,0,0,1,0,0,0,0,"Other armed groups"
12827,0,0,1,0,0,0,0,0,0,1,0,0,0,0,"Other armed groups"
12828,0,0,1,0,1,0,0,1,0,1,0,0,0,0,"Other armed groups"
12829,0,0,1,0,1,0,0,1,0,1,0,0,0,0,"Other armed groups"
12830,0,0,1,0,1,0,0,1,0,1,0,0,0,0,"Other armed groups"
12831,1,0,1,0,0,0,0,1,0,1,0,0,0,0,"Paramilitary groups"
12832,1,0,1,0,0,0,0,1,0,1,0,0,0,0,"Paramilitary groups"
12833,1,0,1,0,0,0,0,1,0,1,0,0,0,0,"Paramilitary groups"
12834,0,1,1,0,0,0,0,0,1,0,0,0,0,0,"Paramilitary groups"
12835,0,1,1,0,0,0,0,0,1,0,0,0,0,0,"Paramilitary groups"
12836,0,1,1,0,0,0,0,0,1,0,0,0,0,0,"Paramilitary groups"
12851,0,1,0,0,0,0,0,0,0,1,0,0,0,0,"Other armed groups"
12858,0,0,1,0,0,0,0,0,0,0,0,0,0,1,"Paramilitary groups"
12862,0,0,1,0,0,0,0,0,0,0,0,0,0,1,"Paramilitary groups"
12865,0,0,0,0,0,0,0,0,0,0,0,0,1,1,"Guerrilla groups"
12874,0,0,1,0,0,0,0,0,0,0,0,0,0,1,"Other armed groups"
12882,0,0,1,0,0,1,0,0,0,0,0,0,0,0,"Other armed groups"
12885,0,0,0,0,0,1,0,0,0,0,0,0,0,1,"Paramilitary groups"
12887,0,0,1,0,0,0,0,0,0,0,0,0,0,1,"Guerrilla groups"
12890,0,0,0,1,1,0,0,0,0,0,0,0,0,0,"Other armed groups"
12892,0,0,0,0,0,1,0,0,0,1,0,0,0,0,"Other armed groups"
12895,0,1,1,0,0,0,0,0,0,0,0,0,0,0,"Guerrilla groups"
12913,0,0,0,0,1,1,0,0,0,0,0,0,0,1,"Paramilitary groups"
12915,0,0,1,0,1,1,0,0,0,0,0,0,0,0,"Guerrilla groups"
12916,0,0,1,0,1,1,0,0,0,0,0,0,0,0,"Guerrilla groups"
12917,0,0,0,0,0,0,0,0,0,0,0,0,1,1,"Guerrilla groups"
12918,0,0,0,0,0,0,0,0,0,0,0,0,1,1,"Guerrilla groups"
12920,0,0,1,0,0,0,0,0,0,0,0,0,0,1,"Guerrilla groups"
12924,0,0,1,0,0,0,0,0,0,0,0,0,1,1,"Other armed groups"
12925,0,0,0,0,0,0,0,0,0,0,0,1,0,1,"Guerrilla groups"
12927,0,0,1,0,0,0,0,0,0,0,0,0,0,1,"Other armed groups"
12945,0,0,1,0,1,0,0,0,0,0,0,0,0,0,"Paramilitary groups"
12955,0,0,1,0,0,0,0,0,0,1,0,0,0,0,"Paramilitary groups"
12958,0,0,1,0,0,0,0,0,0,0,0,0,0,1,"Guerrilla groups"
12959,0,0,1,0,0,0,0,0,0,0,0,0,0,1,"Guerrilla groups"
12962,0,0,0,0,0,0,0,0,0,0,0,0,1,1,"Paramilitary groups"
12963,0,0,0,0,0,0,0,0,0,1,0,1,0,0,"Paramilitary groups"
12964,0,0,0,0,0,0,0,0,0,1,0,1,0,0,"Paramilitary groups"
12965,0,0,0,0,0,0,0,0,0,1,0,1,0,0,"Paramilitary groups"
12972,0,0,0,0,1,0,0,1,0,0,0,0,0,0,"Other armed groups"
12997,1,0,0,0,0,0,0,0,0,0,1,0,0,0,"Guerrilla groups"
13021,1,0,1,1,0,0,0,0,0,0,0,0,0,0,"Guerrilla groups"
13022,0,0,1,0,0,0,0,0,0,0,0,0,0,1,"Guerrilla groups"
13025,0,0,1,0,0,0,0,0,0,0,0,0,0,1,"Paramilitary groups"
13026,0,0,0,0,0,0,0,0,0,0,0,0,1,1,"Guerrilla groups"
13027,0,0,0,0,0,0,0,0,0,1,0,0,1,1,"Guerrilla groups"
13030,0,0,1,0,0,0,0,0,0,0,0,0,0,1,"Guerrilla groups"
13034,0,0,0,0,1,1,0,0,0,0,0,0,0,0,"Paramilitary groups"
13036,0,0,1,0,1,0,0,0,0,0,1,0,0,0,"Paramilitary groups"
13038,0,0,0,0,0,0,0,0,0,0,0,1,0,1,"Paramilitary groups"
13045,0,0,0,0,1,0,0,0,1,0,0,0,0,0,"Guerrilla groups"
13046,0,0,0,0,1,0,0,0,1,0,0,0,0,0,"Guerrilla groups"
13047,0,0,0,0,1,0,0,0,1,0,0,0,0,0,"Guerrilla groups"
13056,1,0,1,0,0,0,0,0,0,0,0,0,0,0,"Paramilitary groups"
13060,1,0,0,1,0,0,0,0,0,0,0,0,0,0,"Guerrilla groups"
13066,0,0,1,0,0,0,0,0,0,0,0,0,0,1,"Paramilitary groups"
13067,0,0,1,0,0,0,0,0,0,0,0,0,0,1,"Paramilitary groups"
13069,1,0,0,1,1,0,0,0,0,0,0,0,0,0,"Paramilitary groups"
13070,0,0,1,0,0,0,0,0,0,0,0,1,1,1,"Paramilitary groups"
13071,1,0,0,0,0,1,0,0,0,0,0,0,0,0,"Paramilitary groups"
13072,1,0,0,0,0,1,0,0,0,0,0,0,0,0,"Paramilitary groups"
13073,1,0,0,0,0,1,0,0,0,0,0,0,0,0,"Paramilitary groups"
13074,1,0,0,0,0,1,0,0,0,0,0,0,0,0,"Paramilitary groups"
13084,1,0,1,0,1,0,0,0,0,0,0,0,0,0,"Paramilitary groups"
13085,0,0,1,0,0,0,0,0,0,0,0,0,0,1,"Guerrilla groups"
13086,0,0,1,0,0,0,0,0,0,0,1,0,0,0,"Guerrilla groups"
13090,0,0,1,0,0,0,0,0,0,0,0,0,0,1,"Guerrilla groups"
13091,0,0,1,0,0,0,0,0,0,0,0,0,0,1,"Guerrilla groups"
13094,0,1,1,0,0,0,0,0,0,0,0,1,0,0,"Other armed groups"
13095,1,0,0,0,0,0,0,0,0,0,0,1,0,0,"Other armed groups"
13096,1,0,0,0,0,0,0,0,0,0,0,1,0,0,"Other armed groups"
13108,0,1,0,0,0,0,0,0,0,0,0,1,0,0,"Other armed groups"
13109,0,1,0,0,0,0,0,0,0,0,0,1,0,0,"Other armed groups"
13110,1,0,0,0,0,0,0,0,0,0,0,1,0,0,"Other armed groups"
13112,0,0,1,0,0,0,0,0,0,0,0,0,0,1,"Other armed groups"
13116,0,0,1,0,0,0,0,0,0,1,0,0,1,1,"Paramilitary groups"
13117,0,0,1,0,0,0,0,0,0,1,0,0,1,1,"Paramilitary groups"
13118,0,0,1,0,0,0,0,0,0,1,0,0,1,1,"Paramilitary groups"
13128,0,0,0,0,1,0,0,0,0,0,0,0,1,0,"Other armed groups"
13129,0,0,0,0,1,0,0,0,0,0,0,0,1,0,"Other armed groups"
13130,0,0,0,0,0,0,0,0,0,0,0,1,0,1,"Guerrilla groups"
13131,0,0,1,0,0,0,0,0,0,0,1,0,0,1,"Guerrilla groups"
13132,0,0,1,0,0,0,0,0,0,0,1,0,0,1,"Guerrilla groups"
13133,0,0,1,0,0,0,0,0,0,0,1,0,0,1,"Guerrilla groups"
13134,0,0,1,0,0,0,0,0,0,0,1,0,0,1,"Guerrilla groups"
13135,0,0,1,0,0,0,0,0,0,0,1,0,0,1,"Guerrilla groups"
13137,0,0,0,0,1,0,0,1,0,0,0,0,0,0,"Other armed groups"
13140,0,0,0,0,1,0,0,0,0,0,0,0,0,1,"Paramilitary groups"
13141,0,0,0,0,1,0,0,0,0,0,0,0,0,1,"Paramilitary groups"
13146,1,0,0,0,1,0,0,0,0,0,0,0,0,0,"Other armed groups"
13150,0,0,1,0,0,0,0,0,0,0,1,0,0,0,"Paramilitary groups"
13154,0,0,0,0,0,0,0,0,0,0,1,0,0,1,"Guerrilla groups"
13155,0,0,0,0,0,0,1,0,0,0,0,0,0,1,"Guerrilla groups"
13156,0,0,0,0,0,0,1,0,0,0,0,0,0,1,"Guerrilla groups"
13157,0,0,0,0,0,0,1,0,0,0,0,0,0,1,"Guerrilla groups"
13159,1,0,0,0,1,0,0,0,0,0,0,0,0,0,"Paramilitary groups"
13160,0,0,0,0,0,0,0,0,0,1,0,0,0,1,"Paramilitary groups"
13165,1,0,0,1,1,0,0,0,0,0,0,0,0,0,"Paramilitary groups"
13192,0,0,0,0,1,0,0,0,0,0,0,0,0,1,"Paramilitary groups"
13199,0,0,1,0,0,0,0,0,0,0,0,0,0,1,"Guerrilla groups"
13201,0,0,1,0,0,0,0,0,0,0,0,0,0,1,"Guerrilla groups"
13202,0,0,1,0,0,0,0,0,0,0,0,0,0,1,"Guerrilla groups"
13214,0,0,0,0,0,0,1,0,0,0,0,0,0,1,"Guerrilla groups"
13217,0,0,1,0,1,0,0,0,0,0,0,0,0,0,"Guerrilla groups"
13222,0,0,0,1,0,0,1,0,0,0,0,0,0,0,"Guerrilla groups"
13223,0,0,1,0,0,0,0,0,0,0,0,0,0,1,"Guerrilla groups"
13226,0,0,1,0,0,0,0,0,0,0,0,0,0,1,"Guerrilla groups"
13227,0,0,1,1,1,0,0,0,0,0,0,0,0,0,"Paramilitary groups"
13228,0,0,1,0,0,0,0,0,0,0,0,0,0,1,"Paramilitary groups"
13229,0,0,1,0,1,0,0,0,0,0,0,0,0,1,"Paramilitary groups"
13237,0,0,1,0,0,0,0,0,0,0,0,0,0,1,"Guerrilla groups"
13238,0,0,1,0,0,0,0,0,0,0,0,0,0,1,"Guerrilla groups"
13247,0,0,1,0,0,0,0,0,0,0,0,0,1,1,"Guerrilla groups"
13248,0,0,1,0,0,0,0,0,0,0,0,0,1,1,"Guerrilla groups"
13249,0,0,1,0,0,0,0,0,0,0,0,0,1,1,"Guerrilla groups"
13250,0,0,0,0,0,0,1,0,0,0,0,0,1,1,"Guerrilla groups"
13251,0,0,0,0,0,0,1,0,0,0,0,0,1,1,"Guerrilla groups"
13252,0,0,0,0,0,0,1,0,0,0,0,0,1,1,"Guerrilla groups"
13262,0,0,0,0,0,0,0,0,0,1,0,0,1,0,"Guerrilla groups"
13272,0,0,1,0,0,0,0,0,0,0,0,0,0,1,"Paramilitary groups"
13276,0,0,1,0,0,0,0,0,0,0,0,0,0,1,"Guerrilla groups"
13286,0,0,1,0,0,0,0,0,0,0,0,0,0,1,"Guerrilla groups"
13288,1,0,0,0,1,0,0,0,0,0,0,0,0,0,"Paramilitary groups"
13289,1,0,0,0,1,0,0,0,0,0,0,0,0,0,"Paramilitary groups"
13291,0,0,1,0,0,0,1,0,0,0,0,0,0,1,"Paramilitary groups"
13293,1,0,0,1,0,0,0,0,0,0,0,0,0,0,"Other armed groups"
13298,0,1,0,0,0,0,0,0,0,0,0,0,0,1,"Paramilitary groups"
13309,0,0,1,0,0,0,0,0,0,0,0,0,1,1,"Guerrilla groups"
13310,0,0,0,1,0,0,1,0,0,0,0,0,0,0,"Guerrilla groups"
13312,1,0,0,0,1,0,0,0,0,0,0,0,0,0,"Paramilitary groups"
13322,0,0,0,0,0,0,0,0,1,0,1,0,0,0,"Guerrilla groups"
13325,0,1,1,0,1,0,0,0,0,0,0,0,0,0,"Other armed groups"
13351,0,0,1,0,0,0,0,0,0,0,0,0,1,1,"Other armed groups"
13354,1,0,0,1,0,0,0,0,0,0,0,0,0,0,"Paramilitary groups"
13355,1,0,0,1,0,0,0,0,0,0,0,0,0,0,"Paramilitary groups"
13356,1,0,0,1,0,0,0,0,0,0,0,0,0,0,"Paramilitary groups"
13357,1,0,0,1,0,0,0,0,0,0,0,0,0,0,"Paramilitary groups"
13359,1,0,1,0,0,0,0,0,0,0,0,0,0,0,"Other armed groups"
13360,0,0,1,0,0,0,0,0,0,0,0,0,0,1,"Paramilitary groups"
13366,0,0,1,0,0,0,0,0,0,0,0,0,0,1,"Paramilitary groups"
13370,0,0,0,0,0,0,1,0,0,0,0,0,0,1,"Guerrilla groups"
13371,0,0,0,0,0,0,1,0,0,0,0,0,0,1,"Guerrilla groups"
13372,0,0,0,0,0,0,1,0,0,0,0,0,0,1,"Guerrilla groups"
13373,0,0,0,0,0,0,1,0,0,0,0,0,0,1,"Guerrilla groups"
13374,0,0,0,0,1,0,0,1,0,0,0,0,0,0,"Other armed groups"
13376,0,0,1,0,0,0,0,0,0,0,0,0,0,1,"Paramilitary groups"
13392,0,0,0,0,1,0,0,0,1,0,0,0,0,0,"Guerrilla groups"
13393,0,0,0,0,0,0,0,0,0,0,0,0,1,1,"Guerrilla groups"
13394,0,0,1,0,0,0,0,0,0,1,1,0,0,0,"Paramilitary groups"
13395,0,0,1,0,0,0,0,0,0,1,1,0,0,0,"Paramilitary groups"
13396,0,0,1,0,0,0,0,0,0,0,0,0,0,1,"Paramilitary groups"
13397,0,0,1,0,0,0,0,0,0,0,0,0,0,1,"Paramilitary groups"
13398,0,0,1,0,0,0,0,0,0,0,0,0,0,1,"Paramilitary groups"
13399,0,0,1,0,0,0,0,0,0,0,0,0,0,1,"Paramilitary groups"
13400,0,0,1,0,0,0,0,0,0,0,0,0,0,1,"Paramilitary groups"
13401,0,0,1,0,0,0,0,0,0,1,1,0,0,0,"Paramilitary groups"
13402,0,0,1,0,0,0,0,0,0,1,1,0,0,0,"Paramilitary groups"
13416,0,0,0,0,0,1,0,0,0,0,1,0,0,0,"Paramilitary groups"
13426,0,0,1,0,0,0,0,0,0,1,0,0,0,0,"Paramilitary groups"
13432,0,0,1,0,0,0,0,0,0,0,0,0,0,1,"Paramilitary groups"
13433,0,0,0,0,0,0,0,0,1,0,0,0,0,1,"Paramilitary groups"
13444,0,0,1,0,1,0,0,0,0,0,0,0,0,0,"Other armed groups"
13452,0,0,0,0,0,0,0,0,0,0,0,0,1,1,"Guerrilla groups"
13453,0,0,0,0,0,0,0,0,0,0,0,0,1,1,"Guerrilla groups"
13454,0,0,0,0,0,0,0,0,0,0,0,0,1,1,"Guerrilla groups"
13464,0,0,0,0,0,1,1,0,0,0,0,0,0,0,"Guerrilla groups"
13472,0,0,1,0,0,0,0,0,0,0,0,0,0,1,"Paramilitary groups"
13477,0,0,1,0,0,0,0,0,0,0,0,1,0,0,"Paramilitary groups"
13479,0,0,1,0,0,1,0,0,0,0,0,0,0,0,"Paramilitary groups"
13480,1,0,1,0,0,0,0,0,0,0,0,0,0,0,"Paramilitary groups"
13481,0,0,0,0,0,0,0,0,0,0,0,0,1,1,"Paramilitary groups"
13482,0,0,1,0,0,0,0,0,0,0,0,0,0,1,"Guerrilla groups"
13483,0,0,1,0,0,0,0,0,0,0,0,0,0,1,"Guerrilla groups"
13511,0,0,1,0,0,0,0,0,0,0,0,0,0,1,"Guerrilla groups"
13512,0,0,1,0,0,0,0,0,0,0,0,0,0,1,"Guerrilla groups"
13515,0,0,1,0,0,0,0,0,0,0,0,0,0,1,"Paramilitary groups"
13518,0,0,0,0,0,0,0,0,0,1,0,0,1,1,"Paramilitary groups"
13519,0,0,0,0,0,0,0,0,0,1,0,0,1,1,"Paramilitary groups"
13522,0,0,0,0,0,0,0,0,0,0,0,0,1,1,"Paramilitary groups"
13523,0,0,0,0,0,0,0,0,0,0,0,0,1,1,"Paramilitary groups"
13524,0,0,1,0,1,0,0,0,0,0,0,0,0,0,"Paramilitary groups"
13527,1,1,0,0,0,0,0,0,0,0,0,0,0,0,"Other armed groups"
13530,1,1,0,0,0,0,0,0,0,0,0,0,0,0,"Other armed groups"
13531,1,1,0,0,0,0,0,0,0,0,0,0,0,0,"Other armed groups"
13532,1,1,0,0,0,0,0,0,0,0,0,0,0,0,"Other armed groups"
13533,1,1,0,0,0,0,0,0,0,0,0,0,0,0,"Other armed groups"
13534,1,1,0,0,0,0,0,0,0,0,0,0,0,0,"Other armed groups"
13535,1,1,0,0,0,0,0,0,0,0,0,0,0,0,"Other armed groups"
13536,1,1,0,0,0,0,0,0,0,0,0,0,0,0,"Other armed groups"
13537,1,1,0,0,0,0,0,0,0,0,0,0,0,0,"Other armed groups"
13538,1,1,0,0,0,0,0,0,0,0,0,0,0,0,"Other armed groups"
13539,1,1,0,0,0,0,0,0,0,0,0,0,0,0,"Other armed groups"
13545,1,0,0,0,0,1,0,0,0,0,0,0,0,0,"Other armed groups"
13564,0,0,1,0,0,0,0,0,0,0,0,0,0,1,"Guerrilla groups"
13574,1,0,0,0,0,0,0,0,0,0,0,0,0,1,"Guerrilla groups"
13575,1,0,0,0,0,0,0,0,0,0,0,0,0,1,"Guerrilla groups"
13576,1,0,1,0,0,0,0,0,0,0,0,0,0,1,"Guerrilla groups"
13577,1,0,1,0,0,0,0,0,0,0,0,0,0,1,"Guerrilla groups"
13580,0,0,1,0,1,0,0,0,0,0,0,0,1,1,"Paramilitary groups"
13581,0,0,1,0,1,0,0,0,0,0,0,0,1,1,"Paramilitary groups"
13582,0,0,1,0,1,0,0,0,0,0,0,0,1,1,"Paramilitary groups"
13583,0,0,1,0,1,0,0,0,0,0,0,0,1,1,"Paramilitary groups"
13584,0,0,1,0,1,0,0,0,0,0,0,0,1,1,"Paramilitary groups"
13585,0,0,1,0,1,0,0,0,0,0,0,0,1,1,"Paramilitary groups"
13589,0,0,1,0,0,0,0,0,0,0,0,0,0,1,"Paramilitary groups"
13593,0,0,0,0,0,0,1,0,0,0,0,0,0,1,"Paramilitary groups"
13594,0,0,0,0,1,0,0,0,0,0,0,0,0,1,"Paramilitary groups"
13601,0,1,0,0,0,0,0,0,0,0,0,0,0,1,"Other armed groups"
13603,0,0,1,0,0,0,0,0,0,0,0,0,0,1,"Paramilitary groups"
13609,0,0,1,0,0,0,0,0,0,0,0,0,0,1,"Guerrilla groups"
13618,0,0,0,0,1,0,0,0,0,0,0,0,0,1,"Other armed groups"
13619,0,1,0,0,0,0,0,0,0,0,0,0,0,1,"Paramilitary groups"
13622,0,0,0,0,0,0,0,0,0,0,0,1,0,1,"Paramilitary groups"
13641,1,0,0,0,0,0,0,0,0,0,0,1,0,0,"Other armed groups"
13645,0,1,1,0,0,0,0,0,0,0,1,1,0,1,"Other armed groups"
13651,0,0,1,0,0,0,0,0,0,0,0,0,0,1,"Paramilitary groups"
13653,0,0,1,0,0,0,0,0,0,0,0,0,0,1,"Guerrilla groups"
13667,0,0,0,0,1,1,1,0,0,0,0,0,0,0,"Guerrilla groups"
13677,0,0,1,0,0,0,1,0,0,0,0,0,0,0,"Guerrilla groups"
13678,0,0,1,0,0,0,1,0,0,0,0,0,0,0,"Guerrilla groups"
13679,0,0,1,0,0,0,1,0,0,0,0,0,0,0,"Guerrilla groups"
13680,0,0,1,0,0,0,1,0,0,0,0,0,0,0,"Guerrilla groups"
13682,0,0,0,0,0,0,0,0,0,0,0,0,1,1,"Guerrilla groups"
13683,0,0,0,0,0,0,0,0,0,0,0,0,1,1,"Guerrilla groups"
13684,0,0,0,0,0,0,0,0,0,0,0,0,1,1,"Guerrilla groups"
13685,0,0,0,0,0,0,0,0,0,0,0,0,1,1,"Guerrilla groups"
13687,0,0,1,0,0,0,0,0,0,0,0,0,0,1,"Guerrilla groups"
13688,0,0,1,0,0,0,0,0,0,0,0,0,0,1,"Guerrilla groups"
13689,0,0,1,0,0,0,0,0,0,0,0,0,0,1,"Guerrilla groups"
13690,0,0,1,0,0,0,0,0,0,0,0,0,0,1,"Guerrilla groups"
13697,0,0,0,0,0,0,0,0,0,0,0,0,1,1,"Guerrilla groups"
13712,1,0,0,1,0,0,0,0,0,0,0,0,0,0,"Paramilitary groups"
13713,1,0,0,1,0,0,0,0,0,0,0,0,0,0,"Paramilitary groups"
13714,1,0,0,1,0,0,0,0,0,0,0,0,0,0,"Paramilitary groups"
13715,0,0,1,0,0,0,0,0,0,0,0,0,1,1,"Paramilitary groups"
13732,0,1,1,0,0,0,0,0,0,0,0,0,0,0,"Other armed groups"
13736,1,0,1,0,0,0,0,0,0,0,0,0,0,1,"Paramilitary groups"
13738,1,0,1,0,0,0,0,0,0,0,0,0,0,1,"Other armed groups"
13739,0,0,0,0,1,0,0,0,1,0,0,0,0,0,"Paramilitary groups"
13740,0,0,0,0,1,0,0,1,0,0,0,0,0,0,"Other armed groups"
13749,0,0,0,1,1,0,0,0,0,0,0,0,0,0,"Paramilitary groups"
13764,0,0,0,0,0,1,1,0,0,0,0,0,0,0,"Guerrilla groups"
13765,0,0,0,0,1,0,0,1,0,0,0,0,0,0,"Other armed groups"
13771,1,1,0,0,0,0,0,0,0,0,0,0,0,1,"Paramilitary groups"
13774,0,1,1,0,1,0,0,0,0,0,0,0,0,0,"Paramilitary groups"
13793,0,0,1,0,1,0,0,0,0,0,0,0,0,0,"Paramilitary groups"
13821,0,0,0,0,0,0,1,0,0,0,0,0,0,1,"Guerrilla groups"
13822,0,0,1,0,0,0,0,0,0,0,0,0,0,1,"Guerrilla groups"
13826,0,0,1,0,1,0,0,0,0,1,1,0,1,1,"Paramilitary groups"
13833,0,0,0,0,1,0,0,0,0,0,0,0,0,1,"Other armed groups"
13847,0,0,1,0,0,0,0,0,0,0,0,0,0,1,"Paramilitary groups"
13849,1,0,0,1,0,0,0,0,0,0,0,0,0,0,"Guerrilla groups"
13850,0,0,1,0,1,1,1,0,0,0,0,0,0,0,"Guerrilla groups"
13851,0,0,1,0,1,1,1,0,0,0,0,0,0,0,"Guerrilla groups"
13852,0,0,0,0,0,0,0,0,0,0,0,0,1,1,"Guerrilla groups"
13853,0,0,0,0,0,0,0,0,0,0,0,0,1,1,"Guerrilla groups"
13854,0,0,0,0,0,0,0,0,0,0,0,0,1,1,"Guerrilla groups"
13855,0,0,0,0,0,0,0,0,0,0,0,0,1,1,"Guerrilla groups"
13856,0,1,0,0,0,0,0,0,0,0,0,0,0,1,"Guerrilla groups"
13860,0,0,1,0,0,0,0,0,0,0,1,0,0,1,"Paramilitary groups"
13861,0,0,1,0,0,0,0,0,0,0,1,0,0,1,"Paramilitary groups"
13862,0,0,1,0,0,0,0,0,0,0,1,0,0,1,"Paramilitary groups"
13863,0,0,1,0,0,0,0,0,0,0,1,0,0,1,"Paramilitary groups"
13873,0,1,0,0,0,0,0,0,0,0,0,0,1,1,"Other armed groups"
13875,0,0,0,0,0,0,0,0,0,0,0,1,0,1,"Paramilitary groups"
13876,0,0,0,0,0,0,0,0,1,0,0,1,0,0,"Guerrilla groups"
13877,0,0,0,0,0,0,0,0,1,0,0,1,0,0,"Guerrilla groups"
13878,0,0,0,0,0,0,0,0,1,0,0,1,0,0,"Guerrilla groups"
13879,0,0,0,0,0,0,0,0,1,0,0,1,0,0,"Guerrilla groups"
13887,0,0,1,0,0,0,0,0,0,0,0,0,0,1,"Guerrilla groups"
13888,0,0,1,0,0,0,0,0,0,0,0,0,0,1,"Guerrilla groups"
13889,0,0,1,0,0,0,0,0,0,0,0,0,0,1,"Guerrilla groups"
13890,0,0,0,0,0,0,0,0,0,0,0,0,1,1,"Guerrilla groups"
13891,0,0,0,0,0,0,0,0,0,0,0,0,1,1,"Guerrilla groups"
13892,0,0,0,0,0,0,0,0,0,0,0,0,1,1,"Guerrilla groups"
13902,0,0,1,0,0,0,0,0,0,0,0,0,1,1,"Guerrilla groups"
13907,0,0,0,0,0,0,0,0,0,0,0,0,1,1,"Other armed groups"
13908,0,0,0,0,0,0,0,0,0,0,0,0,1,1,"Other armed groups"
13909,0,0,0,0,0,0,0,0,0,0,0,0,1,1,"Other armed groups"
13910,0,0,0,0,0,0,0,0,0,0,0,0,1,1,"Other armed groups"
13911,0,0,0,0,0,0,0,0,0,0,0,0,1,1,"Other armed groups"
13912,0,0,1,0,0,0,0,0,0,0,0,0,0,1,"Other armed groups"
13914,0,0,0,0,0,1,0,1,0,0,0,0,0,0,"Other armed groups"
13920,0,0,1,0,1,1,0,0,0,0,0,0,0,1,"Paramilitary groups"
13921,0,0,1,0,1,1,0,0,0,0,0,0,0,1,"Paramilitary groups"
13922,0,0,1,0,1,1,0,0,0,0,0,0,0,1,"Paramilitary groups"
13925,0,0,1,0,0,0,0,0,0,1,0,0,0,0,"Paramilitary groups"
13926,0,0,1,0,0,0,0,0,0,1,0,0,0,0,"Paramilitary groups"
13927,0,0,0,0,1,0,0,1,0,0,0,0,0,0,"Other armed groups"
13929,0,0,0,0,0,0,0,1,0,0,0,0,0,1,"Other armed groups"
13934,0,0,1,0,0,1,0,0,0,0,0,0,0,0,"Guerrilla groups"
13936,1,0,0,0,1,0,0,0,0,0,0,0,0,0,"Paramilitary groups"
13937,1,0,0,0,1,0,0,0,0,0,0,0,0,0,"Paramilitary groups"
13938,0,0,0,0,1,0,0,0,0,1,0,0,0,0,"Other armed groups"
13940,1,0,1,0,0,0,0,0,0,0,0,0,1,0,"Paramilitary groups"
13944,0,0,0,0,0,1,0,0,0,0,0,0,0,1,"Guerrilla groups"
13953,0,0,1,0,0,0,0,0,0,0,0,0,0,1,"Guerrilla groups"
13957,0,0,0,0,1,1,0,0,0,0,0,0,0,0,"Other armed groups"
13962,0,0,0,0,1,0,0,0,0,0,0,0,1,1,"Paramilitary groups"
13983,0,0,1,0,0,0,0,0,0,0,0,0,0,1,"Other armed groups"
13987,0,0,1,0,0,0,0,0,0,0,1,0,0,0,"Guerrilla groups"
13991,0,0,1,0,1,0,0,0,0,0,0,0,0,0,"Guerrilla groups"
13992,0,0,1,0,1,0,0,0,0,0,0,0,0,1,"Guerrilla groups"
13993,0,0,1,0,1,0,0,0,0,0,0,0,1,1,"Paramilitary groups"
13994,0,0,1,0,1,0,0,0,0,0,0,0,1,1,"Paramilitary groups"
13995,0,0,0,0,0,0,0,0,0,0,0,1,1,1,"Guerrilla groups"
13997,0,0,1,0,0,0,0,0,0,0,0,0,0,1,"Guerrilla groups"
14019,0,0,1,0,0,0,0,0,0,0,0,0,0,1,"Other armed groups"
14046,0,0,0,0,0,0,0,0,1,0,0,0,1,0,"Guerrilla groups"
14049,0,0,1,0,1,0,0,0,1,1,1,0,0,0,"Guerrilla groups"
14050,0,0,0,0,1,0,0,0,1,1,1,0,0,0,"Guerrilla groups"
14051,0,0,0,0,1,0,0,0,1,1,1,0,0,0,"Guerrilla groups"
14052,1,0,0,1,0,0,0,0,0,0,0,0,0,0,"Guerrilla groups"
14054,0,0,1,0,0,0,0,0,0,1,0,0,0,1,"Guerrilla groups"
14055,0,0,1,0,0,0,0,0,0,1,0,0,0,1,"Guerrilla groups"
14063,0,0,1,0,0,1,0,0,0,0,0,0,0,0,"Guerrilla groups"
14067,1,0,0,0,1,0,0,0,0,0,0,0,0,0,"Guerrilla groups"
14068,1,0,0,0,1,0,0,0,0,0,0,0,0,0,"Guerrilla groups"
14077,1,0,1,0,0,0,0,0,0,0,0,0,0,0,"Paramilitary groups"
14078,1,0,1,0,0,0,0,0,0,0,0,0,0,0,"Paramilitary groups"
14079,0,0,1,0,1,0,0,0,0,1,0,0,0,0,"Paramilitary groups"
14080,0,0,1,0,1,0,0,1,0,1,0,0,0,0,"Paramilitary groups"
14083,0,0,1,0,0,0,0,0,0,0,0,0,0,1,"Guerrilla groups"
14084,0,0,1,0,0,0,0,0,0,0,0,0,0,1,"Guerrilla groups"
14085,0,0,1,0,1,0,0,0,0,0,0,0,0,0,"Other armed groups"
14086,0,0,1,0,0,0,0,0,0,0,0,0,0,1,"Other armed groups"
14088,0,0,1,0,0,0,0,0,0,0,0,0,0,1,"Guerrilla groups"
14095,1,0,1,0,0,0,0,0,0,0,0,0,0,0,"Guerrilla groups"
14096,0,0,1,0,0,0,0,0,0,0,1,0,0,0,"Other armed groups"
14103,1,0,0,0,1,0,0,0,0,0,0,0,0,0,"Guerrilla groups"
14125,0,0,0,0,0,0,0,0,0,0,0,1,1,0,"Other armed groups"
14126,0,0,1,0,0,0,0,0,0,0,0,0,0,1,"Other armed groups"
14127,0,0,1,0,0,0,0,0,0,0,0,0,0,1,"Other armed groups"
14128,0,0,1,0,0,0,0,0,0,0,0,0,0,1,"Other armed groups"
14129,0,0,1,0,0,0,0,0,0,0,0,0,0,1,"Other armed groups"
14130,0,0,1,0,0,0,0,0,0,0,1,0,0,0,"Paramilitary groups"
14131,0,0,1,0,0,0,0,0,0,0,0,0,0,1,"Paramilitary groups"
14141,0,0,0,0,0,0,0,0,1,0,1,0,0,0,"Guerrilla groups"
14142,0,0,0,0,0,0,0,0,1,0,1,0,0,0,"Guerrilla groups"
14148,1,0,0,0,1,0,0,0,0,0,0,0,0,1,"Paramilitary groups"
14149,1,0,0,0,1,0,0,0,0,0,0,0,0,1,"Paramilitary groups"
14150,1,0,0,0,1,0,0,0,0,0,0,0,0,1,"Paramilitary groups"
14151,1,0,0,0,1,0,0,0,0,0,0,0,0,1,"Paramilitary groups"
14152,1,0,0,0,1,0,0,0,0,0,0,0,0,1,"Paramilitary groups"
14170,0,0,1,0,0,0,0,0,0,0,0,0,0,1,"Paramilitary groups"
14171,0,0,1,0,0,0,0,0,0,0,0,0,0,1,"Paramilitary groups"
14172,0,0,1,0,0,0,0,0,0,0,0,0,0,1,"Paramilitary groups"
14173,0,0,1,0,0,0,0,0,0,0,0,0,0,1,"Paramilitary groups"
14174,0,0,1,0,0,0,0,0,0,0,0,0,0,1,"Paramilitary groups"
14175,0,0,1,0,0,0,0,0,0,0,0,0,0,1,"Paramilitary groups"
14177,0,0,1,0,0,0,0,1,0,0,0,0,0,0,"Paramilitary groups"
14188,0,0,1,0,1,0,0,0,0,0,0,0,0,0,"Guerrilla groups"
14191,0,0,1,0,1,1,0,0,0,0,0,0,0,0,"Paramilitary groups"
14193,0,0,1,0,0,0,0,0,0,0,0,0,0,1,"Paramilitary groups"
14194,0,0,1,0,0,0,0,0,0,0,0,0,0,1,"Paramilitary groups"
14199,0,0,1,0,0,0,0,0,0,0,0,0,0,1,"Guerrilla groups"
14200,0,0,1,0,0,0,0,0,0,0,0,0,0,1,"Guerrilla groups"
14202,0,0,0,0,1,0,0,0,1,0,0,0,0,1,"Paramilitary groups"
14203,0,0,1,0,1,1,1,0,0,0,0,0,0,0,"Paramilitary groups"
14204,0,0,1,0,1,1,1,0,0,0,0,0,0,0,"Paramilitary groups"
14205,0,0,1,0,1,1,1,0,0,0,0,0,0,0,"Paramilitary groups"
14206,0,0,1,0,1,1,1,0,0,0,0,0,0,0,"Paramilitary groups"
14219,0,0,1,0,0,0,0,0,0,0,0,0,0,1,"Paramilitary groups"
14220,0,0,1,0,0,0,0,0,0,0,0,0,0,1,"Paramilitary groups"
14223,0,1,1,0,0,0,0,0,0,0,0,0,0,0,"Other armed groups"
14224,0,1,1,0,0,0,0,0,0,0,0,0,0,0,"Other armed groups"
14225,0,1,1,0,0,0,0,0,0,0,0,0,0,0,"Other armed groups"
14233,0,0,1,0,0,0,0,0,0,0,0,0,0,1,"Paramilitary groups"
14234,0,0,1,0,0,0,0,0,0,0,0,0,0,1,"Paramilitary groups"
14235,0,0,1,0,0,0,0,0,0,0,0,0,0,1,"Paramilitary groups"
14236,0,0,1,0,0,0,0,0,0,0,0,0,0,1,"Paramilitary groups"
14237,0,0,1,0,0,0,0,0,0,0,0,0,0,1,"Paramilitary groups"
14238,0,0,1,0,0,0,0,0,0,0,0,0,0,1,"Paramilitary groups"
14242,0,0,0,0,1,0,0,0,1,0,0,0,0,0,"Guerrilla groups"
14243,0,0,0,0,1,0,0,0,1,0,0,0,0,0,"Guerrilla groups"
14244,0,0,1,0,0,0,0,0,0,0,0,0,0,1,"Guerrilla groups"
14245,0,0,1,0,0,0,0,0,0,0,0,0,0,1,"Guerrilla groups"
14246,0,0,1,0,0,0,0,0,0,0,0,0,0,1,"Guerrilla groups"
14247,0,0,1,0,0,0,0,0,0,0,0,0,0,1,"Guerrilla groups"
14248,0,0,1,0,0,0,0,0,0,0,0,0,0,1,"Guerrilla groups"
14249,0,0,1,0,0,0,0,0,0,0,0,0,0,1,"Guerrilla groups"
14250,0,0,1,0,0,0,0,0,0,0,0,0,0,1,"Guerrilla groups"
14251,0,0,1,0,0,0,0,0,0,0,0,0,0,1,"Guerrilla groups"
14256,1,0,0,0,0,0,0,0,0,0,1,0,0,0,"Paramilitary groups"
14262,1,0,0,0,0,0,0,1,0,0,0,0,0,0,"Paramilitary groups"
14264,0,0,1,0,0,0,0,0,0,0,0,0,0,1,"Paramilitary groups"
14315,0,0,1,0,0,0,0,0,0,0,0,0,0,1,"Paramilitary groups"
14316,0,0,1,0,0,0,0,0,0,0,0,0,0,1,"Paramilitary groups"
14332,0,0,0,0,1,0,0,0,1,0,0,0,0,0,"Guerrilla groups"
14336,0,1,1,0,0,0,0,0,0,0,0,0,0,1,"Guerrilla groups"
14337,0,0,1,0,0,0,0,0,1,0,1,0,0,0,"Guerrilla groups"
14338,0,0,1,0,0,0,0,0,1,0,1,0,0,0,"Guerrilla groups"
14339,0,0,1,0,0,0,0,0,1,0,1,0,0,0,"Guerrilla groups"
14340,0,0,1,0,0,0,0,0,1,0,1,0,0,0,"Guerrilla groups"
14341,0,0,1,0,0,0,0,0,0,0,1,0,0,0,"Guerrilla groups"
14343,0,0,1,0,1,0,0,0,0,0,1,0,0,1,"Other armed groups"
14344,0,0,1,0,1,0,0,0,0,0,0,0,0,1,"Other armed groups"
14345,0,0,1,0,1,0,0,0,0,0,0,0,0,1,"Other armed groups"
14346,0,0,1,0,1,0,0,0,0,0,0,0,0,1,"Other armed groups"
14355,0,0,1,0,0,0,0,0,0,0,0,0,0,1,"Paramilitary groups"
14356,0,0,1,0,0,0,0,0,0,0,0,0,0,1,"Paramilitary groups"
14366,1,0,0,1,0,0,0,0,0,0,0,0,0,0,"Paramilitary groups"
14371,0,0,1,0,0,0,0,0,0,1,0,0,0,0,"Paramilitary groups"
14375,0,0,0,0,0,1,1,0,0,0,0,0,0,0,"Guerrilla groups"
14376,0,0,1,0,0,0,0,0,0,0,0,0,0,1,"Guerrilla groups"
14377,0,0,1,0,0,0,0,0,0,0,0,0,0,1,"Guerrilla groups"
14381,0,0,1,0,1,1,0,0,0,0,0,0,0,0,"Other armed groups"
14382,0,0,0,0,1,0,1,0,0,0,0,0,0,0,"Guerrilla groups"
14383,0,0,1,0,0,0,0,0,0,0,0,0,0,1,"Guerrilla groups"
14386,0,0,0,1,0,1,0,0,0,0,0,0,0,0,"Guerrilla groups"
14387,0,0,1,0,1,0,0,0,1,0,0,0,0,0,"Paramilitary groups"
14398,0,0,1,0,1,0,0,0,0,0,0,0,0,0,"Paramilitary groups"
14407,0,0,0,0,1,1,0,0,0,0,0,0,0,1,"Guerrilla groups"
14410,0,0,0,1,0,0,0,0,1,0,0,0,0,0,"Paramilitary groups"
14411,0,0,0,1,0,0,0,0,1,0,0,0,0,0,"Paramilitary groups"
14412,0,0,0,1,0,0,0,0,1,0,0,0,0,0,"Paramilitary groups"
14421,0,1,0,0,0,0,0,0,0,0,0,1,0,0,"Guerrilla groups"
14426,0,0,0,0,1,0,0,1,0,0,0,0,0,0,"Other armed groups"
14432,0,0,0,0,0,0,0,0,0,0,1,0,1,1,"Guerrilla groups"
14433,0,0,0,0,1,0,1,0,0,0,0,0,0,0,"Guerrilla groups"
14436,0,0,1,0,0,0,0,0,0,0,0,0,1,1,"Guerrilla groups"
14438,0,0,0,1,0,0,0,0,0,0,1,0,0,0,"Other armed groups"
14444,0,0,0,0,0,0,0,0,1,0,0,0,0,1,"Paramilitary groups"
14445,0,1,1,0,0,0,0,0,0,0,0,0,0,1,"Paramilitary groups"
14446,0,0,1,0,0,0,0,0,0,0,0,0,0,1,"Paramilitary groups"
14466,1,0,1,0,0,0,0,0,0,0,0,0,0,0,"Guerrilla groups"
14473,0,0,1,0,0,0,0,0,0,0,0,0,1,1,"Guerrilla groups"
14479,0,0,0,0,0,1,0,0,0,0,0,0,0,1,"Guerrilla groups"
14480,0,0,1,0,0,0,0,0,0,0,0,0,0,1,"Paramilitary groups"
14494,0,1,0,0,0,0,0,0,0,0,0,0,0,1,"Paramilitary groups"
14524,0,0,1,0,0,0,0,0,0,0,0,0,0,1,"Guerrilla groups"
14526,0,1,0,0,0,0,0,0,0,0,0,0,0,1,"Guerrilla groups"
14529,0,0,1,0,0,0,0,0,0,0,0,0,0,1,"Paramilitary groups"
14531,0,0,0,0,0,0,0,0,0,0,0,0,1,1,"Paramilitary groups"
14536,0,0,1,0,1,0,0,1,0,0,0,0,0,0,"Other armed groups"
14543,0,0,0,0,0,0,0,0,0,0,0,0,1,1,"Paramilitary groups"
14544,0,0,0,0,0,0,0,0,0,0,0,0,1,1,"Paramilitary groups"
14545,0,0,0,0,1,1,0,0,1,0,0,0,0,0,"Paramilitary groups"
14550,0,0,1,0,0,0,0,0,0,1,0,0,0,0,"Paramilitary groups"
14558,0,0,0,0,0,0,1,0,1,0,0,0,0,1,"Paramilitary groups"
14564,0,1,1,0,0,0,0,0,0,0,0,0,0,1,"Guerrilla groups"
14566,0,0,1,0,1,0,0,0,0,0,0,0,0,0,"Paramilitary groups"
14567,0,0,1,0,0,0,0,0,0,0,0,0,0,1,"Paramilitary groups"
14573,0,0,1,0,0,0,0,0,0,0,0,0,0,1,"Guerrilla groups"
14574,0,0,0,0,1,0,0,1,0,0,0,0,1,0,"Other armed groups"
14575,1,1,0,0,0,0,0,0,0,0,0,1,0,0,"Other armed groups"
14576,1,0,0,0,1,0,0,0,0,0,0,0,0,0,"Other armed groups"
14579,0,0,1,0,0,0,0,0,0,0,0,0,0,1,"Other armed groups"
14580,0,0,1,0,0,0,0,0,0,0,0,0,0,1,"Other armed groups"
14581,1,0,0,0,0,0,0,1,0,0,0,0,0,0,"Other armed groups"
14582,1,0,0,0,0,0,0,1,0,0,0,0,0,0,"Other armed groups"
14583,0,0,1,0,0,0,0,0,0,0,0,0,0,1,"Other armed groups"
14584,0,0,1,0,0,0,0,0,0,0,0,0,0,1,"Other armed groups"
14586,0,0,1,0,0,0,0,0,1,0,0,0,0,0,"Paramilitary groups"
14618,0,0,1,1,0,0,0,0,0,0,0,0,0,0,"Guerrilla groups"
14631,0,0,1,0,0,0,0,0,0,0,0,0,0,1,"Paramilitary groups"
14637,0,1,1,0,0,0,0,0,0,0,0,0,0,0,"Paramilitary groups"
14646,1,0,0,0,1,1,0,1,0,0,0,0,0,0,"Other armed groups"
14661,0,0,1,0,0,0,0,0,0,0,0,0,0,1,"Paramilitary groups"
14662,0,0,1,0,0,0,0,0,0,0,0,0,1,1,"Other armed groups"
14663,1,0,1,0,0,0,0,0,0,0,0,0,0,0,"Guerrilla groups"
14665,0,0,1,0,0,0,0,0,0,0,0,0,0,1,"Guerrilla groups"
14666,1,0,0,0,0,0,1,0,0,0,0,0,0,0,"Guerrilla groups"
14676,0,0,0,1,0,0,0,0,1,0,0,0,0,0,"Guerrilla groups"
14690,0,0,1,0,0,0,0,0,0,0,0,0,1,0,"Guerrilla groups"
14691,0,0,1,0,0,0,0,0,0,0,0,0,1,0,"Guerrilla groups"
14692,0,0,0,0,0,0,0,0,0,1,0,0,0,1,"Paramilitary groups"
14708,0,0,1,0,0,0,0,0,0,0,0,0,0,1,"Other armed groups"
14709,0,0,1,0,0,0,0,0,0,0,0,0,0,1,"Paramilitary groups"
14723,0,0,0,0,0,0,0,0,0,1,0,0,0,1,"Paramilitary groups"
14724,0,0,1,0,0,0,0,0,0,0,0,0,0,1,"Paramilitary groups"
14728,0,0,1,0,0,0,0,0,0,0,0,0,1,1,"Guerrilla groups"
14730,0,0,1,0,0,0,0,0,0,0,0,0,0,1,"Paramilitary groups"
14747,1,0,0,0,1,0,0,0,0,0,0,0,0,0,"Paramilitary groups"
14748,1,0,0,0,1,0,0,0,0,0,0,0,0,0,"Paramilitary groups"
14749,1,0,0,0,1,0,0,0,0,0,0,0,0,0,"Paramilitary groups"
14750,1,0,0,0,1,0,0,0,0,0,0,0,0,0,"Paramilitary groups"
14751,1,0,0,0,1,0,0,0,0,0,0,0,0,0,"Paramilitary groups"
14752,1,0,0,0,1,0,0,0,0,0,0,0,0,0,"Paramilitary groups"
14753,0,0,1,0,1,1,0,0,0,0,0,0,0,0,"Paramilitary groups"
14754,1,0,0,0,0,1,0,0,0,1,0,0,0,0,"Guerrilla groups"
14755,0,0,1,0,1,0,0,0,0,0,1,0,0,0,"Paramilitary groups"
14756,0,0,1,0,0,0,0,0,0,0,0,0,1,1,"Guerrilla groups"
14757,0,0,0,0,0,0,0,1,0,0,1,0,0,0,"Other armed groups"
14758,0,0,0,0,0,0,0,0,0,0,0,0,1,1,"Other armed groups"
14759,0,0,0,0,0,0,0,0,0,0,0,0,1,1,"Other armed groups"
14760,0,0,0,0,0,0,0,0,0,0,0,0,1,1,"Other armed groups"
14761,0,0,0,0,0,0,0,0,0,0,0,0,1,1,"Other armed groups"
14762,0,0,0,0,0,0,0,0,0,0,0,0,1,1,"Other armed groups"
14766,0,0,1,0,0,0,0,0,0,0,0,0,0,1,"Guerrilla groups"
14787,0,0,0,1,0,0,0,0,1,0,0,0,0,0,"Guerrilla groups"
14792,0,0,0,1,0,1,1,0,0,0,0,0,0,0,"Guerrilla groups"
14793,0,0,0,0,1,0,0,0,0,0,0,0,0,1,"Guerrilla groups"
14794,0,0,1,0,0,0,0,0,0,1,0,0,0,0,"Guerrilla groups"
14796,0,0,1,0,0,0,0,0,0,0,0,0,0,1,"Guerrilla groups"
14799,0,0,1,0,1,1,0,0,0,0,0,0,0,0,"Paramilitary groups"
14802,0,0,1,0,0,0,0,0,0,0,0,0,1,1,"Paramilitary groups"
14803,0,0,1,0,0,0,0,0,0,0,0,0,1,1,"Paramilitary groups"
14804,0,0,1,0,0,0,0,0,0,0,0,0,1,1,"Paramilitary groups"
14805,0,0,1,0,0,0,0,0,0,0,0,0,1,1,"Paramilitary groups"
14806,0,0,1,0,0,0,0,0,0,0,0,0,1,1,"Paramilitary groups"
14807,0,0,1,0,0,0,0,0,0,0,0,0,1,1,"Paramilitary groups"
14808,0,0,1,0,0,0,0,0,0,0,0,0,1,1,"Paramilitary groups"
14809,1,0,1,0,1,1,0,0,0,0,0,0,0,1,"Paramilitary groups"
14810,1,0,1,0,1,1,0,0,0,0,0,0,0,1,"Paramilitary groups"
14811,1,0,1,0,1,1,0,0,0,0,0,0,0,1,"Paramilitary groups"
14812,1,0,1,0,1,1,0,0,0,0,0,0,0,1,"Paramilitary groups"
14813,1,0,1,0,1,1,0,0,0,0,0,0,0,1,"Paramilitary groups"
14814,1,0,1,0,1,1,0,0,0,0,0,0,0,1,"Paramilitary groups"
14815,1,0,1,0,1,1,0,0,0,0,0,0,0,1,"Paramilitary groups"
14823,0,0,1,0,0,0,0,0,0,0,0,0,0,1,"Other armed groups"
14824,0,0,0,0,0,0,1,0,0,0,0,0,0,1,"Guerrilla groups"
14825,0,0,1,1,1,0,0,1,0,0,0,0,0,0,"Other armed groups"
14828,0,0,1,0,0,0,0,0,0,0,0,0,0,1,"Paramilitary groups"
14830,0,0,1,0,0,0,0,0,0,0,0,0,0,1,"Paramilitary groups"
14831,0,0,1,0,0,0,0,0,0,0,0,0,0,1,"Other armed groups"
14844,0,0,1,0,0,0,0,0,0,0,0,0,0,1,"Other armed groups"
14848,0,0,0,0,0,0,0,0,0,0,0,0,1,1,"Guerrilla groups"
14851,0,0,0,0,1,1,0,0,1,0,0,0,0,0,"Other armed groups"
14871,0,0,1,0,0,0,0,0,0,0,0,0,0,1,"Paramilitary groups"
14873,0,0,1,0,0,0,0,0,1,0,0,1,0,1,"Guerrilla groups"
14880,0,0,1,0,0,0,0,0,0,0,0,0,0,1,"Guerrilla groups"
14883,1,0,0,1,0,0,0,0,0,0,0,0,0,0,"Paramilitary groups"
14884,1,0,0,1,0,0,0,0,0,0,0,0,0,0,"Paramilitary groups"
14893,0,1,1,0,0,0,0,0,0,0,0,0,0,1,"Paramilitary groups"
14896,0,0,1,0,0,0,0,0,0,0,0,0,0,1,"Guerrilla groups"
14897,0,0,0,0,0,0,0,0,0,0,0,0,1,1,"Guerrilla groups"
14903,1,0,0,0,1,0,0,0,0,1,0,0,1,0,"Paramilitary groups"
14905,0,0,0,0,1,1,0,0,0,0,0,0,0,0,"Paramilitary groups"
14906,0,0,0,0,1,1,0,0,0,0,0,0,0,0,"Paramilitary groups"
14907,0,0,0,0,1,1,0,0,0,0,0,0,0,0,"Paramilitary groups"
14912,0,0,1,0,0,0,0,0,0,1,0,0,0,0,"Paramilitary groups"
14914,0,0,1,0,1,0,0,0,0,0,0,0,0,0,"Paramilitary groups"
14915,0,0,0,0,0,0,0,0,1,0,1,0,0,0,"Other armed groups"
14933,0,0,0,0,1,1,0,0,0,0,0,0,0,0,"Guerrilla groups"
14934,0,0,0,0,0,0,1,0,0,0,0,0,0,1,"Guerrilla groups"
14941,0,0,1,0,0,0,0,0,0,0,0,0,1,1,"Guerrilla groups"
14942,0,0,1,0,0,0,0,0,0,0,0,0,1,1,"Guerrilla groups"
14943,0,0,1,0,0,0,0,0,0,0,0,0,1,1,"Guerrilla groups"
14946,0,0,0,0,1,1,0,0,1,0,0,0,0,0,"Paramilitary groups"
14948,0,0,0,0,0,0,0,0,0,1,1,0,0,1,"Paramilitary groups"
14949,0,0,1,0,0,0,0,0,0,0,0,0,0,1,"Paramilitary groups"
14962,1,0,0,0,1,0,0,0,0,0,0,0,0,0,"Guerrilla groups"
14968,0,0,0,1,1,0,0,0,1,0,0,0,0,0,"Paramilitary groups"
14969,0,0,0,0,0,0,0,0,0,1,0,0,0,1,"Other armed groups"
14974,0,0,1,0,0,0,0,0,0,0,0,0,0,1,"Guerrilla groups"
14975,0,0,1,0,0,0,0,0,0,0,0,0,0,1,"Guerrilla groups"
14978,0,0,1,0,0,0,0,0,0,0,0,1,0,1,"Paramilitary groups"
14979,0,0,0,0,1,0,0,0,0,0,0,1,0,1,"Paramilitary groups"
14984,1,0,0,0,1,0,0,0,0,0,0,0,0,0,"Other armed groups"
14987,1,0,0,0,0,0,0,0,0,1,0,0,0,0,"Paramilitary groups"
15002,1,0,0,0,0,0,0,0,1,0,0,0,0,0,"Guerrilla groups"
15003,0,0,1,0,0,0,0,0,0,0,0,0,0,1,"Guerrilla groups"
15004,0,0,1,0,0,0,0,0,0,0,0,0,0,1,"Guerrilla groups"
15026,0,0,1,0,0,0,0,0,0,0,0,0,0,1,"Paramilitary groups"
15037,1,0,0,0,1,0,0,0,0,0,0,0,0,0,"Paramilitary groups"
15039,0,1,0,0,0,0,0,0,0,0,0,0,0,1,"Paramilitary groups"
15043,0,0,1,0,0,0,0,0,0,1,0,0,0,0,"Guerrilla groups"
15058,0,0,0,0,0,1,0,0,0,0,0,0,0,1,"Paramilitary groups"
15076,0,0,1,0,1,0,0,0,0,0,0,0,0,0,"Paramilitary groups"
15077,0,0,1,0,1,0,0,0,0,0,0,0,0,0,"Paramilitary groups"
15078,0,0,1,0,1,0,0,0,0,0,0,0,0,0,"Paramilitary groups"
15082,0,0,1,0,1,0,0,1,0,0,0,0,0,0,"Other armed groups"
15083,0,0,0,1,0,0,0,0,0,0,0,0,0,1,"Paramilitary groups"
15084,0,0,1,0,0,0,0,0,0,0,0,0,0,1,"Paramilitary groups"
15085,0,0,1,0,0,0,0,0,0,0,0,0,0,1,"Paramilitary groups"
15086,0,0,1,0,0,0,0,0,0,0,0,0,0,1,"Paramilitary groups"
15087,0,0,1,0,0,0,0,0,0,0,0,0,0,1,"Paramilitary groups"
15088,0,0,1,0,0,0,0,0,0,0,0,0,0,1,"Paramilitary groups"
15089,0,0,1,0,0,0,0,0,0,0,0,0,0,1,"Paramilitary groups"
15090,0,0,1,0,0,0,0,0,0,0,0,0,0,1,"Paramilitary groups"
15092,1,0,0,0,1,0,0,0,0,0,0,0,0,0,"Other armed groups"
15093,0,0,1,0,0,0,0,0,0,0,0,0,0,1,"Other armed groups"
15094,0,0,1,0,0,0,0,0,0,0,0,0,0,1,"Other armed groups"
15112,0,0,0,0,0,0,0,0,0,0,1,0,0,1,"Guerrilla groups"
15113,0,0,1,0,0,0,0,0,0,0,0,0,1,1,"Paramilitary groups"
15114,0,0,1,0,0,0,0,0,0,0,0,0,1,1,"Paramilitary groups"
15115,0,0,0,0,0,1,1,0,0,1,0,0,0,0,"Guerrilla groups"
15116,0,0,0,0,0,1,1,0,0,1,0,0,0,0,"Guerrilla groups"
15117,1,1,0,0,0,0,0,0,0,0,0,0,1,1,"Guerrilla groups"
15118,1,1,0,0,0,0,0,0,0,0,0,0,1,1,"Guerrilla groups"
15119,1,1,0,0,0,0,0,0,0,0,0,0,1,1,"Guerrilla groups"
15120,0,0,1,0,0,0,0,0,0,0,0,0,1,1,"Guerrilla groups"
15121,0,0,1,0,0,0,0,0,0,0,0,0,1,1,"Guerrilla groups"
15122,0,1,0,0,1,0,0,0,0,0,0,0,0,0,"Guerrilla groups"
15129,1,0,1,0,0,0,0,0,0,0,0,0,0,0,"Paramilitary groups"
15138,0,0,1,0,0,0,0,0,0,0,0,0,0,1,"Paramilitary groups"
15141,0,0,0,0,0,0,0,0,0,1,0,0,0,1,"Guerrilla groups"
15145,0,1,1,0,1,1,0,0,0,0,0,0,0,0,"Paramilitary groups"
15150,0,0,1,0,0,1,0,0,0,0,0,0,0,0,"Paramilitary groups"
15157,0,0,1,0,0,0,0,0,0,0,0,0,0,1,"Paramilitary groups"
15158,0,0,1,0,0,0,0,0,0,0,0,0,0,1,"Paramilitary groups"
15159,0,0,0,1,0,0,1,0,0,0,0,0,0,0,"Guerrilla groups"
15160,0,0,1,0,0,0,0,0,0,0,0,0,0,1,"Paramilitary groups"
15165,0,0,1,0,1,1,0,0,0,1,0,0,1,1,"Paramilitary groups"
15166,1,0,1,0,1,1,0,0,0,0,0,0,0,0,"Paramilitary groups"
15167,1,0,1,0,1,1,0,0,0,0,0,0,0,0,"Paramilitary groups"
15168,1,0,1,0,1,1,0,0,0,0,0,0,0,0,"Paramilitary groups"
15169,1,0,1,0,1,1,0,0,0,0,0,0,0,0,"Paramilitary groups"
15170,0,0,1,0,0,0,0,0,0,0,0,0,1,1,"Paramilitary groups"
15171,0,1,0,0,0,0,0,0,0,0,0,0,1,1,"Other armed groups"
15172,0,1,0,0,0,0,0,0,0,0,0,0,1,1,"Other armed groups"
15177,0,0,0,0,0,0,0,0,0,0,0,0,1,1,"Guerrilla groups"
15179,0,0,1,0,1,0,0,0,0,0,0,0,0,0,"Paramilitary groups"
15191,0,0,1,0,0,0,0,0,0,0,0,0,0,1,"Guerrilla groups"
15203,0,0,0,0,1,0,0,1,0,0,0,0,0,0,"Other armed groups"
15210,1,0,1,0,1,0,0,0,0,1,0,0,1,1,"Paramilitary groups"
15211,1,0,1,0,1,0,0,0,0,1,0,0,1,1,"Paramilitary groups"
15212,0,0,1,0,0,0,0,0,0,0,1,0,0,0,"Paramilitary groups"
15215,0,0,1,0,1,1,0,0,0,0,0,0,0,1,"Guerrilla groups"
15216,0,0,1,0,1,1,0,0,0,0,0,0,0,1,"Guerrilla groups"
15217,0,1,1,0,1,0,0,0,0,0,0,0,0,0,"Paramilitary groups"
15219,1,0,0,0,0,0,0,0,0,0,1,0,0,1,"Paramilitary groups"
15220,1,0,0,0,0,0,0,0,0,0,1,0,0,1,"Paramilitary groups"
15221,1,0,0,0,0,0,0,0,0,0,1,0,0,1,"Paramilitary groups"
15222,0,0,1,0,1,1,0,0,0,0,0,0,1,1,"Paramilitary groups"
15223,0,0,1,0,1,0,0,0,0,0,0,0,0,0,"Paramilitary groups"
15224,0,0,1,0,1,0,0,0,0,0,0,0,0,0,"Paramilitary groups"
15227,1,0,0,1,0,0,0,0,0,1,0,0,0,0,"Guerrilla groups"
15228,1,0,0,1,0,0,0,0,0,1,0,0,0,0,"Guerrilla groups"
15229,0,0,1,0,0,0,0,0,0,0,0,0,0,1,"Guerrilla groups"
15235,0,0,1,0,0,0,0,0,0,0,0,0,0,1,"Other armed groups"
15236,0,0,1,0,0,0,0,0,0,0,0,0,0,1,"Other armed groups"
15237,0,0,1,0,0,0,0,0,0,0,0,0,0,1,"Other armed groups"
15245,0,1,1,0,0,0,0,0,0,0,0,1,0,0,"Other armed groups"
15246,0,1,1,0,0,0,0,0,0,0,0,1,0,0,"Other armed groups"
15247,0,1,1,0,0,0,0,0,0,0,0,1,0,0,"Other armed groups"
15250,0,0,1,0,0,0,0,0,0,0,0,0,1,1,"Guerrilla groups"
15251,0,0,1,0,0,0,0,0,0,0,0,0,1,1,"Paramilitary groups"
15254,0,0,0,0,0,0,0,0,0,0,0,0,1,1,"Other armed groups"
15256,0,1,0,0,0,0,0,0,0,0,0,0,0,1,"Guerrilla groups"
15261,0,0,1,0,0,0,0,1,0,0,0,0,0,0,"Other armed groups"
15262,0,0,1,0,0,0,0,0,0,0,0,0,0,1,"Paramilitary groups"
15263,0,0,1,0,1,0,0,0,0,0,0,0,0,0,"Other armed groups"
15278,0,0,1,0,1,0,0,0,0,0,0,0,0,0,"Other armed groups"
15308,0,0,0,0,0,0,0,0,1,0,1,0,0,0,"Guerrilla groups"
15309,0,0,1,0,0,0,0,0,0,0,0,0,0,1,"Paramilitary groups"
15310,0,0,1,0,0,0,0,0,0,0,0,0,0,1,"Paramilitary groups"
15311,0,0,1,0,1,1,0,0,0,1,0,0,1,1,"Paramilitary groups"
15312,0,0,1,0,0,0,0,0,0,0,0,0,0,1,"Paramilitary groups"
15376,1,0,1,0,1,0,0,0,0,1,0,0,0,0,"Paramilitary groups"
15377,1,0,1,0,1,0,0,0,0,1,0,0,0,0,"Paramilitary groups"
15378,1,0,1,0,1,0,0,0,0,1,0,0,0,0,"Paramilitary groups"
15379,1,0,1,0,1,0,0,0,0,1,0,0,0,0,"Paramilitary groups"
15380,1,0,1,0,1,0,0,0,0,1,0,0,0,0,"Paramilitary groups"
15381,1,0,1,0,1,0,0,0,0,0,1,0,0,0,"Paramilitary groups"
15382,0,0,1,0,0,0,0,0,1,1,0,0,1,1,"Paramilitary groups"
15383,0,0,1,0,0,0,0,0,1,1,0,0,1,1,"Paramilitary groups"
15385,0,0,0,0,1,1,0,0,1,0,0,0,0,0,"Paramilitary groups"
15386,0,0,0,0,1,1,0,0,1,0,0,0,0,0,"Paramilitary groups"
15387,0,0,0,0,1,1,0,0,1,0,0,0,0,0,"Paramilitary groups"
15388,0,0,0,0,0,0,0,0,1,1,0,0,0,0,"Paramilitary groups"
15389,0,0,0,0,0,0,0,0,1,1,0,0,0,0,"Paramilitary groups"
15398,0,0,0,1,0,1,0,0,0,0,0,0,0,0,"Paramilitary groups"
15409,0,0,0,1,0,0,1,0,0,0,0,0,0,0,"Guerrilla groups"
15411,0,0,1,0,0,0,0,0,0,0,0,0,0,1,"Guerrilla groups"
15415,0,0,0,1,0,0,0,0,1,0,0,0,0,0,"Other armed groups"
15425,0,0,1,0,1,1,0,0,0,1,0,0,0,0,"Paramilitary groups"
15428,0,0,1,0,0,0,0,0,0,0,0,0,0,1,"Paramilitary groups"
15444,0,1,1,0,0,0,0,0,0,0,0,0,0,0,"Paramilitary groups"
15448,0,0,1,0,1,0,0,0,0,0,0,0,0,1,"Guerrilla groups"
15500,0,0,1,0,0,0,0,0,0,0,0,0,1,1,"Other armed groups"
15501,0,0,1,0,0,0,0,0,0,0,0,0,1,1,"Other armed groups"
15502,0,0,1,0,0,0,0,0,0,0,0,0,1,1,"Other armed groups"
15505,0,0,1,1,0,0,0,0,0,0,0,0,0,0,"Guerrilla groups"
15506,0,0,0,0,0,0,0,0,0,0,0,0,1,1,"Paramilitary groups"
15513,0,0,1,0,0,0,0,0,0,0,1,0,0,0,"Guerrilla groups"
15514,0,0,1,0,0,0,0,0,0,0,1,0,0,0,"Paramilitary groups"
15516,0,0,1,0,0,0,0,0,0,0,0,0,0,1,"Other armed groups"
15519,0,0,0,0,0,0,1,0,0,0,0,0,1,1,"Other armed groups"
15533,0,0,1,0,1,0,0,0,0,0,0,0,1,0,"Guerrilla groups"
15534,0,0,0,0,0,0,1,0,0,0,0,0,0,1,"Guerrilla groups"
15535,0,0,0,0,0,0,1,0,0,0,0,0,0,1,"Guerrilla groups"
15536,0,0,0,0,0,0,1,0,0,0,0,0,0,1,"Guerrilla groups"
15537,0,0,0,0,0,0,1,0,0,0,0,0,0,1,"Guerrilla groups"
15538,0,0,0,0,0,0,1,0,0,0,0,0,0,1,"Guerrilla groups"
15540,0,0,1,0,0,0,0,0,1,0,0,0,0,0,"Other armed groups"
15542,0,0,1,0,0,0,0,0,0,0,0,0,1,1,"Guerrilla groups"
15543,0,0,1,0,0,0,0,0,0,0,0,0,1,1,"Guerrilla groups"
15544,0,0,1,0,0,0,0,0,0,0,0,0,1,1,"Guerrilla groups"
15545,0,0,1,0,0,0,0,0,0,0,0,0,1,1,"Guerrilla groups"
15546,0,0,1,0,0,0,0,0,0,0,0,0,1,1,"Guerrilla groups"
15557,0,0,0,0,0,1,0,0,0,0,0,0,0,1,"Guerrilla groups"
15571,0,0,1,0,0,0,0,0,0,0,1,0,0,0,"Guerrilla groups"
15575,0,0,1,0,0,0,0,0,0,0,0,0,0,1,"Guerrilla groups"
15576,0,0,1,0,0,0,0,0,0,0,0,0,0,1,"Guerrilla groups"
15577,0,0,1,0,0,0,0,0,0,0,0,0,0,1,"Guerrilla groups"
15601,0,0,1,0,0,0,0,1,0,0,0,0,0,0,"Other armed groups"
15607,0,0,0,0,0,1,0,0,0,0,0,0,0,1,"Guerrilla groups"
15608,0,0,0,1,0,0,1,0,0,0,0,0,0,0,"Guerrilla groups"
15610,0,0,1,0,0,1,0,0,0,1,0,0,0,0,"Paramilitary groups"
15614,0,0,1,0,0,0,0,0,0,0,0,0,0,1,"Paramilitary groups"
15616,1,0,0,0,1,0,0,0,0,0,0,0,0,0,"Paramilitary groups"
15618,0,0,1,0,1,0,0,0,0,0,0,0,0,0,"Paramilitary groups"
15632,0,0,1,0,1,0,0,0,0,0,0,0,0,1,"Other armed groups"
15633,0,0,1,0,1,0,0,0,0,0,0,0,0,1,"Other armed groups"
15634,0,0,1,0,1,0,0,0,0,0,0,0,0,1,"Other armed groups"
15635,0,0,1,0,1,0,0,0,0,0,0,0,0,1,"Other armed groups"
15638,0,0,0,0,0,0,0,0,0,1,0,0,1,0,"Other armed groups"
15639,1,0,0,0,0,0,0,0,1,0,0,0,0,0,"Other armed groups"
15649,0,0,1,0,0,0,0,0,1,0,0,0,0,0,"Paramilitary groups"
15650,0,0,1,0,0,0,0,0,1,0,0,0,0,0,"Paramilitary groups"
15651,0,0,1,0,0,0,0,0,1,0,0,0,0,0,"Paramilitary groups"
15652,0,0,1,0,0,0,0,0,1,0,0,0,0,0,"Paramilitary groups"
15653,0,0,1,0,0,0,0,0,1,0,0,0,0,0,"Paramilitary groups"
15654,0,0,1,0,0,0,0,0,1,0,0,0,0,0,"Paramilitary groups"
15655,0,0,1,0,0,0,0,0,1,0,0,0,0,0,"Paramilitary groups"
15656,0,0,1,0,0,0,0,0,1,0,0,0,0,0,"Paramilitary groups"
15657,0,0,1,0,0,0,0,0,1,0,0,0,0,0,"Paramilitary groups"
15658,0,0,1,0,0,0,0,0,1,0,0,0,0,0,"Paramilitary groups"
15659,0,0,1,0,0,0,0,0,1,0,0,0,0,0,"Paramilitary groups"
15660,0,0,1,0,0,0,0,0,1,0,0,0,0,0,"Paramilitary groups"
15661,0,0,1,0,0,0,0,0,1,0,0,0,0,0,"Paramilitary groups"
15662,0,0,1,0,0,0,0,0,1,0,0,0,0,0,"Paramilitary groups"
15663,0,0,1,0,0,0,0,0,1,0,0,0,0,0,"Paramilitary groups"
15664,0,0,1,0,0,0,0,0,1,0,0,0,0,0,"Paramilitary groups"
15665,0,0,1,0,0,0,0,0,1,0,0,0,0,0,"Paramilitary groups"
15666,0,0,1,0,0,0,0,0,1,0,0,0,0,0,"Paramilitary groups"
15667,0,0,1,0,0,0,0,0,1,0,0,0,0,0,"Paramilitary groups"
15668,0,0,1,0,0,0,0,0,1,0,0,0,0,0,"Paramilitary groups"
15669,0,0,1,0,0,0,0,0,1,0,0,0,0,0,"Paramilitary groups"
15670,0,0,1,0,0,0,0,0,1,0,0,0,0,0,"Paramilitary groups"
15671,0,0,1,0,0,0,0,0,1,0,0,0,0,0,"Paramilitary groups"
15672,0,0,1,0,0,0,0,0,1,0,0,0,0,0,"Paramilitary groups"
15673,0,0,1,0,0,0,0,0,1,0,0,0,0,0,"Paramilitary groups"
15674,0,0,1,0,0,0,0,0,1,0,0,0,0,0,"Paramilitary groups"
15675,0,0,1,0,0,0,0,0,1,0,0,0,0,0,"Paramilitary groups"
15676,0,0,1,0,0,0,0,0,1,0,0,0,0,0,"Paramilitary groups"
15677,0,0,1,0,0,0,0,0,1,0,0,0,0,0,"Paramilitary groups"
15678,0,0,1,0,0,0,0,0,1,0,0,0,0,0,"Paramilitary groups"
15679,0,0,1,0,0,0,0,0,1,0,0,0,0,0,"Paramilitary groups"
15680,0,0,1,0,0,0,0,0,1,0,0,0,0,0,"Paramilitary groups"
15681,0,0,1,0,0,0,0,0,1,0,0,0,0,0,"Paramilitary groups"
15682,0,0,1,0,0,0,0,0,1,0,0,0,0,0,"Paramilitary groups"
15683,0,0,1,0,0,0,0,0,1,0,0,0,0,0,"Paramilitary groups"
15684,0,0,1,0,0,0,0,0,1,0,0,0,0,0,"Paramilitary groups"
15685,0,0,1,0,0,0,0,0,1,0,0,0,0,0,"Paramilitary groups"
15686,0,0,1,0,0,0,0,0,1,0,0,0,0,0,"Paramilitary groups"
15687,0,0,1,0,0,0,0,0,1,0,0,0,0,0,"Paramilitary groups"
15688,0,0,1,0,0,0,0,0,1,0,0,0,0,0,"Paramilitary groups"
15689,0,0,1,0,0,0,0,0,1,0,0,0,0,0,"Paramilitary groups"
15690,0,0,1,0,0,0,0,0,1,0,0,0,0,0,"Paramilitary groups"
15691,0,0,1,0,0,0,0,0,1,0,0,0,0,0,"Paramilitary groups"
15692,0,0,1,0,0,0,0,0,1,0,0,0,0,0,"Paramilitary groups"
15693,0,0,1,0,0,0,0,0,1,0,0,0,0,0,"Paramilitary groups"
15694,0,0,1,0,0,0,0,0,1,0,0,0,0,0,"Paramilitary groups"
15695,0,0,1,0,0,0,0,0,1,0,0,0,0,0,"Paramilitary groups"
15696,0,0,1,0,0,0,0,0,1,0,0,0,0,0,"Paramilitary groups"
15697,0,0,1,0,0,0,0,0,1,0,0,0,0,0,"Paramilitary groups"
15698,0,0,1,0,0,0,0,0,1,0,0,0,0,0,"Paramilitary groups"
15699,0,0,1,0,0,0,0,0,1,0,0,0,0,0,"Paramilitary groups"
15700,0,0,1,0,0,0,0,0,1,0,0,0,0,0,"Paramilitary groups"
15701,0,0,1,0,0,0,0,0,1,0,0,0,0,0,"Paramilitary groups"
15702,0,0,1,0,0,0,0,0,1,0,0,0,0,0,"Paramilitary groups"
15703,0,0,1,0,0,0,0,0,1,0,0,0,0,0,"Paramilitary groups"
15704,0,0,1,0,0,0,0,0,1,0,0,0,0,0,"Paramilitary groups"
15705,0,0,1,0,0,0,0,0,1,0,0,0,0,0,"Paramilitary groups"
15706,0,0,1,0,0,0,0,0,1,0,0,0,0,0,"Paramilitary groups"
15707,0,0,1,0,0,0,0,0,1,0,0,0,0,0,"Paramilitary groups"
15708,0,0,1,0,0,0,0,0,1,0,0,0,0,0,"Paramilitary groups"
15709,0,0,1,0,0,0,0,0,1,0,0,0,0,0,"Paramilitary groups"
15710,0,0,1,0,0,0,0,0,1,0,0,0,0,0,"Paramilitary groups"
15711,0,0,1,0,0,0,0,0,1,0,0,0,0,0,"Paramilitary groups"
15712,0,0,1,0,0,0,0,0,1,0,0,0,0,0,"Paramilitary groups"
15713,0,0,1,0,0,0,0,0,1,0,0,0,0,0,"Paramilitary groups"
15714,0,0,1,0,0,0,0,0,1,0,0,0,0,0,"Paramilitary groups"
15715,0,0,1,0,0,0,0,0,1,0,0,0,0,0,"Paramilitary groups"
15722,0,0,0,0,0,0,0,0,0,0,0,0,1,1,"Paramilitary groups"
15723,0,0,0,0,0,0,0,0,0,0,0,0,1,1,"Paramilitary groups"
15724,0,0,0,0,0,0,0,0,0,0,0,0,1,1,"Paramilitary groups"
15725,0,0,0,0,0,0,0,0,0,0,0,0,1,1,"Paramilitary groups"
15726,0,0,0,0,0,0,0,0,0,0,0,0,1,1,"Paramilitary groups"
15728,1,0,1,0,0,0,0,0,0,0,0,0,0,0,"Paramilitary groups"
15729,1,0,1,0,0,0,0,0,0,0,0,0,0,0,"Paramilitary groups"
15730,1,0,1,0,0,0,0,0,0,0,0,0,0,0,"Paramilitary groups"
15731,0,0,0,0,0,0,0,0,0,0,1,0,0,1,"Paramilitary groups"
15732,0,0,0,0,0,0,0,0,0,0,1,0,0,1,"Paramilitary groups"
15733,0,0,0,0,0,0,0,0,0,0,1,0,0,1,"Paramilitary groups"
15734,0,0,0,0,0,0,0,0,0,0,1,0,0,1,"Paramilitary groups"
15737,0,0,0,0,1,1,0,0,0,0,0,0,0,0,"Paramilitary groups"
15741,1,0,0,0,0,0,0,0,1,0,0,0,0,0,"Other armed groups"
15744,0,0,0,0,0,1,1,0,0,0,0,0,0,0,"Guerrilla groups"
15745,0,0,0,0,0,0,1,0,0,0,0,0,0,1,"Guerrilla groups"
15746,0,0,0,0,0,0,1,0,0,0,0,0,0,1,"Guerrilla groups"
15747,0,0,0,0,0,0,1,0,0,0,0,0,0,1,"Guerrilla groups"
15748,0,0,1,0,0,0,0,0,0,0,0,0,0,1,"Guerrilla groups"
15752,0,0,0,1,0,0,1,0,0,0,0,0,0,0,"Guerrilla groups"
15754,1,0,0,1,0,0,1,0,0,0,0,0,0,0,"Paramilitary groups"
15762,0,0,1,0,0,0,0,0,0,0,0,0,0,1,"Guerrilla groups"
15765,0,0,1,0,0,0,0,0,0,0,0,0,0,1,"Other armed groups"
15774,0,0,1,0,0,0,1,0,0,0,0,0,0,1,"Guerrilla groups"
15777,1,0,0,0,1,0,0,0,0,0,0,0,0,0,"Paramilitary groups"
15779,0,0,1,0,0,0,0,0,0,0,0,0,0,1,"Paramilitary groups"
15781,0,0,1,0,0,0,0,0,0,0,0,0,0,1,"Paramilitary groups"
15787,0,0,1,0,0,0,0,0,0,0,0,0,1,1,"Paramilitary groups"
15789,0,0,0,1,0,1,0,0,0,0,0,0,0,0,"Guerrilla groups"
15790,0,0,0,1,0,1,0,0,0,0,0,0,0,0,"Guerrilla groups"
15791,0,0,0,1,0,1,0,0,0,0,0,0,0,0,"Guerrilla groups"
15796,0,0,1,0,1,1,1,0,1,0,0,0,0,1,"Guerrilla groups"
15797,1,0,0,0,1,1,0,0,0,0,0,0,0,0,"Paramilitary groups"
15800,0,0,0,0,0,0,0,0,0,0,0,0,1,1,"Paramilitary groups"
15803,1,0,0,0,0,0,0,0,0,0,0,0,0,1,"Guerrilla groups"
15813,1,0,0,0,1,1,0,0,0,0,0,0,0,0,"Paramilitary groups"
15814,1,0,0,0,1,1,0,0,0,0,0,0,0,0,"Paramilitary groups"
15815,1,0,0,0,1,1,0,0,0,0,0,0,0,0,"Paramilitary groups"
15817,1,0,0,0,0,0,0,0,0,0,0,1,0,0,"Other armed groups"
15818,1,0,0,0,0,0,0,0,0,0,0,1,0,0,"Other armed groups"
15819,1,0,0,0,0,0,0,0,0,0,0,1,0,0,"Other armed groups"
15820,1,0,0,0,0,0,0,0,0,0,0,1,0,0,"Other armed groups"
15821,0,1,0,0,0,0,0,0,0,0,0,1,0,0,"Other armed groups"
15826,0,0,0,0,1,0,0,1,1,0,0,0,0,0,"Paramilitary groups"
15828,0,0,1,0,0,0,0,0,0,0,0,0,0,1,"Other armed groups"
15837,0,0,1,0,0,0,0,1,1,0,1,0,0,0,"Guerrilla groups"
15840,0,0,0,1,0,0,0,0,0,0,0,0,0,1,"Guerrilla groups"
15852,0,0,1,0,0,1,0,0,0,0,0,0,0,0,"Other armed groups"
15853,0,0,1,0,0,0,0,0,0,0,0,0,0,1,"Paramilitary groups"
15854,0,0,1,0,0,0,0,0,0,0,0,0,0,1,"Paramilitary groups"
15855,0,0,1,0,0,0,0,0,0,0,0,0,0,1,"Paramilitary groups"
15856,0,0,0,1,1,0,0,0,1,0,0,0,0,0,"Guerrilla groups"
15857,0,0,0,1,1,0,0,0,1,0,0,0,0,0,"Guerrilla groups"
15860,1,0,0,0,1,0,0,0,0,0,0,0,0,0,"Paramilitary groups"
15869,0,0,1,0,0,0,0,0,0,0,0,0,0,1,"Guerrilla groups"
15873,0,1,1,0,0,0,0,0,0,0,0,0,0,1,"Guerrilla groups"
15875,0,0,1,0,0,0,0,0,0,0,0,0,0,1,"Other armed groups"
15894,0,0,1,0,1,0,0,0,0,0,0,0,1,1,"Paramilitary groups"
15895,0,0,1,0,1,0,0,1,0,0,0,0,0,0,"Paramilitary groups"
15897,0,0,0,0,1,0,0,1,0,0,0,0,0,0,"Other armed groups"
15906,0,1,1,0,0,0,0,0,0,0,0,0,0,0,"Other armed groups"
15908,0,0,0,0,0,0,1,0,0,0,0,0,0,1,"Paramilitary groups"
15909,0,0,1,0,0,0,0,0,0,0,1,0,0,0,"Paramilitary groups"
15910,0,0,1,0,0,0,0,0,0,0,0,0,1,1,"Paramilitary groups"
15911,0,0,1,0,0,0,0,0,0,0,0,0,1,1,"Paramilitary groups"
15912,1,0,0,0,1,0,0,0,0,0,0,0,0,0,"Other armed groups"
15914,0,0,0,0,1,1,0,0,0,0,0,0,0,0,"Paramilitary groups"
15917,0,0,1,0,1,0,0,0,0,0,0,0,0,0,"Paramilitary groups"
15935,0,0,1,0,1,0,0,1,0,0,0,0,0,0,"Other armed groups"
15936,0,0,1,0,1,0,0,1,0,0,0,0,0,0,"Other armed groups"
15946,1,0,0,0,0,0,1,0,0,1,0,0,0,0,"Paramilitary groups"
15947,1,0,0,0,0,0,1,0,0,1,0,0,0,0,"Paramilitary groups"
15948,0,0,0,0,1,0,0,0,0,0,0,0,0,1,"Paramilitary groups"
15951,0,0,0,0,0,0,0,0,1,0,1,0,0,0,"Guerrilla groups"
15952,0,0,1,0,0,0,0,0,0,1,0,0,0,0,"Paramilitary groups"
15953,0,0,0,0,1,0,1,0,0,0,0,0,0,0,"Paramilitary groups"
15955,0,0,0,0,0,0,0,0,0,0,0,0,1,1,"Other armed groups"
15964,0,0,0,0,1,0,0,1,0,0,0,0,0,0,"Other armed groups"
15967,0,0,0,0,0,0,1,0,0,0,0,0,0,1,"Guerrilla groups"
15968,0,0,0,0,0,0,0,0,0,0,1,0,0,1,"Guerrilla groups"
15969,0,0,0,0,0,0,0,0,0,0,1,0,0,1,"Guerrilla groups"
15973,0,0,1,0,0,0,0,0,0,0,0,0,1,1,"Guerrilla groups"
15974,0,0,1,0,0,0,0,0,0,0,0,0,1,1,"Paramilitary groups"
15988,0,0,0,1,0,0,1,0,0,0,0,0,0,0,"Guerrilla groups"
15989,0,0,0,1,0,0,1,0,0,0,0,0,0,0,"Guerrilla groups"
16004,0,1,0,0,1,0,0,0,0,0,0,0,0,0,"Other armed groups"
16010,0,0,1,0,0,0,0,0,0,0,0,0,0,1,"Paramilitary groups"
16011,0,0,1,0,0,0,0,0,0,0,0,0,0,1,"Paramilitary groups"
16012,0,0,1,0,0,0,0,0,0,0,0,0,0,1,"Paramilitary groups"
16023,0,0,1,0,0,0,0,0,0,0,0,0,0,1,"Paramilitary groups"
16024,0,0,1,0,0,0,0,0,0,0,0,0,0,1,"Paramilitary groups"
16027,0,0,1,0,0,0,0,0,0,0,0,0,0,1,"Other armed groups"
16038,0,0,1,0,0,0,0,0,0,0,0,0,0,1,"Guerrilla groups"
16049,0,0,1,0,1,0,0,0,0,0,0,0,0,0,"Other armed groups"
16066,0,0,1,0,0,0,0,1,0,0,0,0,0,0,"Other armed groups"
16067,0,0,1,0,0,1,0,0,0,0,0,0,0,0,"Guerrilla groups"
16072,0,0,0,0,1,0,0,0,1,0,0,0,0,0,"Guerrilla groups"
16073,0,0,0,0,1,0,0,0,1,0,0,0,0,0,"Guerrilla groups"
16080,0,0,1,0,0,0,0,0,1,0,0,0,0,0,"Guerrilla groups"
16081,0,0,0,0,0,0,0,0,1,0,1,0,0,0,"Guerrilla groups"
16094,0,0,1,0,0,0,0,0,0,0,0,0,0,1,"Paramilitary groups"
16095,0,0,1,0,0,0,0,0,0,0,0,0,0,1,"Guerrilla groups"
16096,0,0,0,1,0,0,1,0,0,0,0,0,0,0,"Other armed groups"
16098,0,0,1,0,0,0,0,0,0,0,0,0,0,1,"Guerrilla groups"
16099,0,0,1,0,0,0,0,0,0,0,0,0,0,1,"Paramilitary groups"
16101,0,0,0,0,1,0,0,1,0,0,0,0,0,0,"Other armed groups"
16102,0,0,0,0,0,1,0,0,0,0,0,0,0,1,"Paramilitary groups"
16107,0,0,0,1,1,0,0,0,0,0,0,0,0,0,"Other armed groups"
16108,0,0,0,1,1,0,0,0,0,0,0,0,0,0,"Other armed groups"
16110,0,0,0,0,1,0,0,1,0,0,0,0,0,0,"Other armed groups"
16112,0,0,1,0,0,0,0,0,0,0,0,0,0,1,"Guerrilla groups"
16119,0,0,1,0,0,0,0,0,0,0,0,0,0,1,"Guerrilla groups"
16120,0,0,0,0,0,0,0,0,0,1,0,1,0,1,"Paramilitary groups"
16121,0,0,0,0,0,0,0,0,0,1,0,1,0,1,"Paramilitary groups"
16123,1,1,0,0,0,0,0,0,0,0,0,0,0,0,"Paramilitary groups"
16124,0,0,1,0,0,0,0,0,0,0,0,0,0,1,"Paramilitary groups"
16125,0,0,1,0,0,0,0,0,0,0,0,0,0,1,"Paramilitary groups"
16134,0,0,0,0,1,0,0,0,1,0,0,0,0,0,"Paramilitary groups"
16135,0,0,1,0,1,0,0,1,0,0,0,0,0,0,"Paramilitary groups"
16136,0,0,1,0,1,0,0,1,0,0,0,0,0,0,"Paramilitary groups"
16137,0,0,1,0,1,0,0,1,0,0,0,0,0,0,"Guerrilla groups"
16138,0,0,1,0,1,0,0,1,0,0,0,0,0,0,"Guerrilla groups"
16140,1,0,0,1,0,0,0,0,0,0,0,0,0,0,"Paramilitary groups"
16142,0,0,1,1,0,0,0,0,0,0,0,0,0,0,"Paramilitary groups"
16157,0,0,0,0,0,0,0,0,0,0,0,0,1,1,"Paramilitary groups"
16162,0,0,1,1,1,1,0,1,1,0,0,0,0,0,"Guerrilla groups"
16163,0,0,1,1,1,1,0,1,1,0,0,0,0,0,"Guerrilla groups"
16164,0,0,1,1,1,1,0,1,1,0,0,0,0,0,"Guerrilla groups"
16165,0,0,1,1,1,1,0,1,1,0,0,0,0,0,"Guerrilla groups"
16166,0,0,0,0,1,0,0,0,1,0,0,0,0,1,"Guerrilla groups"
16170,0,0,1,0,0,0,0,0,0,0,0,0,0,1,"Guerrilla groups"
16171,0,0,1,0,0,0,0,0,0,0,0,0,0,1,"Guerrilla groups"
16172,0,0,1,0,1,0,0,0,0,0,0,0,0,1,"Guerrilla groups"
16176,0,0,1,0,0,0,1,0,0,0,0,0,0,0,"Guerrilla groups"
16182,0,0,1,0,0,0,0,0,0,0,0,0,1,1,"Paramilitary groups"
16199,0,0,1,0,1,0,0,0,0,0,0,0,0,0,"Paramilitary groups"
16200,0,0,1,0,0,0,0,0,0,0,0,0,0,1,"Paramilitary groups"
16201,0,0,1,0,0,0,0,0,0,0,0,0,0,1,"Paramilitary groups"
16202,0,0,1,0,0,0,0,0,0,0,0,0,0,1,"Paramilitary groups"
16203,0,0,1,0,0,0,0,0,0,0,0,0,0,1,"Paramilitary groups"
16204,0,0,1,0,0,0,0,0,0,0,0,0,0,1,"Paramilitary groups"
16205,0,0,1,0,0,0,0,0,0,0,0,0,0,1,"Paramilitary groups"
16206,0,0,1,0,0,0,0,0,0,0,0,0,0,1,"Paramilitary groups"
16207,0,0,1,0,0,0,0,0,0,0,0,0,0,1,"Paramilitary groups"
16218,0,0,1,0,1,1,0,0,0,0,0,0,0,1,"Paramilitary groups"
16247,0,0,1,0,1,0,0,0,0,0,0,0,0,0,"Guerrilla groups"
16248,0,0,1,0,1,0,0,0,0,0,0,0,0,0,"Guerrilla groups"
16249,0,0,1,0,1,0,0,0,0,0,0,0,0,0,"Guerrilla groups"
16250,0,0,1,0,0,0,0,0,1,0,0,0,0,0,"Guerrilla groups"
16269,0,0,0,0,0,0,0,0,0,0,0,1,0,1,"Other armed groups"
16284,0,0,1,0,1,0,0,0,0,0,0,0,0,0,"Guerrilla groups"
16293,0,0,1,0,0,0,0,0,0,0,0,0,0,1,"Guerrilla groups"
16294,0,0,1,0,0,0,0,0,0,0,0,0,0,1,"Guerrilla groups"
16295,0,0,1,0,0,0,0,0,0,0,0,0,0,1,"Guerrilla groups"
16296,0,0,1,0,0,0,0,0,0,0,0,0,0,1,"Guerrilla groups"
16297,0,0,1,0,0,0,0,0,0,0,0,0,0,1,"Guerrilla groups"
16298,1,0,1,0,0,0,0,0,0,0,0,0,0,0,"Guerrilla groups"
16301,0,0,1,0,0,0,0,0,0,0,0,0,0,1,"Paramilitary groups"
16308,0,0,1,0,0,0,0,0,0,0,0,0,0,1,"Guerrilla groups"
16309,0,0,1,0,0,0,0,0,0,0,0,0,0,1,"Paramilitary groups"
16312,0,0,1,0,1,0,0,0,0,0,0,0,0,1,"Paramilitary groups"
16329,0,0,1,0,0,0,0,0,0,0,0,0,0,1,"Other armed groups"
16330,1,0,0,1,0,0,0,0,0,0,0,0,0,0,"Other armed groups"
16340,0,0,1,0,0,0,0,0,0,0,0,0,1,1,"Guerrilla groups"
16342,0,0,1,0,0,0,0,0,0,0,0,1,0,0,"Paramilitary groups"
16344,0,0,1,0,0,0,0,0,0,1,0,0,0,1,"Paramilitary groups"
16345,0,0,1,0,0,0,0,0,0,1,0,0,0,1,"Paramilitary groups"
16361,0,0,1,0,0,0,0,0,0,0,0,0,0,1,"Guerrilla groups"
16362,0,0,1,0,0,0,0,0,0,0,0,0,0,1,"Guerrilla groups"
16363,0,0,1,0,0,0,0,0,0,0,0,0,0,1,"Guerrilla groups"
16373,1,0,1,0,0,0,0,0,0,0,0,0,0,0,"Paramilitary groups"
16378,0,0,1,0,0,0,0,0,0,0,0,0,0,1,"Guerrilla groups"
16382,0,0,0,0,0,0,0,0,0,0,1,0,0,1,"Paramilitary groups"
16386,0,0,0,0,0,0,0,0,0,0,0,0,1,1,"Paramilitary groups"
16392,0,0,1,0,0,0,0,0,0,0,0,0,0,1,"Paramilitary groups"
16394,0,0,0,0,0,0,0,0,0,0,0,0,1,1,"Paramilitary groups"
16395,0,0,0,0,0,0,0,0,0,0,0,0,1,1,"Paramilitary groups"
16396,0,0,0,0,0,0,0,0,0,0,0,0,1,1,"Paramilitary groups"
16397,0,0,0,0,0,0,0,0,0,0,0,0,1,1,"Paramilitary groups"
16404,1,1,1,0,0,0,0,0,0,0,0,0,0,0,"Guerrilla groups"
16409,0,0,1,0,0,0,0,0,0,0,0,0,0,1,"Guerrilla groups"
16410,0,0,1,0,0,0,0,0,0,0,0,0,0,1,"Guerrilla groups"
16411,0,0,1,0,0,0,0,0,0,0,0,0,0,1,"Guerrilla groups"
16415,0,0,1,0,0,0,0,0,0,0,0,0,0,1,"Paramilitary groups"
16417,0,1,1,0,0,0,0,0,0,0,0,0,0,0,"Paramilitary groups"
16418,0,1,1,0,0,0,0,0,0,0,0,0,0,0,"Paramilitary groups"
16420,0,0,1,0,1,0,0,0,0,0,0,0,0,0,"Paramilitary groups"
16421,0,0,1,0,1,0,0,0,0,0,0,0,0,0,"Paramilitary groups"
16422,0,0,1,0,1,0,0,0,0,0,0,0,0,0,"Paramilitary groups"
16426,0,0,1,0,0,1,0,0,0,0,0,0,0,0,"Other armed groups"
16496,1,0,1,0,0,0,0,0,0,0,0,0,0,0,"Other armed groups"
16501,0,1,1,0,0,0,0,0,0,0,0,0,0,0,"Paramilitary groups"
16502,0,1,1,0,0,0,0,0,0,0,0,0,0,0,"Paramilitary groups"
16508,0,0,1,0,0,0,0,0,1,0,0,0,0,0,"Paramilitary groups"
16509,0,0,1,0,0,0,0,0,1,0,0,0,0,0,"Paramilitary groups"
16513,1,0,1,0,0,0,0,0,0,0,0,0,0,0,"Guerrilla groups"
16516,1,0,0,0,1,0,0,0,0,0,0,0,0,0,"Guerrilla groups"
16522,0,0,1,0,0,0,0,0,0,0,0,0,0,1,"Guerrilla groups"
16526,0,0,1,0,1,0,0,1,0,0,0,0,0,0,"Other armed groups"
16527,0,1,0,0,1,0,0,0,0,0,0,0,0,0,"Other armed groups"
16532,0,0,1,0,0,0,0,0,0,0,0,0,0,1,"Guerrilla groups"
16536,0,0,1,0,0,0,0,0,0,1,0,0,0,0,"Paramilitary groups"
16542,0,0,1,0,0,0,0,0,0,0,0,0,0,1,"Other armed groups"
16544,0,0,0,0,0,0,0,0,0,0,0,0,1,1,"Paramilitary groups"
16545,0,0,1,0,0,0,0,0,0,0,0,0,1,0,"Other armed groups"
16546,0,0,1,0,0,0,0,0,0,0,0,0,1,0,"Other armed groups"
16553,0,0,1,0,0,0,0,0,1,0,0,0,0,0,"Other armed groups"
16554,0,0,1,0,0,0,0,0,1,0,0,0,0,0,"Other armed groups"
16561,0,1,0,0,0,0,0,1,0,0,0,0,0,0,"Other armed groups"
16575,0,0,1,0,1,1,0,0,0,0,0,0,1,1,"Paramilitary groups"
16598,0,0,0,0,0,0,0,0,0,0,0,0,1,1,"Paramilitary groups"
16600,0,0,1,0,0,0,0,0,0,0,0,0,1,1,"Paramilitary groups"
16625,0,1,0,0,0,0,0,0,0,0,0,1,0,0,"Guerrilla groups"
16626,0,0,0,0,0,1,1,0,0,0,0,0,0,0,"Paramilitary groups"
16631,0,0,0,0,0,0,0,0,0,0,0,0,1,1,"Paramilitary groups"
16639,0,0,1,0,0,0,0,0,1,0,1,0,0,0,"Paramilitary groups"
16669,0,1,0,0,0,0,0,0,0,0,0,0,1,1,"Guerrilla groups"
16670,0,1,0,0,0,0,0,0,0,0,0,0,1,1,"Guerrilla groups"
16674,0,0,1,0,0,0,0,0,0,0,0,0,1,1,"Guerrilla groups"
16675,0,0,1,0,0,0,0,0,0,0,0,0,1,1,"Guerrilla groups"
16676,0,0,1,0,0,0,0,0,0,0,0,0,1,1,"Guerrilla groups"
16677,0,0,1,0,0,0,0,0,0,0,0,0,1,1,"Guerrilla groups"
16679,0,0,1,0,0,0,0,0,0,0,0,0,0,1,"Guerrilla groups"
16680,0,0,1,0,0,0,0,0,0,0,0,0,0,1,"Guerrilla groups"
16681,0,0,1,0,0,0,0,0,0,0,0,0,0,1,"Guerrilla groups"
16683,0,0,0,0,1,1,0,0,0,0,0,0,0,0,"Other armed groups"
16689,0,0,1,0,0,0,0,0,0,0,0,0,0,1,"Paramilitary groups"
16698,0,1,0,0,0,0,0,0,0,0,0,1,0,0,"Guerrilla groups"
16699,1,0,0,1,0,0,0,0,0,0,0,0,0,0,"Other armed groups"
16700,1,0,0,1,0,0,0,0,0,0,0,0,0,0,"Other armed groups"
16701,0,0,1,0,0,0,0,1,0,0,0,0,0,0,"Other armed groups"
16703,0,0,0,1,1,1,0,0,0,0,0,0,0,0,"Guerrilla groups"
16704,0,0,1,0,1,0,0,0,0,0,0,0,0,1,"Guerrilla groups"
16705,0,0,1,0,0,0,0,0,0,0,0,0,0,1,"Guerrilla groups"
16707,0,0,1,0,0,0,0,0,0,0,0,0,0,1,"Guerrilla groups"
16711,0,0,1,0,1,0,0,0,0,0,0,0,0,0,"Paramilitary groups"
16712,0,0,1,0,0,0,0,0,0,0,0,0,0,1,"Other armed groups"
16718,0,1,0,0,0,0,0,0,0,0,0,0,0,1,"Guerrilla groups"
16719,0,0,0,0,1,0,0,1,0,0,0,0,0,0,"Other armed groups"
16740,0,0,1,0,0,0,0,0,0,0,0,0,0,1,"Paramilitary groups"
16744,0,0,0,0,1,0,0,0,1,0,0,0,0,0,"Guerrilla groups"
16749,0,0,0,0,0,0,0,0,1,0,0,0,0,1,"Paramilitary groups"
16750,0,0,0,0,0,0,0,0,1,0,0,0,0,1,"Paramilitary groups"
16751,0,0,1,0,0,0,0,0,0,0,0,0,0,1,"Guerrilla groups"
16752,0,0,1,0,0,0,0,0,0,0,0,0,0,1,"Guerrilla groups"
16753,0,1,1,0,0,0,0,0,0,0,0,0,0,1,"Paramilitary groups"
16754,0,1,1,0,0,0,0,0,0,0,0,0,0,1,"Paramilitary groups"
16756,0,0,1,0,0,0,0,0,0,0,1,0,0,0,"Guerrilla groups"
16762,0,0,1,0,0,0,0,0,0,1,0,0,0,0,"Paramilitary groups"
16763,0,0,1,0,0,0,0,0,0,1,0,0,0,0,"Paramilitary groups"
16774,1,0,0,0,1,0,0,0,0,0,0,0,0,0,"Paramilitary groups"
16775,1,0,0,0,1,0,0,0,0,0,0,0,0,0,"Paramilitary groups"
16776,1,0,0,0,1,0,0,0,0,0,0,0,0,0,"Paramilitary groups"
16780,0,0,0,0,1,1,0,0,0,0,0,0,0,0,"Paramilitary groups"
16785,0,0,0,0,0,0,0,0,0,0,0,1,0,1,"Guerrilla groups"
16786,0,0,0,0,0,0,0,0,0,0,0,1,0,1,"Guerrilla groups"
16788,0,0,1,0,0,1,0,0,0,0,0,0,0,0,"Paramilitary groups"
16789,0,0,1,0,0,1,0,0,0,0,0,0,0,0,"Paramilitary groups"
16790,1,0,0,1,0,0,0,0,0,0,0,0,0,0,"Paramilitary groups"
16803,0,0,1,0,0,0,0,0,0,0,0,0,0,1,"Guerrilla groups"
16804,0,0,1,0,0,0,0,0,0,0,0,0,0,1,"Paramilitary groups"
16813,1,0,0,0,1,0,0,0,0,0,0,0,0,0,"Other armed groups"
16814,1,0,0,0,1,0,0,0,0,0,0,0,0,0,"Other armed groups"
16815,1,0,0,0,1,0,0,0,0,0,0,0,0,0,"Other armed groups"
16816,1,0,0,0,1,0,0,0,0,0,0,0,0,0,"Other armed groups"
16818,0,0,1,0,0,0,0,0,0,0,0,0,1,1,"Guerrilla groups"
16826,1,0,1,0,0,0,0,0,0,0,0,0,0,0,"Other armed groups"
16827,1,0,0,0,0,0,0,0,0,0,0,1,0,0,"Guerrilla groups"
16830,0,0,1,0,0,0,0,0,0,0,0,0,0,1,"Paramilitary groups"
16831,0,0,1,0,1,0,0,0,0,0,1,0,0,1,"Paramilitary groups"
16833,0,0,1,0,0,1,0,0,0,0,0,0,0,0,"Guerrilla groups"
16841,0,0,1,0,0,0,0,0,0,0,0,0,0,1,"Other armed groups"
16842,0,0,0,0,0,0,0,0,0,0,0,0,1,1,"Other armed groups"
16871,0,0,1,0,0,0,0,0,0,0,0,0,0,1,"Other armed groups"
16873,0,0,1,0,0,1,0,0,0,0,0,0,0,1,"Paramilitary groups"
16881,1,0,0,0,0,0,0,0,1,0,0,0,0,0,"Other armed groups"
16883,0,0,1,0,1,0,0,0,0,0,0,0,0,0,"Other armed groups"
16891,0,0,1,0,0,0,0,0,0,0,0,0,1,1,"Other armed groups"
16892,0,0,1,0,0,0,0,0,0,0,0,0,1,1,"Other armed groups"
16893,0,0,1,0,0,0,0,0,0,0,0,0,1,1,"Other armed groups"
16894,0,0,1,0,0,0,0,0,0,0,0,0,1,1,"Other armed groups"
16895,0,0,1,0,0,0,0,0,0,0,0,0,1,1,"Other armed groups"
16906,0,0,1,0,0,0,0,0,0,0,0,0,0,1,"Paramilitary groups"
16920,0,1,0,0,1,0,0,0,0,0,0,0,0,0,"Other armed groups"
16923,0,0,1,0,1,0,0,0,0,0,0,0,0,0,"Paramilitary groups"
16935,0,0,0,1,1,0,0,1,0,0,0,0,0,0,"Other armed groups"
16936,0,0,0,1,1,0,0,1,0,0,0,0,0,0,"Other armed groups"
16937,0,0,0,1,1,0,0,1,0,0,0,0,0,0,"Other armed groups"
16960,0,1,0,0,1,1,0,0,0,0,0,0,0,0,"Other armed groups"
16961,0,1,0,0,1,0,0,0,0,0,0,0,0,0,"Other armed groups"
16968,0,0,1,0,0,0,0,0,0,0,1,0,0,0,"Paramilitary groups"
16969,0,0,1,0,0,0,0,0,0,0,1,0,0,0,"Paramilitary groups"
16970,1,0,0,0,1,0,0,0,0,0,0,0,0,0,"Paramilitary groups"
16973,0,1,1,0,0,0,0,0,0,0,0,0,0,1,"Guerrilla groups"
16974,1,0,0,0,1,0,0,0,0,0,0,0,0,0,"Guerrilla groups"
16977,0,0,0,0,0,0,0,0,0,0,0,1,0,1,"Guerrilla groups"
16978,0,0,0,0,1,0,0,1,0,0,0,0,0,0,"Other armed groups"
16979,0,0,0,0,1,0,0,1,0,0,0,0,0,0,"Other armed groups"
16982,0,0,1,0,0,0,0,0,0,0,0,0,0,1,"Other armed groups"
16983,0,0,1,0,0,0,0,0,0,0,0,0,0,1,"Paramilitary groups"
16989,1,0,1,0,1,0,0,0,0,0,0,0,0,0,"Paramilitary groups"
16992,0,0,1,0,0,0,0,0,0,0,0,0,0,1,"Paramilitary groups"
16995,0,0,0,0,0,0,1,0,0,0,0,0,0,1,"Guerrilla groups"
17001,0,0,1,0,0,0,0,0,0,0,0,0,0,1,"Other armed groups"
17025,0,0,1,0,0,0,0,0,0,0,0,0,0,1,"Other armed groups"
17026,1,0,0,1,1,0,0,0,0,0,0,0,0,0,"Paramilitary groups"
17027,1,0,0,0,1,0,0,0,0,0,0,0,0,0,"Paramilitary groups"
17032,0,0,1,0,0,0,0,0,1,0,0,0,0,0,"Paramilitary groups"
17033,0,0,0,0,0,0,0,0,0,0,0,0,1,1,"Paramilitary groups"
17054,0,1,0,0,0,0,0,0,0,0,0,0,0,1,"Paramilitary groups"
17059,0,0,1,0,0,0,0,0,0,0,0,0,0,1,"Other armed groups"
17061,0,0,1,0,0,0,0,0,0,0,0,0,0,1,"Paramilitary groups"
17062,0,0,1,0,0,0,0,0,0,0,0,0,0,1,"Other armed groups"
17065,0,0,0,0,1,0,0,1,0,0,0,0,0,0,"Paramilitary groups"
17066,0,0,1,0,0,0,0,0,0,0,0,0,0,1,"Guerrilla groups"
17068,1,0,0,0,0,0,0,0,0,0,1,0,0,0,"Other armed groups"
17073,0,0,0,0,0,0,0,0,0,0,0,0,1,1,"Guerrilla groups"
17082,0,0,1,0,0,0,0,0,0,0,0,0,0,1,"Paramilitary groups"
17083,0,0,1,0,0,0,0,0,0,0,0,0,0,1,"Paramilitary groups"
17084,0,0,1,0,0,0,0,0,0,0,0,0,0,1,"Paramilitary groups"
17085,0,0,1,0,0,0,0,0,0,0,0,0,0,1,"Paramilitary groups"
17097,0,0,0,1,1,0,0,0,0,0,0,0,0,0,"Paramilitary groups"
17099,0,1,1,0,0,0,0,0,0,0,0,0,0,0,"Paramilitary groups"
17114,0,0,0,0,1,0,0,0,0,0,0,0,0,1,"Paramilitary groups"
17115,0,0,1,0,0,0,0,0,0,0,0,0,0,1,"Paramilitary groups"
17116,0,0,1,0,0,0,0,0,0,0,0,0,0,1,"Paramilitary groups"
17131,0,0,1,0,0,0,0,0,0,0,0,0,0,1,"Paramilitary groups"
17132,0,0,0,0,0,0,0,0,1,1,0,0,0,0,"Guerrilla groups"
17133,0,0,0,0,0,0,0,0,1,0,1,0,0,0,"Paramilitary groups"
17152,0,0,0,0,0,0,0,0,0,0,0,0,1,1,"Guerrilla groups"
17154,0,0,1,0,0,0,0,0,0,0,1,0,0,1,"Other armed groups"
17155,1,0,0,0,0,0,0,0,0,0,1,0,0,0,"Other armed groups"
17156,0,0,0,0,0,1,0,0,0,0,0,0,1,1,"Guerrilla groups"
17157,0,0,0,0,0,1,0,0,0,0,0,0,1,1,"Guerrilla groups"
17177,0,0,1,0,0,1,0,0,1,0,0,0,0,1,"Paramilitary groups"
17179,0,0,0,0,1,0,0,1,0,0,0,0,0,0,"Other armed groups"
17189,0,0,0,0,1,0,1,0,0,0,0,0,0,0,"Guerrilla groups"
17190,0,0,0,1,1,0,0,0,0,0,0,0,0,0,"Guerrilla groups"
17193,0,0,0,0,1,0,0,0,1,0,0,0,0,0,"Guerrilla groups"
17200,0,0,1,0,0,0,0,0,0,0,0,0,0,1,"Other armed groups"
17201,0,0,1,0,0,0,0,0,0,0,0,0,0,1,"Other armed groups"
17204,0,0,1,0,0,0,0,0,0,0,0,0,0,1,"Guerrilla groups"
17205,0,1,1,0,0,0,0,0,0,0,0,0,0,0,"Other armed groups"
17210,0,0,0,0,0,0,0,0,1,0,0,0,0,1,"Guerrilla groups"
17213,1,0,0,1,0,0,1,0,0,0,0,0,0,0,"Guerrilla groups"
17218,1,0,0,0,0,0,0,0,0,0,0,1,0,0,"Paramilitary groups"
17219,1,0,0,0,0,0,0,0,0,0,0,1,0,0,"Paramilitary groups"
17220,0,0,1,0,0,0,0,0,0,0,0,0,1,1,"Paramilitary groups"
17221,0,0,1,0,0,0,0,0,0,0,0,0,1,1,"Paramilitary groups"
17222,0,0,1,0,0,0,0,0,0,0,0,0,1,1,"Paramilitary groups"
17223,1,0,1,0,0,0,0,0,0,0,0,0,0,0,"Other armed groups"
17224,0,0,0,1,1,0,0,0,1,0,0,0,0,0,"Guerrilla groups"
17225,0,0,0,0,1,0,0,1,0,1,0,0,0,0,"Other armed groups"
17229,1,1,1,0,1,0,0,0,0,0,0,0,0,0,"Guerrilla groups"
17230,0,0,0,0,1,0,0,0,0,0,0,0,0,1,"Guerrilla groups"
17234,0,0,0,0,1,0,0,0,1,0,0,0,0,0,"Guerrilla groups"
17235,0,0,0,0,1,0,0,0,1,0,0,0,0,0,"Guerrilla groups"
17241,0,0,0,0,1,0,0,0,0,0,0,0,0,1,"Guerrilla groups"
17243,0,0,1,1,0,0,0,0,0,0,0,0,0,0,"Paramilitary groups"
17245,0,0,0,0,1,0,0,0,1,0,0,0,0,0,"Guerrilla groups"
17247,0,0,1,0,0,1,0,0,0,1,0,0,1,1,"Paramilitary groups"
17248,0,0,1,0,0,0,0,0,0,0,0,0,0,1,"Other armed groups"
17249,0,0,0,0,1,0,0,0,1,0,0,0,0,0,"Paramilitary groups"
17250,0,0,0,0,1,0,0,0,1,0,0,0,0,0,"Paramilitary groups"
17251,0,0,0,0,1,0,0,0,1,0,0,0,0,0,"Paramilitary groups"
17252,0,0,0,0,1,0,0,0,1,0,0,0,0,0,"Paramilitary groups"
17265,0,0,0,0,1,0,0,1,0,0,0,0,0,0,"Other armed groups"
17267,0,0,1,0,0,0,0,0,0,1,0,0,0,1,"Paramilitary groups"
17283,0,0,0,0,1,0,0,1,0,1,0,0,1,0,"Paramilitary groups"
17284,0,0,1,0,0,0,0,0,0,0,0,0,0,1,"Paramilitary groups"
17287,0,0,1,0,0,0,0,0,0,0,0,0,1,1,"Guerrilla groups"
17289,0,1,1,0,0,0,0,0,0,0,0,0,0,1,"Paramilitary groups"
17296,1,0,0,1,0,0,0,0,0,0,0,0,0,0,"Paramilitary groups"
17297,1,0,0,1,0,0,0,0,0,0,0,0,0,0,"Paramilitary groups"
17300,1,0,0,1,0,0,0,0,1,0,0,0,0,0,"Paramilitary groups"
17302,0,1,1,0,0,0,0,0,0,0,0,0,0,1,"Paramilitary groups"
17306,0,0,1,0,0,0,0,0,0,0,0,0,0,1,"Guerrilla groups"
17314,0,1,1,0,0,0,0,0,0,0,0,0,0,1,"Paramilitary groups"
17318,1,0,1,0,0,0,0,0,0,0,0,0,0,0,"Guerrilla groups"
17320,0,1,1,0,0,0,0,1,0,0,0,0,0,0,"Paramilitary groups"
17324,0,0,0,0,0,0,0,0,0,0,0,0,1,1,"Paramilitary groups"
17338,0,0,0,0,0,0,0,0,0,0,1,0,1,1,"Guerrilla groups"
17339,0,0,0,0,0,0,0,0,0,0,1,0,1,1,"Guerrilla groups"
17340,0,0,0,0,0,0,0,0,0,0,1,0,1,1,"Guerrilla groups"
17341,0,0,0,0,0,0,0,0,0,0,1,0,1,1,"Guerrilla groups"
17343,0,0,1,0,1,1,0,0,0,1,0,0,0,1,"Paramilitary groups"
17344,1,0,0,1,0,0,0,0,0,0,0,0,0,0,"Paramilitary groups"
17345,0,0,0,0,0,0,0,0,1,1,0,0,0,0,"Paramilitary groups"
17346,0,0,0,0,0,0,0,0,1,1,0,0,0,0,"Paramilitary groups"
17353,0,0,1,0,0,0,1,0,0,0,0,0,1,1,"Guerrilla groups"
17354,0,0,1,0,0,0,1,0,0,0,0,0,1,1,"Guerrilla groups"
17355,0,0,1,0,0,0,1,0,0,0,0,0,1,1,"Guerrilla groups"
17356,0,0,1,0,0,0,1,0,0,0,0,0,1,1,"Guerrilla groups"
17357,0,0,1,0,0,0,1,0,0,0,0,0,1,1,"Guerrilla groups"
17364,0,0,0,0,1,1,1,0,0,0,0,0,0,0,"Paramilitary groups"
17368,0,0,0,0,0,0,0,0,0,0,0,0,1,1,"Guerrilla groups"
17370,1,0,0,1,0,0,0,0,0,0,0,0,0,0,"Paramilitary groups"
17377,0,0,1,0,1,0,0,0,0,0,1,0,0,0,"Paramilitary groups"
17379,0,0,0,0,1,0,0,0,1,0,0,0,0,0,"Paramilitary groups"
17381,0,0,0,0,1,0,0,0,0,0,0,1,0,0,"Guerrilla groups"
17382,0,1,0,0,1,0,0,0,0,0,0,0,0,0,"Other armed groups"
17383,0,0,1,0,1,1,0,0,0,0,0,0,0,1,"Guerrilla groups"
17384,0,0,1,0,1,1,0,0,0,0,0,0,0,1,"Guerrilla groups"
17387,0,0,1,0,1,0,0,0,0,0,0,0,0,0,"Paramilitary groups"
17388,0,0,1,0,0,0,0,0,0,0,0,0,0,1,"Paramilitary groups"
17389,0,0,1,0,0,0,0,0,0,0,0,0,0,1,"Paramilitary groups"
17390,0,0,1,0,0,0,0,0,0,0,0,0,0,1,"Paramilitary groups"
17404,0,0,1,0,0,0,0,0,0,0,0,0,1,1,"Guerrilla groups"
17406,0,0,1,0,0,0,0,0,0,0,0,0,1,1,"Paramilitary groups"
17407,0,0,1,0,0,0,0,0,0,1,0,0,0,1,"Paramilitary groups"
17409,1,0,1,0,1,0,0,0,0,1,0,0,0,1,"Guerrilla groups"
17410,0,0,1,0,1,0,0,0,0,1,0,0,0,1,"Paramilitary groups"
17411,0,0,1,0,0,0,0,0,0,1,1,0,0,0,"Paramilitary groups"
17412,0,0,0,0,1,1,0,0,0,0,0,0,0,0,"Paramilitary groups"
17416,0,0,1,0,0,0,0,0,0,0,0,0,0,1,"Guerrilla groups"
17420,1,0,0,0,0,0,0,0,0,0,0,0,0,1,"Paramilitary groups"
17423,0,0,0,0,0,0,0,0,0,0,0,1,0,1,"Paramilitary groups"
17424,0,0,1,0,0,0,1,0,0,0,0,0,0,0,"Paramilitary groups"
17451,0,0,0,0,0,0,1,0,0,0,0,0,0,1,"Guerrilla groups"
17452,0,0,0,0,0,0,1,0,0,0,0,0,0,1,"Guerrilla groups"
17461,0,0,1,0,1,0,0,0,0,0,0,0,0,0,"Paramilitary groups"
17463,0,0,1,0,0,0,0,0,0,0,0,0,0,1,"Paramilitary groups"
17472,0,0,1,0,0,0,0,0,0,0,0,0,0,1,"Guerrilla groups"
17473,0,0,1,0,0,0,0,0,0,0,0,0,0,1,"Guerrilla groups"
17474,0,0,1,0,0,0,0,0,0,0,0,0,0,1,"Guerrilla groups"
17475,0,0,1,0,0,0,0,0,0,0,0,0,0,1,"Guerrilla groups"
17476,1,0,0,0,0,0,0,0,1,0,0,0,0,0,"Paramilitary groups"
17482,0,0,1,0,0,0,0,0,0,0,0,0,1,1,"Paramilitary groups"
17485,1,0,0,1,0,0,0,0,0,0,0,0,0,0,"Paramilitary groups"
17496,0,0,1,0,0,0,0,0,0,1,0,0,0,1,"Paramilitary groups"
17518,0,1,0,0,0,0,0,1,0,0,0,0,0,1,"Guerrilla groups"
17526,0,0,0,0,1,0,0,0,1,0,0,0,0,0,"Paramilitary groups"
17527,0,0,1,0,1,0,0,0,0,0,0,0,0,0,"Paramilitary groups"
17528,0,0,1,0,1,0,0,0,0,0,0,0,0,0,"Paramilitary groups"
17543,0,0,1,0,0,0,0,0,0,1,0,0,0,0,"Guerrilla groups"
17545,0,0,0,0,1,0,0,0,0,0,0,0,0,1,"Guerrilla groups"
17554,0,0,1,0,1,1,0,0,1,0,0,0,0,1,"Paramilitary groups"
17562,0,0,1,0,0,1,0,0,0,0,0,0,0,0,"Other armed groups"
17566,0,0,0,0,1,0,0,0,1,0,0,0,0,0,"Guerrilla groups"
17570,0,0,0,0,0,0,0,0,1,0,1,0,0,0,"Guerrilla groups"
17571,0,0,1,0,0,0,0,0,0,0,0,0,0,1,"Guerrilla groups"
17572,0,0,1,0,0,0,0,0,0,0,0,0,0,1,"Guerrilla groups"
17575,0,0,1,0,0,0,0,0,0,0,0,0,0,1,"Other armed groups"
17579,0,0,0,0,0,0,0,0,0,0,0,0,1,1,"Guerrilla groups"
17580,0,0,0,0,0,0,0,0,0,0,0,0,1,1,"Guerrilla groups"
17581,0,0,0,0,0,0,0,0,0,0,0,0,1,1,"Guerrilla groups"
17582,0,0,0,0,0,0,0,0,0,0,0,0,1,1,"Guerrilla groups"
17584,0,0,1,0,0,0,0,0,1,0,0,0,1,1,"Guerrilla groups"
17585,0,0,1,0,0,0,0,0,1,0,0,0,1,1,"Guerrilla groups"
17586,0,0,1,0,0,0,0,0,1,0,0,0,1,1,"Guerrilla groups"
17592,0,0,0,0,0,0,1,0,0,1,0,0,0,1,"Guerrilla groups"
17594,0,0,1,0,1,0,0,0,0,0,0,0,0,0,"Guerrilla groups"
17595,0,0,0,0,1,0,0,0,0,0,0,0,0,1,"Guerrilla groups"
17596,0,0,0,0,1,0,0,0,0,0,0,0,0,1,"Guerrilla groups"
17597,0,0,0,0,1,0,0,0,0,0,0,0,0,1,"Guerrilla groups"
17600,0,0,1,0,0,0,0,0,0,1,0,0,0,0,"Paramilitary groups"
17602,0,0,0,0,1,0,1,0,0,0,0,0,0,1,"Guerrilla groups"
17603,0,0,0,0,1,0,1,0,0,0,0,0,0,1,"Guerrilla groups"
17604,1,0,1,0,0,0,0,0,0,0,0,0,0,1,"Paramilitary groups"
17605,0,1,1,0,0,0,0,0,0,0,0,0,0,1,"Paramilitary groups"
17608,0,0,1,0,1,1,0,0,0,0,0,0,1,0,"Paramilitary groups"
17609,0,0,1,0,1,1,0,0,0,0,0,0,1,0,"Paramilitary groups"
17613,0,0,1,0,1,0,0,1,0,0,0,0,0,1,"Other armed groups"
17614,1,0,0,0,1,0,0,1,0,0,0,0,0,0,"Other armed groups"
17615,1,0,0,1,0,0,0,0,0,0,0,0,0,0,"Other armed groups"
17617,0,0,1,0,0,0,0,0,0,0,0,0,0,1,"Other armed groups"
17618,0,0,1,0,0,0,0,0,0,0,0,0,0,1,"Other armed groups"
17619,0,0,1,0,0,0,0,0,0,0,0,0,0,1,"Other armed groups"
17630,0,1,0,0,0,0,0,0,0,0,0,1,0,0,"Guerrilla groups"
17631,0,1,0,0,0,0,0,0,0,0,0,1,0,0,"Guerrilla groups"
17633,0,0,1,0,0,0,0,1,0,0,0,0,0,0,"Other armed groups"
17644,0,0,0,0,1,1,0,0,0,0,0,0,0,1,"Paramilitary groups"
17645,0,0,1,0,1,1,0,0,0,0,0,0,0,1,"Paramilitary groups"
17646,0,0,1,0,1,0,0,0,0,0,0,0,0,0,"Paramilitary groups"
17647,0,1,1,0,1,1,0,0,0,0,0,0,0,1,"Other armed groups"
17649,0,0,1,0,0,0,0,0,0,0,0,0,1,1,"Paramilitary groups"
17650,0,0,1,0,0,0,0,0,0,0,0,0,1,1,"Paramilitary groups"
17653,0,0,1,0,1,0,0,0,0,0,0,0,0,0,"Paramilitary groups"
17660,1,0,0,0,0,0,0,0,0,0,0,0,0,1,"Paramilitary groups"
17661,0,0,1,0,0,0,0,0,0,0,0,0,0,1,"Paramilitary groups"
17663,0,0,1,0,0,1,0,0,0,0,0,0,1,0,"Paramilitary groups"
17678,0,0,1,0,0,0,0,0,0,0,0,0,0,1,"Guerrilla groups"
17679,1,0,0,0,1,0,0,0,0,0,0,0,0,0,"Guerrilla groups"
17680,1,0,0,0,1,0,0,0,0,0,0,0,0,0,"Guerrilla groups"
17688,0,0,1,0,0,0,0,0,0,0,0,0,0,1,"Guerrilla groups"
17689,0,1,1,0,0,0,0,0,0,0,0,0,0,0,"Other armed groups"
17694,0,0,1,1,0,0,0,0,0,0,0,0,0,0,"Guerrilla groups"
17719,1,0,0,0,0,0,0,0,1,0,0,0,0,0,"Guerrilla groups"
17720,1,0,0,0,0,0,0,0,1,0,0,0,0,0,"Guerrilla groups"
17721,1,0,0,0,0,0,0,0,1,0,0,0,0,0,"Guerrilla groups"
17730,0,0,1,0,0,0,0,0,0,0,0,0,0,1,"Other armed groups"
17738,0,0,0,0,1,0,1,0,0,0,0,0,0,0,"Guerrilla groups"
17751,0,0,1,0,0,0,0,0,0,0,0,0,0,1,"Guerrilla groups"
17759,0,0,0,1,0,1,1,0,0,0,0,0,0,0,"Guerrilla groups"
17760,0,0,0,1,0,1,1,0,0,0,0,0,0,0,"Guerrilla groups"
17765,0,0,1,0,0,0,0,0,1,0,0,0,0,1,"Paramilitary groups"
17771,0,0,0,0,1,0,0,0,1,0,0,0,0,0,"Paramilitary groups"
17776,0,0,1,0,0,0,0,0,0,0,0,0,0,1,"Other armed groups"
17777,0,0,1,0,0,0,0,0,0,1,1,0,0,0,"Guerrilla groups"
17778,0,0,1,0,0,0,0,0,0,1,1,0,0,0,"Guerrilla groups"
17779,0,0,1,0,0,0,0,0,0,1,1,0,0,0,"Guerrilla groups"
17781,0,0,1,0,1,0,0,1,0,0,1,0,0,0,"Paramilitary groups"
17782,0,0,1,1,0,0,0,1,0,0,0,0,0,0,"Paramilitary groups"
17783,0,0,1,1,0,0,0,1,0,0,0,0,0,0,"Paramilitary groups"
17784,0,0,1,1,0,0,0,1,0,0,0,0,0,0,"Paramilitary groups"
17785,0,0,1,1,0,0,0,1,0,0,0,0,0,0,"Paramilitary groups"
17797,0,0,0,0,1,0,0,0,1,0,0,0,0,0,"Guerrilla groups"
17798,0,0,0,0,1,1,0,0,1,0,0,0,0,1,"Paramilitary groups"
17802,1,0,0,0,0,0,0,0,0,0,1,0,0,1,"Paramilitary groups"
17806,0,0,0,0,1,0,0,0,1,0,0,0,0,0,"Guerrilla groups"
17807,0,0,0,0,1,0,0,0,1,0,0,0,0,0,"Guerrilla groups"
17811,0,0,1,0,0,0,0,0,0,0,0,0,0,1,"Paramilitary groups"
17816,0,1,0,0,0,0,1,0,0,0,0,0,0,0,"Guerrilla groups"
17817,1,0,0,1,0,0,0,0,0,0,0,0,0,0,"Other armed groups"
17819,0,0,1,0,0,0,0,0,0,1,0,0,0,0,"Paramilitary groups"
17820,0,0,0,0,1,0,0,0,0,0,0,0,0,1,"Paramilitary groups"
17826,0,0,0,0,0,0,0,0,0,0,0,0,1,1,"Paramilitary groups"
17837,0,0,1,0,0,0,0,0,0,0,0,0,0,1,"Guerrilla groups"
17841,0,1,0,0,0,0,0,0,0,0,0,0,1,1,"Paramilitary groups"
17842,0,0,1,0,0,0,0,0,0,0,0,0,0,1,"Paramilitary groups"
17845,0,0,1,0,0,0,0,0,0,0,0,0,0,1,"Paramilitary groups"
17848,0,0,0,0,0,0,0,0,1,0,0,0,0,1,"Guerrilla groups"
17865,0,0,1,0,0,0,0,0,1,0,0,0,0,0,"Other armed groups"
17866,0,0,1,0,0,0,0,0,1,0,0,0,0,0,"Other armed groups"
17871,0,0,0,0,0,0,0,0,0,0,0,1,0,1,"Guerrilla groups"
17889,1,0,0,1,0,0,0,0,0,0,0,0,0,0,"Paramilitary groups"
17890,0,0,1,0,0,0,0,0,0,0,0,0,0,1,"Guerrilla groups"
17892,0,0,0,0,1,0,0,1,0,0,0,0,0,0,"Other armed groups"
17896,0,0,0,1,1,0,0,1,0,0,0,0,0,0,"Other armed groups"
17897,0,0,0,1,1,0,0,1,0,0,0,0,0,0,"Other armed groups"
17901,0,0,1,0,0,0,0,0,0,0,0,0,0,1,"Paramilitary groups"
17913,0,0,0,1,0,0,1,0,0,0,0,0,0,0,"Guerrilla groups"
17914,0,0,0,0,0,0,0,0,0,0,0,0,1,1,"Guerrilla groups"
17915,0,0,0,0,0,0,0,0,0,0,0,0,1,1,"Guerrilla groups"
17916,0,0,0,0,0,0,0,0,0,0,0,0,1,1,"Guerrilla groups"
17917,0,0,0,0,0,0,0,0,0,0,0,0,1,1,"Guerrilla groups"
17918,0,0,0,0,0,0,0,0,0,0,0,0,1,1,"Guerrilla groups"
17921,0,0,0,0,0,0,1,0,0,0,0,0,0,1,"Guerrilla groups"
17922,0,0,0,0,0,0,1,0,0,0,0,0,0,1,"Guerrilla groups"
17923,0,0,1,0,0,0,0,0,0,0,0,0,0,1,"Other armed groups"
17925,0,0,1,0,0,0,0,0,0,0,0,0,0,1,"Guerrilla groups"
17926,0,0,1,0,0,0,0,0,0,0,0,0,0,1,"Guerrilla groups"
17927,0,0,0,1,0,0,1,0,0,0,0,0,0,0,"Guerrilla groups"
17928,0,0,0,1,0,0,1,0,0,0,0,0,0,0,"Guerrilla groups"
17941,0,0,1,0,0,0,0,0,0,0,0,0,0,1,"Other armed groups"
17943,0,0,0,0,0,0,0,0,0,0,0,0,1,1,"Guerrilla groups"
17945,0,0,1,0,1,0,0,0,1,0,0,0,0,0,"Guerrilla groups"
17948,0,0,0,0,0,0,0,0,0,0,0,0,1,1,"Other armed groups"
17949,0,0,0,0,0,0,0,0,0,0,0,0,1,1,"Other armed groups"
17950,0,0,0,0,0,0,0,0,0,0,0,0,1,1,"Guerrilla groups"
17951,0,0,0,0,0,0,0,0,0,0,0,0,1,1,"Guerrilla groups"
17952,0,0,0,0,0,0,0,0,1,1,0,0,0,0,"Guerrilla groups"
17953,0,0,0,0,0,0,0,0,1,1,0,0,0,0,"Guerrilla groups"
17958,0,0,1,0,1,0,0,1,0,0,0,0,0,0,"Other armed groups"
17959,0,0,0,0,0,0,0,0,0,1,0,0,1,0,"Guerrilla groups"
17960,0,0,0,0,0,0,0,0,0,1,0,0,1,0,"Guerrilla groups"
17963,0,0,0,0,0,0,0,0,1,0,1,0,0,0,"Guerrilla groups"
17965,0,0,0,0,0,0,0,0,0,0,0,0,1,1,"Paramilitary groups"
17966,0,0,0,0,0,0,0,0,0,0,0,0,1,1,"Paramilitary groups"
17967,0,0,0,0,0,0,0,0,0,0,0,0,1,1,"Paramilitary groups"
17968,0,0,0,0,0,0,0,0,0,0,0,0,1,1,"Paramilitary groups"
17969,0,0,1,0,0,0,0,0,0,0,0,0,1,1,"Guerrilla groups"
17970,0,0,1,0,0,0,0,0,0,0,0,0,1,1,"Guerrilla groups"
17973,0,0,0,0,0,0,1,0,0,0,0,0,0,1,"Guerrilla groups"
17979,1,0,1,0,1,0,0,0,0,0,0,0,0,0,"Other armed groups"
17982,0,0,1,0,0,0,0,0,0,0,0,0,0,1,"Paramilitary groups"
17983,0,0,1,0,0,0,0,0,0,0,0,0,0,1,"Paramilitary groups"
17988,0,0,0,0,0,0,0,0,0,0,0,0,1,1,"Paramilitary groups"
17990,0,1,0,0,1,0,0,0,0,0,0,0,0,0,"Guerrilla groups"
17998,0,0,0,0,0,0,0,0,0,1,0,0,0,1,"Guerrilla groups"
17999,1,0,0,0,1,0,0,0,0,0,0,0,0,0,"Paramilitary groups"
18000,1,0,0,0,1,0,0,0,0,0,0,0,0,0,"Paramilitary groups"
18001,1,0,0,0,1,0,0,0,0,0,0,0,0,0,"Paramilitary groups"
18002,0,0,1,0,0,0,0,0,0,0,0,0,0,1,"Guerrilla groups"
18010,0,0,0,0,1,0,0,0,0,0,0,0,0,1,"Paramilitary groups"
18014,0,0,1,0,0,0,0,0,0,0,0,0,0,1,"Paramilitary groups"
18016,0,0,1,0,0,0,0,0,0,0,0,0,0,1,"Guerrilla groups"
18044,0,0,1,0,0,0,1,1,1,0,0,0,0,0,"Guerrilla groups"
18045,0,0,0,0,1,0,0,1,0,0,0,0,0,0,"Other armed groups"
18055,0,0,0,0,0,0,0,0,0,0,0,0,1,1,"Paramilitary groups"
18061,0,0,0,0,1,0,0,0,0,0,0,0,0,1,"Paramilitary groups"
18074,1,0,0,0,1,0,0,0,0,0,0,0,0,0,"Paramilitary groups"
18078,0,0,0,0,0,1,0,0,0,0,0,0,0,1,"Paramilitary groups"
18079,0,0,0,0,0,1,1,0,0,0,0,0,0,0,"Paramilitary groups"
18080,0,0,1,0,1,1,0,0,0,0,0,0,0,0,"Other armed groups"
18096,0,0,1,0,0,0,0,0,0,0,0,0,0,1,"Guerrilla groups"
18111,0,0,1,0,1,0,0,0,0,0,1,0,0,0,"Paramilitary groups"
18113,0,0,1,0,0,0,0,0,0,0,0,0,1,1,"Paramilitary groups"
18114,0,0,1,0,0,0,0,0,0,0,1,0,0,0,"Guerrilla groups"
18115,0,0,1,0,0,0,0,0,0,0,1,0,1,1,"Guerrilla groups"
18116,0,0,0,0,0,0,0,0,0,0,1,0,0,1,"Guerrilla groups"
18117,0,0,1,0,0,0,0,0,1,0,0,0,0,0,"Guerrilla groups"
18118,0,0,1,0,0,0,0,0,0,0,0,0,1,1,"Paramilitary groups"
18119,0,0,1,0,0,0,0,0,0,0,0,0,1,1,"Guerrilla groups"
18122,0,0,1,0,0,0,0,0,0,0,0,0,0,1,"Paramilitary groups"
18125,1,0,1,1,1,0,0,0,0,1,1,0,1,1,"Paramilitary groups"
18137,0,0,1,0,0,0,0,0,0,0,0,0,0,1,"Guerrilla groups"
18149,0,0,0,0,1,0,0,0,1,0,0,0,0,0,"Paramilitary groups"
18151,0,0,1,0,0,0,0,0,0,0,0,0,0,1,"Paramilitary groups"
18153,0,0,1,0,0,0,0,0,0,0,0,0,0,1,"Paramilitary groups"
18155,0,0,1,0,0,0,0,0,1,1,1,0,0,1,"Paramilitary groups"
18156,0,0,1,0,0,0,0,0,1,1,1,0,0,1,"Paramilitary groups"
18157,0,0,1,0,0,0,0,0,1,1,1,0,0,1,"Paramilitary groups"
18158,0,0,1,0,0,0,0,0,1,1,1,0,0,1,"Paramilitary groups"
18168,0,0,0,0,1,0,0,1,0,0,0,0,0,0,"Other armed groups"
18169,1,0,1,0,0,0,0,0,0,0,0,0,1,0,"Guerrilla groups"
18173,0,1,0,0,0,0,0,0,0,0,0,0,0,1,"Paramilitary groups"
18174,0,0,1,0,0,0,0,0,0,0,0,0,0,1,"Guerrilla groups"
18177,0,0,1,0,0,0,0,0,1,1,0,0,0,0,"Guerrilla groups"
18178,0,0,0,0,0,0,0,0,0,1,0,0,0,1,"Guerrilla groups"
18179,0,0,1,0,0,0,0,0,1,0,0,0,0,0,"Guerrilla groups"
18183,0,0,1,0,0,0,0,0,0,0,0,0,0,1,"Guerrilla groups"
18184,0,0,1,0,0,0,0,0,0,0,0,0,0,1,"Paramilitary groups"
18185,0,0,1,0,0,0,0,0,0,0,0,0,0,1,"Paramilitary groups"
18193,0,1,0,0,0,0,1,0,0,0,0,0,0,0,"Other armed groups"
18194,0,1,1,0,0,0,0,0,0,0,0,0,0,0,"Other armed groups"
18195,0,1,1,0,0,0,0,0,0,0,0,0,0,0,"Other armed groups"
18206,0,0,1,0,1,0,0,0,0,1,0,0,0,0,"Other armed groups"
18207,0,0,1,0,1,0,0,0,0,1,0,0,0,0,"Other armed groups"
18210,0,0,1,0,1,0,0,0,0,0,0,0,0,0,"Other armed groups"
18219,0,1,1,0,0,0,0,0,0,0,0,0,0,0,"Guerrilla groups"
18220,0,0,1,0,0,0,1,0,0,0,0,0,0,0,"Paramilitary groups"
18229,0,0,0,0,0,0,0,0,0,0,0,0,1,1,"Guerrilla groups"
18230,0,0,1,0,0,0,0,0,0,0,0,0,0,1,"Paramilitary groups"
18232,0,0,0,0,1,0,0,0,0,0,0,0,1,1,"Paramilitary groups"
18236,0,0,0,0,0,0,0,0,0,0,0,0,1,1,"Paramilitary groups"
18243,1,0,0,0,1,0,0,0,0,0,0,0,0,0,"Guerrilla groups"
18248,0,0,1,0,0,0,0,0,1,1,0,0,0,0,"Paramilitary groups"
18249,0,0,1,0,0,0,0,0,0,0,0,0,0,1,"Guerrilla groups"
18260,0,0,0,0,0,0,1,0,0,0,0,0,0,1,"Guerrilla groups"
18261,1,0,0,0,1,0,0,0,0,0,0,0,0,0,"Guerrilla groups"
18271,0,0,0,1,0,1,1,0,0,0,0,0,0,0,"Guerrilla groups"
18272,0,0,1,0,0,0,0,0,0,0,0,0,1,1,"Guerrilla groups"
18274,1,0,0,0,0,0,0,0,0,0,0,1,0,0,"Guerrilla groups"
18275,0,0,1,0,1,0,0,0,0,0,0,0,0,0,"Guerrilla groups"
18276,0,0,1,0,1,0,0,0,0,0,0,0,0,0,"Other armed groups"
18284,0,0,1,0,0,0,0,0,0,0,0,0,1,1,"Guerrilla groups"
18285,0,0,1,0,0,0,0,0,0,0,0,0,0,1,"Guerrilla groups"
18286,1,0,1,0,0,0,0,0,0,0,0,0,0,0,"Paramilitary groups"
18287,0,0,1,0,0,0,0,0,0,0,0,0,0,1,"Guerrilla groups"
18294,0,0,0,0,0,0,1,0,0,0,0,0,0,1,"Guerrilla groups"
18296,0,0,1,0,0,0,0,0,0,0,0,0,0,1,"Guerrilla groups"
18299,0,1,0,0,1,0,0,0,0,0,0,0,0,0,"Other armed groups"
18304,0,0,0,0,0,0,0,0,0,0,0,0,1,1,"Paramilitary groups"
18305,0,0,0,0,0,0,0,0,0,1,0,0,1,1,"Paramilitary groups"
18309,0,1,0,0,1,0,0,0,0,0,0,0,0,0,"Guerrilla groups"
18311,0,0,1,0,0,0,0,0,0,0,0,0,0,1,"Paramilitary groups"
18331,1,0,0,0,0,0,0,0,0,0,0,0,1,0,"Guerrilla groups"
18333,0,0,1,0,0,0,0,0,0,0,0,0,1,1,"Guerrilla groups"
18334,0,0,1,0,0,0,0,0,0,0,0,0,0,1,"Guerrilla groups"
18342,0,0,0,0,1,0,0,1,0,0,0,0,0,0,"Other armed groups"
18343,0,0,0,0,1,0,0,1,0,0,0,0,0,0,"Other armed groups"
18348,0,0,0,0,0,0,0,0,0,0,0,0,1,1,"Guerrilla groups"
18356,0,0,0,0,0,0,0,0,0,0,1,0,0,1,"Guerrilla groups"
18357,0,0,0,0,0,0,0,0,0,0,0,1,0,1,"Guerrilla groups"
18358,0,0,1,0,0,0,0,0,0,0,1,0,1,1,"Guerrilla groups"
18359,0,0,1,0,0,0,0,0,0,0,1,0,1,1,"Guerrilla groups"
18361,1,0,0,0,0,0,0,0,0,0,0,1,0,0,"Guerrilla groups"
18362,0,0,0,0,0,1,1,0,0,0,0,0,0,1,"Guerrilla groups"
18364,0,0,0,0,0,1,1,0,0,0,0,0,0,0,"Guerrilla groups"
18366,0,0,1,0,0,0,0,0,0,0,0,0,0,1,"Guerrilla groups"
18367,0,0,1,0,0,0,0,0,0,0,0,0,0,1,"Guerrilla groups"
18369,0,0,1,0,1,1,0,0,1,0,0,0,0,0,"Guerrilla groups"
18370,0,0,1,0,1,0,0,0,0,0,0,0,0,1,"Guerrilla groups"
18372,0,0,1,0,1,0,0,0,1,0,0,0,0,0,"Other armed groups"
18389,0,0,1,0,0,0,0,0,0,0,0,0,0,1,"Guerrilla groups"
18394,0,0,0,0,0,0,0,0,0,0,0,1,0,1,"Guerrilla groups"
18402,0,0,1,0,0,0,0,0,1,0,0,0,0,0,"Guerrilla groups"
18403,0,0,0,0,0,0,0,0,0,1,0,0,1,1,"Guerrilla groups"
18416,0,0,0,0,0,1,1,0,0,0,0,0,0,0,"Other armed groups"
18417,0,0,1,0,0,0,0,0,0,0,0,0,0,1,"Paramilitary groups"
18421,0,0,1,0,0,0,0,0,0,0,0,0,0,1,"Guerrilla groups"
18433,1,0,0,0,1,0,0,0,0,0,0,0,0,0,"Other armed groups"
18434,0,0,1,0,0,0,0,0,0,0,0,0,0,1,"Other armed groups"
18438,1,0,0,1,1,0,0,0,0,0,0,0,0,0,"Paramilitary groups"
18439,0,0,1,0,1,0,0,0,0,0,0,0,0,0,"Paramilitary groups"
18440,0,0,1,0,1,0,0,0,0,0,0,0,0,0,"Paramilitary groups"
18442,1,0,0,0,0,1,0,0,0,0,0,0,0,0,"Paramilitary groups"
18443,1,0,0,0,0,0,1,0,0,0,0,0,0,0,"Paramilitary groups"
18459,0,0,0,1,0,0,1,0,0,0,0,0,0,0,"Guerrilla groups"
18460,1,0,0,0,1,0,0,0,0,0,0,0,0,0,"Paramilitary groups"
18461,0,0,0,0,1,0,0,0,1,0,0,0,0,0,"Paramilitary groups"
18469,0,0,1,0,0,0,0,0,0,0,0,0,0,1,"Guerrilla groups"
18477,0,0,1,0,0,0,0,0,0,0,0,0,0,1,"Guerrilla groups"
18479,0,0,1,0,1,0,0,0,0,0,0,0,0,1,"Paramilitary groups"
18498,1,0,0,0,0,0,0,0,1,0,0,0,0,0,"Guerrilla groups"
18518,0,0,0,0,0,1,0,0,0,0,0,0,1,1,"Guerrilla groups"
18519,0,0,0,1,0,0,1,0,0,0,0,0,0,0,"Guerrilla groups"
18520,0,0,0,1,0,0,1,0,0,0,0,0,0,0,"Guerrilla groups"
18521,0,0,1,0,0,0,0,0,0,0,0,0,0,1,"Paramilitary groups"
18522,0,0,1,0,0,0,0,0,0,0,0,0,0,1,"Paramilitary groups"
18523,0,0,1,0,0,1,0,0,0,0,0,0,0,0,"Paramilitary groups"
18525,0,0,1,0,0,0,0,0,0,0,0,0,0,1,"Paramilitary groups"
18526,0,0,1,0,0,0,0,0,0,0,0,0,0,1,"Other armed groups"
18527,0,0,1,0,0,0,0,0,0,0,0,0,0,1,"Guerrilla groups"
18528,0,0,1,0,0,0,0,0,0,0,0,0,0,1,"Guerrilla groups"
18529,0,0,1,0,0,0,1,0,0,0,0,0,0,1,"Guerrilla groups"
18534,0,1,0,0,0,0,0,0,0,0,0,0,0,1,"Guerrilla groups"
18543,0,0,0,1,0,0,1,0,0,0,0,0,0,0,"Guerrilla groups"
18582,1,0,1,0,0,0,0,0,0,0,0,0,0,0,"Paramilitary groups"
18594,0,0,1,0,0,0,0,0,0,0,0,0,1,1,"Paramilitary groups"
18598,0,1,0,0,0,0,0,0,0,0,0,0,1,1,"Guerrilla groups"
18602,0,0,1,0,0,0,0,0,0,1,0,0,0,0,"Guerrilla groups"
18612,0,0,0,0,1,1,0,0,0,0,0,0,0,0,"Guerrilla groups"
18617,0,1,0,0,0,1,0,0,0,0,0,0,0,0,"Guerrilla groups"
18619,0,0,0,0,0,0,0,0,0,0,0,0,1,1,"Paramilitary groups"
18622,0,0,1,0,0,0,0,0,0,0,0,0,0,1,"Paramilitary groups"
18626,0,0,1,0,0,0,0,0,0,0,0,0,0,1,"Paramilitary groups"
18632,0,0,1,0,1,0,0,1,0,0,0,0,0,0,"Other armed groups"
18633,0,0,1,0,1,0,0,1,0,0,0,0,0,0,"Other armed groups"
18644,0,0,1,0,0,0,0,0,0,0,0,0,1,1,"Paramilitary groups"
18645,0,0,1,0,0,0,0,0,0,0,0,0,0,1,"Paramilitary groups"
18656,1,0,0,0,1,0,0,0,0,0,0,0,0,0,"Other armed groups"
18657,1,0,0,0,1,0,0,0,0,0,0,0,0,0,"Other armed groups"
18675,0,0,0,0,0,0,0,0,0,0,0,0,1,1,"Paramilitary groups"
18676,0,0,0,0,0,0,0,0,0,0,0,0,1,1,"Paramilitary groups"
18677,0,0,0,0,0,0,0,0,0,0,0,0,1,1,"Paramilitary groups"
18678,0,0,0,0,0,0,0,0,0,0,0,0,1,1,"Paramilitary groups"
18679,0,0,0,0,0,0,0,0,0,0,0,0,1,1,"Paramilitary groups"
18682,0,0,0,0,0,0,0,0,1,0,1,0,0,0,"Guerrilla groups"
18688,0,0,1,0,0,0,0,0,0,0,0,0,0,1,"Paramilitary groups"
18699,0,0,1,0,0,0,0,0,0,0,1,0,0,0,"Guerrilla groups"
18703,0,0,0,0,1,0,0,1,0,0,0,0,0,0,"Other armed groups"
18710,0,1,0,0,1,0,0,0,0,0,0,1,1,1,"Paramilitary groups"
18721,1,0,0,0,1,0,0,0,1,0,0,0,0,0,"Paramilitary groups"
18722,1,0,0,0,1,0,0,0,1,0,0,0,0,0,"Paramilitary groups"
18727,0,0,1,0,1,0,0,0,1,0,0,0,0,0,"Paramilitary groups"
18729,1,0,1,0,0,0,0,0,0,0,0,0,0,0,"Paramilitary groups"
18739,0,0,0,0,0,0,0,0,0,0,0,0,1,1,"Guerrilla groups"
18780,0,0,1,0,1,0,0,1,0,0,0,0,0,0,"Other armed groups"
18793,0,0,0,1,0,0,1,0,0,0,0,0,0,0,"Guerrilla groups"
18794,0,0,0,1,0,0,1,0,0,0,0,0,0,0,"Guerrilla groups"
18795,0,0,0,1,0,0,1,0,0,0,0,0,0,0,"Guerrilla groups"
18796,0,0,0,0,1,0,0,1,0,0,0,0,0,0,"Other armed groups"
18800,0,0,1,0,0,0,0,0,0,0,0,0,0,1,"Other armed groups"
18805,0,0,1,0,0,0,0,0,1,1,0,0,0,0,"Paramilitary groups"
18806,0,0,1,0,0,0,0,0,0,0,0,0,0,1,"Paramilitary groups"
18808,0,1,0,0,0,0,0,1,0,0,0,0,0,0,"Guerrilla groups"
18812,0,0,1,0,0,1,0,0,0,0,0,0,0,0,"Other armed groups"
18816,0,0,0,1,0,0,0,0,0,0,0,0,0,1,"Guerrilla groups"
18817,0,0,0,1,0,0,0,0,0,0,0,0,0,1,"Guerrilla groups"
18819,0,0,1,0,1,0,0,0,0,0,0,0,0,0,"Other armed groups"
18829,1,0,0,0,1,0,0,0,0,0,0,0,0,0,"Other armed groups"
18830,1,0,0,0,1,0,0,0,0,0,0,0,0,0,"Other armed groups"
18848,0,0,1,0,0,0,0,0,0,0,0,0,0,1,"Guerrilla groups"
18849,0,0,1,0,0,0,0,0,0,0,0,0,0,1,"Guerrilla groups"
18851,0,0,1,0,1,0,0,1,0,0,0,0,0,0,"Other armed groups"
18862,0,0,1,0,1,0,0,0,0,0,0,0,0,0,"Other armed groups"
18863,0,0,1,0,1,0,0,0,0,0,0,0,0,0,"Other armed groups"
18865,0,0,0,1,0,0,0,0,1,0,0,0,0,0,"Guerrilla groups"
18872,0,0,1,0,1,0,0,0,0,0,0,0,0,1,"Guerrilla groups"
18873,0,0,1,0,0,0,0,0,0,0,0,0,0,1,"Guerrilla groups"
18874,0,1,1,0,0,0,0,0,0,0,0,0,0,1,"Guerrilla groups"
18877,0,0,0,0,0,0,0,0,0,0,0,0,1,1,"Paramilitary groups"
18878,0,0,0,0,1,0,0,0,1,0,0,0,0,0,"Paramilitary groups"
18879,0,0,1,0,0,0,0,0,0,0,0,0,0,1,"Paramilitary groups"
18899,1,0,0,0,1,0,0,0,0,0,0,0,0,0,"Paramilitary groups"
18918,0,0,1,0,0,0,0,0,0,0,0,0,0,1,"Paramilitary groups"
18919,0,0,1,0,0,0,0,0,0,0,0,0,0,1,"Paramilitary groups"
18923,0,0,0,0,0,0,0,0,0,0,0,1,0,1,"Other armed groups"
18925,0,0,0,0,1,0,1,0,0,0,0,0,0,0,"Guerrilla groups"
18927,1,0,0,0,0,0,0,0,1,0,0,0,0,0,"Guerrilla groups"
18934,0,0,0,0,1,1,0,0,0,0,0,0,0,0,"Other armed groups"
18935,0,0,1,0,0,0,0,0,0,0,0,0,0,1,"Guerrilla groups"
18937,0,0,1,0,0,0,0,0,0,0,0,0,0,1,"Guerrilla groups"
18939,1,0,0,1,0,0,0,0,0,0,0,0,0,0,"Paramilitary groups"
18940,1,0,0,1,0,0,0,0,0,0,0,0,0,0,"Paramilitary groups"
18941,1,0,0,1,0,0,0,0,0,0,0,0,0,0,"Paramilitary groups"
18945,0,0,0,0,1,1,0,0,0,0,0,0,0,0,"Other armed groups"
18946,0,0,1,0,0,0,0,0,0,0,0,0,1,1,"Guerrilla groups"
18947,0,0,1,0,0,0,0,0,0,0,0,0,1,1,"Guerrilla groups"
18948,0,0,1,0,0,0,0,0,0,0,0,0,1,1,"Guerrilla groups"
18959,0,0,0,0,1,1,0,0,0,0,0,0,0,0,"Paramilitary groups"
18960,0,0,1,0,1,1,0,0,0,0,0,0,0,0,"Paramilitary groups"
18961,0,0,1,0,0,1,0,0,1,0,0,0,0,0,"Paramilitary groups"
18963,0,0,0,0,0,0,1,0,0,0,0,0,0,1,"Guerrilla groups"
18965,0,0,1,0,0,0,0,0,0,0,0,0,0,1,"Guerrilla groups"
18971,0,0,1,0,0,0,0,0,0,0,0,0,0,1,"Guerrilla groups"
18979,0,0,1,0,0,0,0,1,0,0,0,0,0,0,"Other armed groups"
18981,0,0,1,0,0,0,0,0,0,0,1,0,0,0,"Guerrilla groups"
18982,0,0,1,0,0,0,0,0,1,0,0,0,0,0,"Guerrilla groups"
18985,0,0,0,0,0,0,1,0,0,0,0,0,0,1,"Guerrilla groups"
18988,1,0,1,1,1,0,0,0,0,0,0,0,0,0,"Guerrilla groups"
18989,1,0,0,0,0,0,0,1,0,0,0,0,0,0,"Other armed groups"
18993,1,0,0,0,0,0,1,0,0,0,0,0,0,0,"Guerrilla groups"
18994,0,0,1,0,1,0,0,0,0,0,0,0,0,0,"Guerrilla groups"
18995,0,0,0,1,0,0,1,0,0,0,0,0,0,0,"Guerrilla groups"
19000,0,0,1,0,0,0,0,0,0,0,0,0,0,1,"Paramilitary groups"
19001,0,0,1,0,0,0,0,0,0,0,0,0,0,1,"Paramilitary groups"
19019,1,0,0,1,0,0,0,0,0,0,0,0,0,1,"Guerrilla groups"
19020,1,0,0,1,0,0,0,0,0,0,0,0,0,1,"Guerrilla groups"
19021,1,0,0,1,0,0,0,0,0,0,0,0,0,1,"Guerrilla groups"
19038,0,0,0,1,0,0,0,0,0,1,1,0,0,0,"Guerrilla groups"
19039,1,0,1,1,1,0,0,0,0,1,1,0,0,1,"Paramilitary groups"
19040,1,0,1,1,1,0,0,0,0,1,1,0,0,1,"Paramilitary groups"
19044,0,0,0,1,1,0,0,0,0,0,0,0,0,0,"Paramilitary groups"
19045,0,0,0,1,1,0,0,0,0,0,0,0,0,0,"Paramilitary groups"
19046,0,0,0,1,1,0,0,0,0,0,0,0,0,0,"Paramilitary groups"
19047,0,0,0,1,1,0,0,0,0,0,0,0,0,0,"Paramilitary groups"
19071,0,0,0,0,1,0,0,0,1,0,0,0,0,0,"Guerrilla groups"
19078,0,0,0,1,0,0,1,0,0,0,0,0,0,0,"Guerrilla groups"
19083,1,0,1,0,0,0,0,0,0,0,0,0,0,0,"Guerrilla groups"
19086,1,0,0,0,0,0,0,0,1,0,0,0,0,0,"Paramilitary groups"
19089,1,0,1,0,1,1,0,0,0,0,0,0,0,1,"Guerrilla groups"
19090,1,0,1,0,1,1,0,0,0,0,0,0,0,1,"Guerrilla groups"
19096,1,0,1,0,1,0,0,1,0,0,0,0,1,1,"Guerrilla groups"
19101,0,0,1,0,0,0,0,0,0,0,1,0,0,1,"Paramilitary groups"
19110,0,0,1,0,0,0,0,0,0,0,0,0,1,1,"Paramilitary groups"
19118,0,0,1,0,0,0,0,0,0,0,0,0,0,1,"Other armed groups"
19119,0,0,0,0,1,0,0,1,0,0,0,0,0,0,"Other armed groups"
19123,0,0,1,0,0,0,0,0,0,0,0,0,0,1,"Paramilitary groups"
19124,0,0,1,0,0,0,0,0,1,0,0,0,0,0,"Guerrilla groups"
19141,1,0,0,0,1,0,0,1,1,0,0,0,0,1,"Paramilitary groups"
19142,1,1,0,0,0,0,0,0,0,0,0,0,0,0,"Guerrilla groups"
19146,0,0,0,0,1,0,0,0,1,0,0,0,0,0,"Paramilitary groups"
19153,0,0,1,0,0,0,0,0,0,0,0,0,0,1,"Guerrilla groups"
19154,0,0,1,0,0,0,0,0,0,0,0,0,0,1,"Guerrilla groups"
19155,0,0,1,0,0,0,0,0,0,0,0,0,0,1,"Guerrilla groups"
19156,0,0,1,0,0,0,0,0,0,0,0,0,0,1,"Guerrilla groups"
19157,0,0,1,1,0,0,1,1,0,0,0,0,0,1,"Guerrilla groups"
19160,0,0,1,0,0,0,1,0,0,0,0,0,0,0,"Guerrilla groups"
19172,0,0,1,0,0,0,0,0,0,0,0,0,0,1,"Paramilitary groups"
19173,0,0,1,0,0,0,0,0,0,0,0,0,0,1,"Paramilitary groups"
19174,0,0,1,0,0,0,0,0,0,0,0,0,0,1,"Paramilitary groups"
19175,0,0,1,0,1,0,0,1,0,0,0,0,0,0,"Other armed groups"
19176,0,0,1,0,1,0,0,1,0,0,0,0,0,0,"Other armed groups"
19177,0,0,1,0,1,0,0,1,0,0,0,0,0,0,"Other armed groups"
19178,1,0,1,0,0,0,0,0,0,0,0,0,0,0,"Guerrilla groups"
19179,1,0,0,0,0,0,0,1,0,0,0,0,0,0,"Guerrilla groups"
19217,0,0,0,0,1,1,0,0,0,0,0,0,1,0,"Paramilitary groups"
19218,0,0,0,0,0,1,0,0,1,0,0,0,0,0,"Paramilitary groups"
19236,0,0,1,0,1,0,0,1,0,0,0,0,0,0,"Other armed groups"
19245,0,0,1,0,0,0,0,0,0,0,0,0,0,1,"Other armed groups"
19258,0,0,1,0,0,0,0,0,0,0,0,0,0,1,"Guerrilla groups"
19259,0,0,1,0,0,0,0,0,0,0,0,0,0,1,"Guerrilla groups"
19266,0,0,1,0,0,0,0,1,0,0,0,0,0,1,"Guerrilla groups"
19267,0,0,1,0,0,0,0,0,0,0,0,1,0,0,"Guerrilla groups"
19268,0,0,1,0,0,0,0,0,0,0,0,1,0,0,"Guerrilla groups"
19269,0,0,1,0,0,0,0,0,1,0,0,0,0,0,"Guerrilla groups"
19270,0,0,0,0,0,0,0,0,0,0,0,0,1,1,"Guerrilla groups"
19271,0,0,0,0,0,0,0,0,0,0,0,0,1,1,"Guerrilla groups"
19272,0,0,0,0,0,0,0,0,0,0,0,0,1,1,"Guerrilla groups"
19273,0,0,0,0,0,0,0,0,0,0,0,0,1,1,"Guerrilla groups"
19275,0,0,1,0,0,0,0,0,0,0,0,0,0,1,"Paramilitary groups"
19276,0,0,0,0,0,0,0,0,0,1,1,0,0,0,"Paramilitary groups"
19282,0,0,0,0,0,0,0,0,0,0,0,0,1,1,"Other armed groups"
19283,0,0,0,0,0,0,0,0,0,0,0,0,1,1,"Other armed groups"
19284,0,0,1,0,1,0,0,1,0,0,0,0,0,1,"Other armed groups"
19286,0,0,1,0,0,0,0,1,0,0,0,0,0,0,"Other armed groups"
19287,0,0,1,0,0,0,0,0,1,0,0,0,0,0,"Guerrilla groups"
19291,0,0,0,0,0,0,0,0,0,0,0,0,1,1,"Guerrilla groups"
19292,0,0,0,0,0,0,0,0,0,0,0,0,1,1,"Guerrilla groups"
19293,0,0,0,0,0,0,0,0,0,0,0,0,1,1,"Guerrilla groups"
19294,0,0,0,0,0,0,0,0,0,0,0,0,1,1,"Guerrilla groups"
19295,0,0,0,0,0,0,0,0,0,0,0,0,1,1,"Guerrilla groups"
19296,0,0,0,0,0,0,0,0,0,0,0,0,1,1,"Guerrilla groups"
19297,0,0,0,0,0,0,0,0,0,0,0,0,1,1,"Guerrilla groups"
19298,0,0,0,0,0,0,0,0,0,0,0,0,1,1,"Guerrilla groups"
19299,0,0,0,0,0,0,0,0,0,0,0,0,1,1,"Guerrilla groups"
19300,0,0,0,0,0,0,0,0,0,0,0,0,1,1,"Guerrilla groups"
19301,0,0,0,0,0,0,0,0,0,0,0,0,1,1,"Guerrilla groups"
19302,0,0,1,0,0,1,1,0,0,0,0,0,0,0,"Other armed groups"
19331,1,0,0,0,0,0,0,0,0,0,0,1,0,0,"Guerrilla groups"
19339,0,0,1,0,1,0,0,0,0,0,0,0,0,0,"Guerrilla groups"
19340,0,0,1,0,1,0,0,0,0,0,0,0,0,0,"Guerrilla groups"
19353,0,0,1,0,0,0,1,0,0,0,0,0,0,1,"Guerrilla groups"
19356,0,1,1,0,0,0,0,0,0,0,0,0,0,0,"Guerrilla groups"
19364,1,0,1,0,0,0,0,0,0,0,0,0,0,0,"Paramilitary groups"
19367,0,0,0,1,0,0,1,0,0,0,0,0,0,0,"Guerrilla groups"
19369,0,0,1,0,0,0,0,0,0,0,0,0,1,0,"Paramilitary groups"
19378,1,0,1,0,1,0,0,0,0,1,0,0,0,0,"Paramilitary groups"
19379,1,0,1,0,1,0,0,0,0,1,0,0,0,0,"Paramilitary groups"
19380,1,0,1,0,1,0,0,0,0,1,0,0,0,0,"Paramilitary groups"
19381,1,0,1,0,1,0,0,0,0,1,0,0,0,0,"Paramilitary groups"
19382,1,0,1,0,1,0,0,0,0,1,0,0,0,0,"Paramilitary groups"
19383,1,0,1,0,1,0,0,0,0,1,0,0,0,0,"Paramilitary groups"
19384,1,0,1,0,1,0,0,0,0,1,0,0,0,0,"Paramilitary groups"
19385,1,0,1,0,1,0,0,0,0,1,0,0,0,0,"Paramilitary groups"
19386,1,0,1,0,1,0,0,0,0,1,0,0,0,0,"Paramilitary groups"
19392,0,0,0,0,0,0,0,0,0,0,0,0,1,1,"Paramilitary groups"
19397,0,0,0,0,1,1,0,0,1,0,0,0,0,0,"Paramilitary groups"
19410,0,0,1,0,0,0,0,0,0,0,0,0,0,1,"Paramilitary groups"
19422,1,0,0,0,1,0,0,0,0,0,0,0,0,0,"Paramilitary groups"
19423,1,0,0,0,1,0,0,0,0,0,0,0,0,0,"Paramilitary groups"
19426,0,0,1,0,1,0,0,0,0,0,0,0,0,0,"Guerrilla groups"
19427,0,0,1,0,1,0,0,0,0,0,0,0,0,0,"Guerrilla groups"
19430,0,0,1,0,0,0,0,0,0,0,0,0,1,1,"Guerrilla groups"
19431,1,0,1,0,1,0,0,0,0,1,0,0,1,0,"Paramilitary groups"
19432,1,0,1,0,1,0,0,0,0,1,0,0,1,0,"Paramilitary groups"
19433,1,0,1,0,1,0,0,0,0,1,0,0,1,0,"Paramilitary groups"
19434,1,0,1,0,1,0,0,0,0,1,0,0,1,0,"Paramilitary groups"
19435,1,0,1,0,1,0,0,0,0,1,0,0,1,0,"Paramilitary groups"
19436,1,0,1,0,1,0,0,0,0,1,0,0,1,0,"Paramilitary groups"
19437,1,0,1,0,1,0,0,0,0,1,0,0,1,0,"Paramilitary groups"
19438,1,0,1,0,1,0,0,0,0,1,0,0,1,0,"Paramilitary groups"
19439,1,0,1,0,1,0,0,0,0,1,0,0,1,0,"Paramilitary groups"
19440,1,0,1,0,1,0,0,0,0,1,0,0,1,0,"Paramilitary groups"
19443,1,0,1,0,0,0,0,0,0,0,0,0,0,1,"Paramilitary groups"
19449,0,0,1,1,1,0,1,1,0,0,0,1,0,1,"Guerrilla groups"
19457,0,0,0,0,1,0,0,0,1,0,0,0,0,0,"Guerrilla groups"
19458,0,0,1,0,0,0,0,0,0,0,0,0,0,1,"Guerrilla groups"
19459,0,0,1,0,0,0,0,0,0,0,0,0,0,1,"Guerrilla groups"
19477,0,0,0,0,0,1,1,0,0,0,0,0,0,0,"Guerrilla groups"
19483,0,0,1,0,1,0,0,0,0,0,0,0,0,1,"Paramilitary groups"
19484,0,0,1,0,1,0,0,0,0,0,0,0,0,1,"Paramilitary groups"
19526,1,1,0,0,0,0,0,0,0,0,0,0,0,0,"Other armed groups"
19527,1,1,0,0,0,0,0,0,0,0,0,0,0,0,"Other armed groups"
19528,1,1,0,0,0,0,0,0,0,0,0,0,0,0,"Other armed groups"
19531,0,0,1,0,0,0,0,0,0,0,0,0,0,1,"Guerrilla groups"
19532,0,0,1,0,1,0,0,0,0,0,0,0,0,0,"Paramilitary groups"
19533,0,0,1,0,0,0,0,0,0,0,0,0,0,1,"Other armed groups"
19534,1,0,1,1,1,0,0,0,1,0,0,0,1,0,"Paramilitary groups"
19535,1,0,1,1,1,0,0,0,1,0,0,0,1,0,"Paramilitary groups"
19541,0,0,1,0,0,0,0,0,0,0,0,0,0,1,"Paramilitary groups"
19543,0,0,0,1,0,0,1,0,0,0,0,0,0,0,"Guerrilla groups"
19544,0,0,0,1,0,0,1,0,0,0,0,0,0,0,"Guerrilla groups"
19545,0,0,0,0,0,0,0,0,0,0,0,0,1,1,"Paramilitary groups"
19547,0,0,1,0,0,0,0,0,0,1,0,0,1,0,"Paramilitary groups"
19548,1,0,0,1,0,0,0,0,0,0,0,0,0,0,"Other armed groups"
19549,0,0,1,0,1,0,0,0,0,1,0,0,0,0,"Paramilitary groups"
19550,0,0,1,0,1,0,0,0,0,1,0,0,0,0,"Paramilitary groups"
19551,0,0,0,0,0,0,0,0,0,0,0,0,1,1,"Paramilitary groups"
19559,0,0,0,0,1,0,0,0,0,0,1,0,0,0,"Guerrilla groups"
19562,0,0,1,0,0,0,0,1,0,0,0,0,0,0,"Other armed groups"
19565,0,0,1,0,0,0,0,0,0,0,1,0,0,0,"Other armed groups"
19566,0,0,1,0,0,0,0,1,0,0,0,0,0,0,"Other armed groups"
19571,0,0,0,0,0,0,0,1,0,0,0,0,0,1,"Guerrilla groups"
19572,0,0,1,0,0,0,0,0,0,0,0,0,1,1,"Paramilitary groups"
19581,0,0,1,0,0,0,0,0,0,0,0,0,0,1,"Guerrilla groups"
19583,0,0,1,0,0,0,0,0,0,0,0,0,0,1,"Guerrilla groups"
19584,0,0,1,0,0,0,0,0,0,0,0,1,0,0,"Guerrilla groups"
19586,0,0,0,0,0,0,0,0,0,0,0,0,1,1,"Guerrilla groups"
19589,0,0,1,0,0,0,0,0,0,0,0,0,0,1,"Guerrilla groups"
19590,0,0,1,0,0,0,0,0,0,0,0,0,0,1,"Guerrilla groups"
19591,0,1,1,0,0,0,0,0,0,0,0,0,0,1,"Guerrilla groups"
19592,0,1,1,0,0,0,0,0,0,0,0,0,0,1,"Guerrilla groups"
19593,0,1,1,0,0,0,0,0,0,0,0,0,0,1,"Guerrilla groups"
19605,1,0,0,0,1,0,0,0,0,0,0,0,0,0,"Paramilitary groups"
19606,1,0,0,0,1,0,0,0,0,0,0,0,0,0,"Paramilitary groups"
19608,1,0,0,0,0,0,0,0,0,1,0,0,0,0,"Paramilitary groups"
19609,1,0,0,0,0,0,0,0,0,1,0,0,0,0,"Paramilitary groups"
19622,1,0,1,0,0,0,0,0,0,0,0,0,0,0,"Guerrilla groups"
19625,0,0,1,0,0,0,0,0,0,0,0,0,0,1,"Guerrilla groups"
19627,0,0,0,0,0,0,0,0,0,0,0,1,0,1,"Other armed groups"
19628,0,0,0,0,0,0,0,0,0,0,0,1,0,1,"Guerrilla groups"
19629,0,0,0,0,0,0,0,0,0,0,0,1,0,1,"Guerrilla groups"
19630,0,0,0,0,0,0,0,0,0,0,0,1,0,1,"Guerrilla groups"
19631,0,0,0,0,0,0,0,0,0,0,0,1,0,1,"Guerrilla groups"
19633,0,1,0,0,0,0,0,0,0,0,0,0,0,1,"Guerrilla groups"
19638,1,1,0,0,0,0,0,0,0,0,0,0,0,1,"Guerrilla groups"
19642,0,0,1,0,1,0,0,0,0,0,0,0,0,0,"Paramilitary groups"
19643,0,0,1,0,1,0,0,0,0,0,0,0,0,0,"Guerrilla groups"
19647,0,0,0,1,0,0,1,0,0,0,0,0,0,0,"Guerrilla groups"
19649,0,0,0,0,1,0,0,1,0,0,0,0,0,0,"Other armed groups"
19652,0,0,1,0,1,1,0,0,0,0,0,0,0,0,"Paramilitary groups"
19653,0,0,1,0,1,1,0,0,0,0,0,0,0,0,"Paramilitary groups"
19659,0,0,0,0,0,0,0,0,0,1,0,0,0,1,"Guerrilla groups"
19660,1,0,0,0,0,0,0,0,0,0,0,1,0,0,"Paramilitary groups"
19662,0,0,0,0,0,0,0,0,0,0,0,0,1,1,"Guerrilla groups"
19663,0,0,1,0,0,0,0,0,0,0,0,0,1,1,"Guerrilla groups"
19672,0,0,0,0,0,0,0,0,0,0,0,0,1,1,"Guerrilla groups"
19680,0,0,0,0,0,1,0,0,0,1,0,0,0,1,"Paramilitary groups"
19681,0,0,0,0,0,0,0,0,0,0,1,0,0,1,"Paramilitary groups"
19692,0,0,0,0,0,0,1,0,0,0,0,0,0,1,"Other armed groups"
19693,0,0,0,0,0,0,1,0,0,0,0,0,0,1,"Other armed groups"
19702,0,0,0,0,1,1,0,1,0,0,0,0,0,0,"Other armed groups"
19704,1,0,0,0,0,0,0,0,0,0,0,1,0,0,"Other armed groups"
19705,0,1,1,0,0,0,0,0,0,0,0,0,0,0,"Paramilitary groups"
19713,0,0,0,0,1,0,0,1,0,0,0,0,0,0,"Other armed groups"
19720,0,0,0,0,1,0,0,1,0,0,0,0,0,0,"Other armed groups"
19721,0,0,0,0,1,0,0,1,0,0,0,0,0,0,"Other armed groups"
19724,0,0,1,0,0,0,0,0,0,0,1,0,0,0,"Paramilitary groups"
19725,0,0,1,0,0,0,0,0,0,0,1,0,0,0,"Paramilitary groups"
19726,0,0,1,0,0,0,0,0,0,0,1,0,0,0,"Paramilitary groups"
19727,0,0,1,0,0,0,0,0,0,0,1,0,0,0,"Paramilitary groups"
19739,0,0,0,0,0,0,0,0,0,0,0,0,1,1,"Guerrilla groups"
19740,0,0,0,0,0,0,1,0,0,0,0,0,0,1,"Guerrilla groups"
19741,0,0,0,0,1,0,1,0,0,0,0,0,0,0,"Paramilitary groups"
19746,0,0,0,0,0,0,0,0,0,0,0,0,1,1,"Guerrilla groups"
19749,0,0,1,0,0,0,0,0,0,0,0,0,1,1,"Other armed groups"
19760,0,1,0,0,0,0,0,0,0,0,0,0,0,1,"Paramilitary groups"
19766,0,0,1,0,0,0,0,0,0,0,0,0,0,1,"Guerrilla groups"
19769,0,0,0,0,0,0,0,0,0,0,0,1,0,1,"Guerrilla groups"
19770,0,0,0,0,0,0,0,0,0,0,0,1,0,1,"Guerrilla groups"
19771,0,0,0,0,0,0,0,0,0,0,0,1,0,1,"Guerrilla groups"
19772,0,0,0,0,0,0,0,0,0,0,0,1,0,1,"Guerrilla groups"
19773,0,0,0,0,0,0,0,0,0,0,0,1,0,1,"Guerrilla groups"
19774,0,0,0,0,0,0,0,0,0,0,0,1,0,1,"Guerrilla groups"
19775,0,0,0,0,0,0,0,0,0,0,0,1,0,1,"Guerrilla groups"
19776,0,0,0,0,0,0,0,0,0,0,0,1,0,1,"Guerrilla groups"
19780,0,0,0,1,1,0,0,0,1,0,0,0,0,0,"Paramilitary groups"
19781,0,0,0,1,1,0,0,0,1,0,0,0,0,0,"Paramilitary groups"
19787,0,0,0,0,0,1,0,0,0,0,0,0,0,1,"Guerrilla groups"
19796,0,0,1,0,1,0,0,1,0,0,0,0,0,0,"Other armed groups"
19797,0,0,1,0,0,0,0,0,0,0,0,0,0,1,"Guerrilla groups"
19800,0,0,1,0,0,0,0,0,0,0,0,0,0,1,"Guerrilla groups"
19808,1,0,0,1,1,0,0,0,0,0,0,0,0,0,"Guerrilla groups"
19809,0,0,0,0,0,0,1,0,0,0,0,0,0,1,"Guerrilla groups"
19810,0,0,0,0,0,0,1,0,0,0,0,0,0,1,"Guerrilla groups"
19820,0,0,0,0,0,0,0,0,0,0,0,0,1,1,"Guerrilla groups"
19835,0,0,1,0,0,0,0,0,1,0,0,0,0,0,"Paramilitary groups"
19836,0,0,0,0,0,0,0,0,0,0,0,0,1,1,"Paramilitary groups"
19838,0,0,0,0,0,0,0,0,0,0,0,0,1,1,"Other armed groups"
19841,0,0,1,0,1,1,1,0,0,0,0,0,0,1,"Guerrilla groups"
19843,0,0,1,0,0,0,0,1,0,0,0,0,0,1,"Paramilitary groups"
19868,0,0,0,0,0,1,1,0,0,0,0,0,0,1,"Guerrilla groups"
19870,0,0,1,0,0,0,0,0,0,0,1,0,0,1,"Paramilitary groups"
19873,0,0,1,0,0,0,0,0,0,0,0,0,0,1,"Other armed groups"
19882,0,0,0,0,0,0,1,0,0,0,0,0,1,1,"Guerrilla groups"
19883,1,0,0,0,0,0,0,0,0,1,0,0,0,0,"Guerrilla groups"
19884,0,0,0,0,1,0,0,1,0,0,0,0,0,1,"Other armed groups"
19888,0,0,0,0,1,0,0,1,0,0,0,0,0,0,"Other armed groups"
19889,0,0,1,0,0,0,0,0,0,0,0,0,0,1,"Guerrilla groups"
19900,0,0,0,0,1,0,0,1,0,0,0,0,0,0,"Other armed groups"
19919,0,0,0,0,0,0,0,0,0,0,0,0,1,1,"Guerrilla groups"
19925,0,0,0,1,0,0,1,0,0,0,0,0,0,0,"Guerrilla groups"
19937,0,0,0,0,1,0,0,1,0,0,0,0,0,0,"Other armed groups"
19944,0,0,1,0,1,0,0,0,1,0,0,0,0,0,"Guerrilla groups"
19945,0,0,0,1,0,0,1,0,0,0,0,0,0,0,"Guerrilla groups"
19946,0,0,1,0,0,0,0,0,0,0,0,0,0,1,"Guerrilla groups"
19947,0,0,1,0,1,0,0,0,0,0,0,0,0,1,"Guerrilla groups"
19955,0,0,1,0,0,0,0,0,0,0,0,0,0,1,"Guerrilla groups"
19968,0,1,0,0,0,0,0,0,0,0,0,1,0,0,"Other armed groups"
19974,1,0,0,0,0,0,0,1,0,0,0,0,0,0,"Paramilitary groups"
19976,1,1,0,0,0,0,0,0,0,0,0,0,0,1,"Other armed groups"
19977,1,1,0,0,0,0,0,0,0,0,0,0,0,1,"Other armed groups"
19978,1,1,0,0,0,0,0,0,0,0,0,0,0,1,"Other armed groups"
19979,1,1,0,0,0,0,0,0,0,0,0,0,0,1,"Other armed groups"
19980,1,1,0,0,0,0,0,0,0,0,0,0,0,1,"Other armed groups"
19983,0,0,0,0,0,0,0,1,0,1,0,0,0,0,"Other armed groups"
19993,1,0,0,0,0,1,0,1,0,0,0,0,0,0,"Other armed groups"
19994,1,0,0,0,0,1,0,1,0,0,0,0,0,0,"Other armed groups"
20009,0,0,1,0,0,0,0,0,0,0,1,0,0,1,"Other armed groups"
20010,0,0,1,0,0,0,0,0,1,1,0,0,0,0,"Paramilitary groups"
20011,1,0,0,0,0,0,0,0,0,0,1,0,0,0,"Paramilitary groups"
20012,1,0,0,0,0,0,0,0,0,0,1,0,0,0,"Paramilitary groups"
20013,0,1,1,0,0,0,0,0,0,0,0,0,0,1,"Paramilitary groups"
20015,0,0,1,0,0,0,0,0,0,0,1,0,0,0,"Paramilitary groups"
20016,0,0,1,0,0,0,0,0,0,0,1,0,0,0,"Paramilitary groups"
20021,0,0,1,0,0,0,0,0,0,0,0,0,0,1,"Paramilitary groups"
20028,1,0,0,0,1,0,0,0,0,0,0,0,0,0,"Paramilitary groups"
20046,0,0,0,0,0,0,0,0,0,0,0,0,1,1,"Other armed groups"
20047,0,0,0,1,0,0,1,0,0,0,0,0,0,0,"Guerrilla groups"
20048,0,0,0,1,0,0,1,0,0,0,0,0,0,0,"Guerrilla groups"
20049,0,0,0,1,0,0,1,0,0,0,0,0,0,0,"Guerrilla groups"
20054,0,0,1,0,0,1,0,0,0,0,0,0,0,0,"Paramilitary groups"
20058,0,0,0,0,0,0,0,0,0,0,0,0,1,1,"Paramilitary groups"
20059,0,0,0,0,0,0,0,0,0,0,0,0,1,1,"Paramilitary groups"
20060,0,0,1,0,0,0,0,0,0,0,0,0,0,1,"Other armed groups"
20061,0,0,1,0,0,0,0,0,0,0,0,0,0,1,"Other armed groups"
20071,0,1,0,0,0,0,0,1,0,0,0,0,0,0,"Other armed groups"
20076,0,0,0,0,0,0,0,0,0,0,0,1,0,1,"Guerrilla groups"
20077,0,0,1,0,0,0,0,0,0,0,0,0,0,1,"Guerrilla groups"
20099,0,0,0,0,1,0,0,1,0,0,0,0,0,0,"Other armed groups"
20104,1,0,0,0,0,1,0,0,0,0,0,0,1,0,"Other armed groups"
20105,1,0,0,0,0,1,0,0,0,0,0,0,1,0,"Other armed groups"
20106,1,0,0,0,0,1,0,0,0,0,0,0,1,0,"Other armed groups"
20107,1,0,0,0,0,1,0,0,0,0,0,0,1,0,"Other armed groups"
20108,1,0,0,0,0,1,0,0,0,0,0,0,1,0,"Other armed groups"
20113,0,0,1,0,0,0,0,0,0,0,0,0,0,1,"Other armed groups"
20114,0,0,1,0,0,0,0,0,0,0,0,0,0,1,"Other armed groups"
20133,0,0,0,0,1,0,0,0,1,0,0,0,0,0,"Paramilitary groups"
20134,0,0,0,0,1,0,0,0,1,0,0,0,0,0,"Paramilitary groups"
20142,1,0,0,0,0,1,0,0,0,0,0,0,0,0,"Paramilitary groups"
20143,0,0,0,0,0,0,0,0,0,1,0,1,0,0,"Paramilitary groups"
20147,0,0,0,0,0,0,0,0,0,1,0,0,0,1,"Paramilitary groups"
20148,0,0,0,0,0,0,0,0,0,1,0,0,0,1,"Paramilitary groups"
20152,0,0,1,0,0,0,0,0,0,0,0,0,0,1,"Other armed groups"
20153,0,0,1,0,0,0,0,0,0,0,0,0,0,1,"Other armed groups"
20154,0,0,1,0,0,0,0,0,0,0,0,0,0,1,"Other armed groups"
20155,0,0,1,0,0,0,0,0,0,0,0,0,0,1,"Other armed groups"
20156,0,1,0,0,0,0,1,0,0,0,0,0,0,0,"Other armed groups"
20163,0,0,1,0,0,0,0,0,0,0,0,0,0,1,"Paramilitary groups"
20165,0,0,1,0,0,0,0,0,0,0,0,0,0,1,"Paramilitary groups"
20166,0,0,1,0,0,0,0,0,0,0,0,0,0,1,"Paramilitary groups"
20167,0,0,1,0,0,0,0,0,0,0,0,0,0,1,"Paramilitary groups"
20168,0,0,1,0,0,0,0,0,0,0,0,0,0,1,"Paramilitary groups"
20169,0,0,1,0,0,0,0,0,0,0,0,0,0,1,"Paramilitary groups"
20173,0,0,1,0,0,0,0,0,0,0,0,0,0,1,"Other armed groups"
20174,0,0,1,0,0,0,0,0,0,0,0,0,0,1,"Guerrilla groups"
20187,1,0,0,1,0,0,0,0,0,0,0,0,0,0,"Paramilitary groups"
20188,0,0,1,0,0,0,0,0,0,0,0,0,0,1,"Paramilitary groups"
20189,0,0,1,0,0,0,0,0,0,0,0,0,0,1,"Other armed groups"
20190,0,0,1,0,0,0,0,0,0,0,0,0,0,1,"Other armed groups"
20191,0,0,1,0,0,0,0,0,0,0,0,0,0,1,"Other armed groups"
20192,0,0,0,0,1,1,0,0,1,0,0,0,0,0,"Guerrilla groups"
20193,0,0,1,0,0,0,0,0,0,0,0,0,0,1,"Guerrilla groups"
20194,0,0,1,0,0,0,0,0,0,0,0,0,0,1,"Guerrilla groups"
20195,0,0,1,0,0,0,0,0,0,0,0,0,0,1,"Guerrilla groups"
20200,0,0,1,0,0,0,0,0,0,0,0,0,0,1,"Other armed groups"
20201,0,0,1,0,0,0,0,0,0,0,0,0,0,1,"Other armed groups"
20202,0,0,1,0,0,0,0,0,0,0,0,0,0,1,"Other armed groups"
20222,0,0,0,0,0,0,0,0,0,0,1,0,0,1,"Paramilitary groups"
20223,0,0,0,0,0,0,0,0,0,0,1,0,0,1,"Paramilitary groups"
20224,0,0,0,0,0,0,0,0,0,0,1,0,0,1,"Paramilitary groups"
20225,0,0,0,0,0,0,0,0,0,0,1,0,0,1,"Paramilitary groups"
20229,0,0,1,0,0,0,0,0,0,0,0,0,0,1,"Guerrilla groups"
20239,0,0,0,0,1,0,0,1,0,0,0,0,0,0,"Other armed groups"
20242,0,0,1,0,1,0,0,0,0,0,0,0,0,0,"Paramilitary groups"
20243,0,0,1,1,1,0,0,0,0,0,0,0,0,0,"Paramilitary groups"
20251,0,0,0,1,1,0,0,0,0,0,0,0,0,0,"Other armed groups"
20256,1,0,0,0,1,0,0,0,0,0,0,0,0,0,"Guerrilla groups"
20268,0,0,1,0,1,0,0,0,0,0,0,0,0,0,"Paramilitary groups"
20269,0,0,0,0,0,0,0,0,0,0,0,0,1,1,"Paramilitary groups"
20285,0,0,1,0,0,1,0,0,0,0,0,0,0,0,"Other armed groups"
20286,0,0,0,0,0,0,1,0,0,0,0,0,0,1,"Guerrilla groups"
20287,0,0,0,0,0,0,1,0,0,0,0,0,0,1,"Guerrilla groups"
20290,0,0,0,1,0,0,0,0,1,0,0,0,0,0,"Guerrilla groups"
20322,0,0,0,0,1,1,0,0,0,0,0,0,1,1,"Paramilitary groups"
20323,0,0,1,0,0,0,0,0,0,0,0,0,0,1,"Guerrilla groups"
20326,0,0,0,0,1,0,0,1,0,0,0,0,0,0,"Other armed groups"
20334,0,0,0,0,0,0,1,0,0,0,0,0,0,1,"Guerrilla groups"
20335,0,0,0,0,0,0,1,0,0,0,0,0,0,1,"Guerrilla groups"
20336,0,0,0,0,0,0,1,0,0,0,0,0,0,1,"Guerrilla groups"
20337,0,0,0,0,0,1,0,0,0,0,0,0,0,1,"Paramilitary groups"
20338,0,0,1,0,0,0,0,0,1,0,0,0,0,1,"Paramilitary groups"
20341,0,0,1,0,0,0,0,0,0,0,0,0,0,1,"Other armed groups"
20342,0,0,1,0,0,0,0,0,0,0,1,0,0,0,"Guerrilla groups"
20345,0,0,1,0,1,1,0,0,0,0,0,0,0,0,"Other armed groups"
20346,0,0,1,0,1,1,0,0,0,0,0,0,0,0,"Other armed groups"
20357,0,1,0,0,0,0,0,0,1,0,0,0,0,0,"Paramilitary groups"
20359,0,0,1,0,0,0,0,0,0,0,0,0,0,1,"Guerrilla groups"
20378,0,0,1,0,0,0,0,0,0,0,0,0,0,1,"Other armed groups"
20395,0,0,0,1,0,0,1,0,0,0,0,0,0,0,"Guerrilla groups"
20399,0,0,1,0,0,0,0,0,0,0,0,0,0,1,"Paramilitary groups"
20407,0,0,1,0,0,0,0,0,0,0,0,0,0,1,"Paramilitary groups"
20408,0,0,1,0,0,0,0,0,0,0,0,0,0,1,"Paramilitary groups"
20416,0,0,1,0,0,0,0,0,0,0,0,0,0,1,"Paramilitary groups"
20417,0,0,1,0,0,0,0,0,0,0,0,0,0,1,"Paramilitary groups"
20418,0,0,1,0,0,0,0,0,0,0,0,0,0,1,"Paramilitary groups"
20419,1,0,0,0,1,0,0,0,0,0,0,0,0,0,"Paramilitary groups"
20420,1,0,0,0,1,0,0,0,0,0,0,0,0,0,"Paramilitary groups"
20421,1,0,0,0,1,0,0,0,0,0,0,0,0,0,"Paramilitary groups"
20422,1,0,0,0,1,0,0,0,0,0,0,0,0,0,"Paramilitary groups"
20423,1,0,0,0,1,0,0,0,0,0,0,0,0,0,"Paramilitary groups"
20426,0,0,0,0,0,1,0,0,0,1,0,0,0,0,"Guerrilla groups"
20435,0,0,0,0,0,1,0,0,0,1,0,0,0,0,"Guerrilla groups"
20440,0,0,0,0,0,0,0,0,1,0,1,0,0,0,"Guerrilla groups"
20443,0,0,1,0,0,0,0,0,0,0,0,0,0,1,"Paramilitary groups"
20444,0,0,0,0,1,1,0,0,0,0,0,0,0,0,"Other armed groups"
20445,0,0,0,0,1,1,0,0,0,0,0,0,0,0,"Other armed groups"
20446,0,0,1,0,0,0,0,0,0,0,1,0,0,0,"Guerrilla groups"
20466,0,0,0,0,1,0,0,0,1,0,0,0,0,0,"Guerrilla groups"
20467,0,0,0,0,1,1,0,0,1,0,0,0,0,0,"Paramilitary groups"
20473,0,0,1,0,0,1,0,0,0,0,0,0,0,0,"Paramilitary groups"
20478,0,0,1,0,0,0,0,0,0,0,0,0,0,1,"Paramilitary groups"
20487,0,0,1,0,0,0,0,0,0,0,0,0,0,1,"Other armed groups"
20490,0,0,1,0,0,0,0,0,0,0,0,0,0,1,"Other armed groups"
20503,0,0,0,0,1,0,1,0,0,0,0,0,0,0,"Guerrilla groups"
20507,0,0,0,0,1,1,0,0,0,0,0,0,0,0,"Paramilitary groups"
20512,0,0,1,0,0,0,0,0,0,0,0,0,0,1,"Guerrilla groups"
20514,0,0,1,0,0,0,0,0,0,0,0,0,0,1,"Guerrilla groups"
20518,0,0,1,0,0,0,0,0,0,0,0,0,1,1,"Guerrilla groups"
20519,0,0,1,0,0,0,0,0,0,0,0,0,1,1,"Guerrilla groups"
20521,0,0,0,0,1,0,0,1,0,0,0,0,0,0,"Other armed groups"
20523,0,0,0,0,0,0,0,0,0,0,0,0,1,1,"Other armed groups"
20524,0,0,1,0,1,0,0,0,0,0,0,0,0,0,"Other armed groups"
20525,0,0,0,0,1,0,0,0,0,0,0,0,0,1,"Other armed groups"
20532,0,0,0,0,1,1,0,0,0,0,0,0,0,0,"Other armed groups"
20535,1,0,0,0,0,0,0,1,0,0,0,0,0,0,"Other armed groups"
20536,1,0,0,0,0,0,0,1,0,0,0,0,0,0,"Other armed groups"
20547,1,0,0,0,0,1,0,0,0,0,0,0,0,0,"Other armed groups"
20551,0,0,1,0,0,0,0,0,0,0,0,0,0,1,"Guerrilla groups"
20552,0,0,1,0,1,0,0,0,0,0,0,0,0,0,"Guerrilla groups"
20560,0,0,1,0,0,0,0,0,0,0,1,0,0,1,"Guerrilla groups"
20565,0,0,1,0,0,0,0,0,0,0,0,0,0,1,"Paramilitary groups"
20580,0,0,1,0,1,0,0,0,0,0,0,0,0,1,"Other armed groups"
20581,0,0,0,0,1,0,0,1,0,0,0,0,0,0,"Guerrilla groups"
20582,0,0,0,0,1,0,0,1,0,0,0,0,0,0,"Guerrilla groups"
20583,0,0,0,0,1,0,0,1,0,0,0,0,0,0,"Guerrilla groups"
20586,0,0,1,0,0,0,0,0,0,0,0,0,0,1,"Guerrilla groups"
20591,1,0,0,0,0,0,1,0,0,0,0,0,0,0,"Paramilitary groups"
20597,0,0,1,0,1,0,0,1,0,0,0,0,0,0,"Guerrilla groups"
20599,0,0,0,0,0,0,0,0,0,0,0,0,1,1,"Other armed groups"
20600,0,0,0,0,0,0,0,0,0,0,0,0,1,1,"Other armed groups"
20601,0,0,0,0,0,0,0,0,0,0,0,0,1,1,"Other armed groups"
20602,0,0,0,0,0,0,0,0,0,0,0,0,1,1,"Other armed groups"
20607,1,0,0,0,1,0,0,0,0,0,0,0,0,0,"Paramilitary groups"
20610,0,0,0,0,1,0,0,0,1,0,0,0,0,0,"Paramilitary groups"
20612,0,0,0,0,0,0,0,0,0,0,0,1,0,1,"Guerrilla groups"
20613,0,0,0,0,0,0,0,0,0,0,0,1,0,1,"Guerrilla groups"
20615,0,0,0,1,1,0,0,0,1,0,0,0,0,0,"Guerrilla groups"
20621,0,0,1,0,0,1,0,0,0,0,0,0,0,1,"Paramilitary groups"
20622,1,0,0,0,0,1,0,0,0,0,0,0,0,0,"Paramilitary groups"
20624,0,0,1,0,0,0,0,0,0,0,0,0,0,1,"Paramilitary groups"
20625,0,0,1,0,0,0,0,0,0,0,0,0,0,1,"Paramilitary groups"
20626,0,0,1,0,0,0,0,0,0,0,0,0,0,1,"Paramilitary groups"
20627,0,0,1,0,0,0,0,0,0,0,0,0,0,1,"Paramilitary groups"
20634,0,0,1,0,0,0,0,0,0,0,1,0,0,1,"Other armed groups"
20635,0,0,1,0,0,0,0,0,0,0,1,0,0,1,"Other armed groups"
20639,0,0,0,0,0,0,0,0,0,0,0,1,0,1,"Other armed groups"
20640,0,0,0,0,0,0,0,0,0,0,0,1,0,1,"Other armed groups"
20641,0,0,0,0,0,0,0,0,0,0,0,1,0,1,"Other armed groups"
20642,0,0,0,1,0,0,1,0,0,0,0,0,0,0,"Guerrilla groups"
20643,0,0,0,0,1,0,0,0,0,1,0,0,0,0,"Guerrilla groups"
20644,0,0,0,0,0,0,0,0,0,1,0,0,1,0,"Paramilitary groups"
20650,0,0,1,0,0,0,0,0,0,0,0,0,0,1,"Guerrilla groups"
20651,0,0,1,0,0,0,0,0,0,0,0,0,0,1,"Guerrilla groups"
20657,0,0,1,0,1,0,0,0,0,0,0,0,0,0,"Other armed groups"
20658,0,0,1,0,1,0,0,0,0,0,0,0,0,0,"Other armed groups"
20659,0,0,1,0,1,0,0,0,0,0,0,0,0,0,"Other armed groups"
20660,0,0,1,0,1,0,0,0,0,0,0,0,0,0,"Other armed groups"
20661,0,0,1,0,1,0,0,0,0,0,0,0,0,0,"Other armed groups"
20664,0,0,0,0,0,0,0,0,0,1,1,0,0,0,"Paramilitary groups"
20665,0,0,1,0,0,0,0,0,0,0,0,0,1,1,"Guerrilla groups"
20699,0,0,1,0,1,0,0,0,0,0,0,0,0,0,"Guerrilla groups"
20702,0,0,0,1,0,0,0,0,1,0,0,0,0,0,"Guerrilla groups"
20703,0,0,0,1,0,0,0,0,1,0,0,0,0,0,"Guerrilla groups"
20704,0,0,0,1,0,0,0,0,1,0,0,0,0,0,"Guerrilla groups"
20705,0,0,0,1,0,0,0,0,1,0,0,0,0,0,"Guerrilla groups"
20706,0,0,0,1,0,0,0,0,1,0,0,0,0,0,"Guerrilla groups"
20707,0,0,0,1,0,0,0,0,1,0,0,0,0,0,"Guerrilla groups"
20723,0,0,0,0,0,0,0,0,0,0,0,0,1,1,"Guerrilla groups"
20724,0,0,0,0,0,0,0,0,0,0,0,0,1,1,"Guerrilla groups"
20725,0,0,0,0,0,0,0,0,0,0,0,0,1,1,"Guerrilla groups"
20726,0,0,0,0,0,0,0,0,0,0,0,0,1,1,"Guerrilla groups"
20727,0,0,0,0,0,0,0,0,0,0,0,0,1,1,"Guerrilla groups"
20728,0,0,0,0,0,0,0,0,0,0,0,0,1,1,"Guerrilla groups"
20729,0,0,0,0,0,0,0,0,0,0,0,0,1,1,"Guerrilla groups"
20730,0,0,0,0,0,0,0,0,0,0,0,0,1,1,"Guerrilla groups"
20731,0,0,0,0,0,0,0,0,0,0,0,0,1,1,"Guerrilla groups"
20735,0,0,1,0,0,0,0,0,0,0,0,0,0,1,"Guerrilla groups"
20736,0,0,1,0,0,0,0,1,0,0,0,0,0,0,"Guerrilla groups"
20737,0,0,1,0,0,0,0,0,0,0,0,0,0,1,"Guerrilla groups"
20738,0,0,1,0,0,0,0,0,0,0,0,0,0,1,"Guerrilla groups"
20739,0,0,1,0,0,0,0,0,0,0,0,1,0,0,"Guerrilla groups"
20740,0,0,1,0,0,0,0,0,0,0,0,1,0,0,"Guerrilla groups"
20742,0,0,0,0,1,0,0,1,0,0,0,0,0,0,"Other armed groups"
20755,1,1,0,0,0,0,0,0,0,0,0,0,0,0,"Guerrilla groups"
20756,1,1,0,0,0,0,0,0,0,0,0,0,0,0,"Guerrilla groups"
20767,0,0,1,0,0,1,0,0,0,0,0,0,0,0,"Guerrilla groups"
20768,0,0,1,0,0,0,0,0,0,0,0,0,0,1,"Guerrilla groups"
20787,0,0,1,0,0,0,0,0,0,0,0,0,0,1,"Other armed groups"
20788,0,0,0,1,0,0,1,0,0,0,0,0,0,0,"Guerrilla groups"
20791,0,0,1,0,0,0,0,0,0,0,0,0,0,1,"Other armed groups"
20807,0,0,1,0,0,0,0,0,0,0,0,0,0,1,"Guerrilla groups"
20809,0,0,1,0,1,0,0,0,0,0,0,0,0,0,"Paramilitary groups"
20815,0,0,1,0,0,0,0,0,0,0,0,0,0,1,"Guerrilla groups"
20832,0,0,0,1,0,0,1,0,0,0,0,0,0,0,"Guerrilla groups"
20833,0,0,0,1,0,0,1,0,0,0,0,0,0,0,"Guerrilla groups"
20834,0,0,0,0,0,0,1,0,0,0,0,0,0,1,"Guerrilla groups"
20847,0,0,1,0,0,0,0,0,0,0,0,0,0,1,"Guerrilla groups"
20862,0,1,0,0,0,0,0,0,0,0,0,0,1,1,"Guerrilla groups"
20868,0,0,1,0,0,0,0,0,0,0,1,0,0,0,"Other armed groups"
20872,0,1,1,0,0,1,0,0,0,0,0,0,0,1,"Other armed groups"
20877,0,0,0,0,1,0,0,0,1,0,0,0,0,0,"Paramilitary groups"
20878,0,0,0,1,1,0,0,0,0,0,0,0,0,0,"Other armed groups"
20886,1,0,0,1,0,0,0,0,0,0,0,0,0,0,"Paramilitary groups"
20887,0,0,1,0,0,0,0,0,0,0,0,0,0,1,"Other armed groups"
20889,0,0,1,0,0,0,0,0,0,0,0,0,0,1,"Paramilitary groups"
20890,0,1,0,0,0,0,0,0,0,0,0,0,0,1,"Other armed groups"
20891,0,1,0,0,0,0,0,0,0,0,0,0,0,1,"Other armed groups"
20892,0,0,0,0,0,0,0,0,0,1,0,0,0,1,"Paramilitary groups"
20893,0,0,1,0,1,0,0,0,0,0,0,0,0,0,"Paramilitary groups"
20916,0,0,1,0,0,0,0,0,0,0,1,0,0,1,"Paramilitary groups"
20917,0,0,1,0,0,0,0,0,0,0,1,0,0,1,"Paramilitary groups"
20918,0,0,1,0,0,0,0,0,1,0,0,0,0,0,"Paramilitary groups"
20919,0,0,1,0,0,0,0,0,1,0,0,0,0,0,"Paramilitary groups"
20925,1,0,0,0,0,0,0,0,0,1,0,0,0,0,"Guerrilla groups"
20927,0,0,0,0,0,0,0,0,0,0,0,0,1,1,"Guerrilla groups"
20931,1,0,0,0,1,0,0,0,0,0,0,0,0,0,"Paramilitary groups"
20933,0,0,0,0,1,0,0,0,1,0,0,0,0,0,"Guerrilla groups"
20934,0,0,0,0,0,0,0,0,0,0,0,0,1,1,"Guerrilla groups"
20937,0,0,1,0,0,0,0,0,0,0,0,0,0,1,"Guerrilla groups"
20938,0,0,1,0,0,0,0,0,0,0,0,0,0,1,"Guerrilla groups"
20939,0,0,1,0,0,0,0,0,0,0,0,0,0,1,"Guerrilla groups"
20940,0,0,1,0,0,0,0,0,0,0,0,0,0,1,"Guerrilla groups"
20941,0,0,1,0,0,0,0,0,0,0,0,0,0,1,"Guerrilla groups"
20943,0,0,0,0,0,0,0,0,0,0,0,0,1,1,"Guerrilla groups"
20944,0,0,1,0,0,0,0,0,0,0,0,0,0,1,"Paramilitary groups"
20946,0,0,0,0,0,1,0,0,1,0,0,0,0,0,"Guerrilla groups"
20956,0,0,1,0,0,0,0,0,0,0,0,0,0,1,"Other armed groups"
20957,0,0,0,0,0,0,0,0,0,0,0,0,1,1,"Other armed groups"
20958,0,0,1,0,0,0,0,0,0,0,1,0,0,0,"Paramilitary groups"
20959,0,0,0,0,1,0,0,0,0,0,0,0,0,1,"Other armed groups"
20961,0,0,0,0,1,0,0,1,0,0,0,0,0,0,"Other armed groups"
20963,1,0,0,0,1,0,0,0,0,0,0,0,0,1,"Guerrilla groups"
20964,1,0,0,0,1,0,0,0,0,0,0,0,0,1,"Guerrilla groups"
20969,0,0,1,0,0,0,0,0,0,0,0,0,0,1,"Other armed groups"
20971,0,0,1,0,0,0,0,0,0,0,0,0,0,1,"Other armed groups"
20976,0,0,1,0,0,0,0,0,0,0,0,0,0,1,"Guerrilla groups"
20979,0,0,0,0,0,1,1,0,0,0,0,0,0,0,"Guerrilla groups"
20980,0,0,0,0,1,1,0,0,1,0,0,0,0,0,"Other armed groups"
20982,0,1,1,0,0,0,0,0,0,0,0,0,0,0,"Paramilitary groups"
20983,0,0,1,0,0,0,0,0,0,0,0,0,0,1,"Paramilitary groups"
20984,0,0,0,1,0,0,0,0,1,0,0,0,0,0,"Other armed groups"
20986,0,0,1,0,1,0,1,0,0,0,0,0,0,0,"Guerrilla groups"
20987,0,0,1,0,1,0,1,0,0,0,0,0,0,0,"Guerrilla groups"
20988,1,0,0,0,1,0,0,0,0,0,0,0,0,0,"Guerrilla groups"
20990,0,0,1,0,0,0,0,0,0,0,1,0,0,0,"Guerrilla groups"
20991,0,0,1,0,0,0,0,0,0,0,1,0,0,0,"Guerrilla groups"
20992,0,0,1,0,0,0,0,0,0,0,1,0,0,0,"Guerrilla groups"
20998,0,0,1,0,0,0,1,0,0,0,0,0,0,1,"Guerrilla groups"
20999,0,0,1,0,0,0,1,0,0,0,0,0,0,1,"Guerrilla groups"
21009,0,0,1,0,0,0,0,0,0,0,0,0,0,1,"Guerrilla groups"
21010,0,0,1,0,0,0,0,0,0,0,0,0,0,1,"Guerrilla groups"
21019,1,0,1,0,0,0,0,0,0,0,0,0,0,0,"Guerrilla groups"
21020,1,0,1,0,0,0,0,0,0,0,0,0,0,0,"Other armed groups"
21023,0,1,0,0,0,0,0,0,0,0,0,1,0,0,"Guerrilla groups"
21024,0,1,0,0,0,0,0,0,0,0,0,1,0,0,"Guerrilla groups"
21025,0,1,0,0,0,0,0,0,0,0,0,1,0,0,"Guerrilla groups"
21026,0,0,1,0,0,0,0,0,0,0,0,0,1,1,"Paramilitary groups"
21027,0,0,0,0,0,1,0,0,0,0,0,0,0,1,"Guerrilla groups"
21028,0,0,1,0,0,0,0,1,0,0,0,0,0,0,"Other armed groups"
21029,0,1,0,0,0,0,0,0,0,0,0,0,0,1,"Paramilitary groups"
21035,0,0,1,0,0,0,0,0,0,0,1,0,0,0,"Other armed groups"
21040,0,0,1,0,0,0,0,0,1,0,0,0,0,1,"Other armed groups"
21041,0,0,1,0,0,0,0,0,1,0,0,0,0,0,"Other armed groups"
21042,1,0,1,0,1,0,0,0,1,0,1,0,0,0,"Other armed groups"
21044,1,0,1,0,0,0,0,0,0,0,0,0,0,0,"Paramilitary groups"
21045,0,0,1,0,1,0,0,1,0,0,0,0,1,0,"Paramilitary groups"
21053,0,0,1,0,0,0,0,0,0,0,0,0,0,1,"Guerrilla groups"
21055,0,0,0,1,1,0,0,0,0,0,0,0,0,0,"Paramilitary groups"
21060,1,1,0,0,0,0,0,0,0,0,0,0,0,0,"Paramilitary groups"
21063,0,0,1,0,0,1,0,0,0,0,0,0,0,0,"Paramilitary groups"
21075,0,0,1,0,0,0,0,0,0,0,0,0,0,1,"Paramilitary groups"
21076,0,0,1,0,0,0,0,0,0,0,0,0,0,1,"Paramilitary groups"
21077,0,0,1,0,0,0,0,0,0,0,0,0,0,1,"Paramilitary groups"
21078,0,0,1,0,0,0,0,0,0,0,0,0,0,1,"Paramilitary groups"
21086,0,0,1,0,0,0,0,0,0,0,0,0,0,1,"Paramilitary groups"
21088,0,0,1,0,0,0,0,0,0,0,0,0,0,1,"Paramilitary groups"
21089,1,1,1,0,0,0,0,0,0,0,0,0,0,1,"Paramilitary groups"
21093,0,0,1,0,1,0,0,0,0,0,0,0,0,0,"Other armed groups"
21098,0,0,1,0,0,0,0,0,0,0,0,0,0,1,"Other armed groups"
21100,0,0,1,0,0,0,0,0,0,0,0,0,0,1,"Guerrilla groups"
21101,0,0,1,0,0,0,0,0,0,0,0,0,0,1,"Paramilitary groups"
21105,0,1,1,0,0,0,0,0,0,0,0,0,0,1,"Paramilitary groups"
21106,0,0,1,0,0,0,0,0,0,0,0,0,0,1,"Paramilitary groups"
21108,0,0,1,0,0,0,0,0,0,0,0,0,0,1,"Guerrilla groups"
21116,0,0,1,0,0,0,0,0,0,0,0,0,0,1,"Paramilitary groups"
21118,0,0,1,0,0,0,0,0,0,0,0,0,0,1,"Paramilitary groups"
21120,0,0,1,0,0,0,0,0,0,1,0,0,0,0,"Other armed groups"
21123,1,0,0,1,1,0,0,0,1,0,0,0,0,0,"Paramilitary groups"
21128,0,0,1,0,0,0,0,0,0,0,0,0,0,1,"Paramilitary groups"
21129,0,0,0,1,0,0,0,0,1,0,0,0,0,0,"Paramilitary groups"
21130,0,0,0,1,0,0,0,0,1,0,0,0,0,0,"Paramilitary groups"
21133,1,0,0,1,0,0,0,0,0,0,0,0,0,0,"Paramilitary groups"
21134,1,0,0,1,0,0,0,0,0,0,0,0,0,0,"Paramilitary groups"
21135,1,0,0,1,0,0,0,0,0,0,0,0,0,0,"Paramilitary groups"
21136,1,1,0,0,0,0,0,0,0,0,0,0,0,0,"Guerrilla groups"
21137,1,1,0,0,0,0,0,0,0,0,0,0,0,0,"Guerrilla groups"
21140,0,0,0,0,0,1,0,0,0,0,0,0,0,1,"Paramilitary groups"
21146,1,0,0,0,0,0,0,0,0,0,0,1,0,0,"Guerrilla groups"
21153,0,0,0,0,0,0,0,0,0,0,0,0,1,1,"Paramilitary groups"
21154,0,0,0,0,0,0,0,0,0,0,0,0,1,1,"Paramilitary groups"
21157,0,0,1,0,0,0,0,0,0,0,1,0,0,1,"Paramilitary groups"
21158,0,0,1,0,0,0,0,0,0,0,1,0,0,1,"Paramilitary groups"
21161,0,0,1,0,0,0,0,0,0,0,0,0,0,1,"Paramilitary groups"
21162,0,0,1,0,0,0,0,0,0,0,0,0,0,1,"Paramilitary groups"
21167,0,0,1,0,0,0,0,0,0,0,0,0,0,1,"Paramilitary groups"
21169,0,0,1,0,0,0,0,0,0,1,1,0,1,1,"Guerrilla groups"
21171,1,0,0,1,0,0,0,0,0,0,0,0,0,0,"Other armed groups"
21184,0,0,1,0,1,0,0,0,0,0,0,0,0,0,"Other armed groups"
21195,0,0,0,0,1,0,0,0,1,0,0,0,0,0,"Guerrilla groups"
21199,0,0,1,0,0,0,0,0,0,0,0,0,1,1,"Guerrilla groups"
21200,0,0,0,0,0,0,0,0,0,0,0,0,1,1,"Guerrilla groups"
21201,0,0,0,0,0,0,0,0,0,0,0,0,1,1,"Guerrilla groups"
21202,0,0,0,0,0,0,0,0,0,0,0,0,1,1,"Guerrilla groups"
21203,0,0,0,0,0,0,0,0,0,0,0,0,1,1,"Guerrilla groups"
21204,0,1,1,0,0,0,0,0,0,0,0,0,0,1,"Guerrilla groups"
21205,1,0,1,0,0,0,0,0,0,0,0,0,0,0,"Paramilitary groups"
21206,1,0,1,0,0,0,0,0,0,0,0,0,0,0,"Paramilitary groups"
21215,0,0,0,1,1,0,0,0,0,0,0,0,0,0,"Paramilitary groups"
21216,1,0,1,0,0,0,0,0,0,0,0,0,0,0,"Paramilitary groups"
21219,0,0,0,0,0,0,0,0,0,1,0,0,1,1,"Guerrilla groups"
21222,1,0,1,0,0,0,0,0,1,0,0,0,0,1,"Paramilitary groups"
21223,0,0,1,0,0,0,0,0,0,0,1,0,0,0,"Paramilitary groups"
21225,1,0,0,1,0,0,0,0,0,0,0,0,0,0,"Guerrilla groups"
21226,0,0,0,0,0,0,0,0,0,0,0,0,1,1,"Guerrilla groups"
21231,0,0,0,0,0,0,0,0,0,0,0,0,1,1,"Guerrilla groups"
21232,0,0,1,0,1,0,0,0,0,1,0,0,1,1,"Guerrilla groups"
21243,0,0,1,0,0,0,0,0,1,0,1,0,0,0,"Guerrilla groups"
21246,0,0,0,0,0,0,0,0,0,0,0,0,1,1,"Guerrilla groups"
21247,0,0,0,0,0,0,0,0,0,0,0,0,1,1,"Guerrilla groups"
21248,0,0,0,0,0,0,0,0,0,0,0,0,1,1,"Guerrilla groups"
21249,0,0,0,0,0,0,0,0,0,0,0,0,1,1,"Guerrilla groups"
21250,0,0,0,0,0,0,0,0,0,0,0,0,1,1,"Guerrilla groups"
21251,0,0,0,0,0,0,0,0,0,0,0,0,1,1,"Guerrilla groups"
21252,0,1,1,0,0,0,0,0,0,0,0,0,0,0,"Paramilitary groups"
21277,0,0,1,0,0,0,0,0,0,0,0,0,0,1,"Other armed groups"
21278,0,0,1,0,0,0,0,0,0,0,0,0,0,1,"Other armed groups"
21279,0,0,1,0,0,0,0,0,0,0,0,0,0,1,"Other armed groups"
21280,0,0,1,0,0,0,0,0,0,0,0,0,0,1,"Other armed groups"
21281,0,0,1,0,0,0,0,0,0,0,0,0,0,1,"Other armed groups"
21282,0,0,1,0,0,0,0,0,0,0,0,0,0,1,"Other armed groups"
21283,0,0,1,0,0,0,0,0,0,0,0,0,0,1,"Paramilitary groups"
21284,0,0,1,0,0,0,0,0,0,0,0,0,0,1,"Paramilitary groups"
21285,0,0,1,0,0,0,0,0,0,0,0,0,0,1,"Paramilitary groups"
21286,0,0,1,0,0,0,0,0,0,0,0,0,0,1,"Paramilitary groups"
21287,0,0,1,0,0,0,0,0,0,0,0,0,0,1,"Paramilitary groups"
21288,0,0,1,0,0,0,0,0,0,0,0,0,0,1,"Paramilitary groups"
21289,0,0,1,0,0,0,0,0,0,0,1,0,0,0,"Other armed groups"
21297,0,1,1,0,0,0,0,0,0,0,0,0,0,1,"Paramilitary groups"
21298,0,1,1,0,0,0,0,0,0,0,0,0,0,1,"Paramilitary groups"
21299,0,1,1,0,0,0,0,0,0,0,0,0,0,1,"Paramilitary groups"
21300,0,1,1,0,0,0,0,0,0,0,0,0,0,1,"Paramilitary groups"
21301,0,1,1,0,0,0,0,0,0,0,0,0,0,1,"Paramilitary groups"
21302,0,1,1,0,0,0,0,0,0,0,0,0,0,1,"Paramilitary groups"
21320,0,0,1,0,0,1,0,0,0,0,0,0,0,0,"Paramilitary groups"
21321,0,0,0,0,1,1,0,0,1,0,0,0,0,0,"Paramilitary groups"
21329,0,0,1,0,0,0,0,0,0,0,0,0,0,1,"Paramilitary groups"
21330,0,0,1,0,0,0,0,0,0,0,0,0,0,1,"Other armed groups"
21331,0,0,1,0,0,0,0,0,0,0,0,0,0,1,"Other armed groups"
21343,0,0,0,0,0,0,0,0,0,0,0,0,1,1,"Guerrilla groups"
21344,0,0,1,0,0,0,0,0,0,0,0,0,0,1,"Other armed groups"
21345,0,0,1,0,0,0,0,0,0,0,0,0,0,1,"Other armed groups"
21346,0,0,1,0,0,0,0,0,0,0,0,0,0,1,"Other armed groups"
21347,0,0,1,0,0,0,0,0,0,0,0,0,0,1,"Other armed groups"
21348,0,0,1,0,0,0,0,0,0,0,0,0,0,1,"Other armed groups"
21349,0,0,1,0,0,0,0,0,0,0,0,0,0,1,"Other armed groups"
21351,0,0,0,0,0,0,0,0,0,1,0,1,1,1,"Guerrilla groups"
21358,0,1,1,0,0,0,0,0,0,0,0,0,0,1,"Paramilitary groups"
21359,0,1,1,0,0,0,0,0,0,0,0,0,0,1,"Paramilitary groups"
21362,0,0,1,0,1,0,0,0,0,0,0,0,1,1,"Paramilitary groups"
21363,0,0,1,0,1,0,0,0,0,0,0,0,1,1,"Paramilitary groups"
21364,0,0,1,0,1,0,0,0,0,0,0,0,1,1,"Paramilitary groups"
21365,0,0,1,0,0,0,0,0,0,1,0,0,1,1,"Paramilitary groups"
21366,0,0,1,0,0,0,0,0,0,1,0,0,1,1,"Paramilitary groups"
21367,0,0,1,0,0,0,0,0,0,1,0,0,1,1,"Paramilitary groups"
21373,0,0,1,0,0,0,0,0,0,0,0,0,1,1,"Guerrilla groups"
21374,0,0,0,0,0,0,0,0,0,1,0,0,1,0,"Guerrilla groups"
21375,0,0,1,0,0,0,0,0,0,0,1,1,0,0,"Guerrilla groups"
21377,0,0,1,0,1,1,0,0,0,0,0,0,0,0,"Paramilitary groups"
21378,0,0,1,0,0,0,0,0,0,0,0,0,0,1,"Paramilitary groups"
21380,0,0,1,0,0,0,0,0,0,0,0,0,0,1,"Paramilitary groups"
21383,0,0,1,0,0,0,0,0,0,0,0,0,0,1,"Paramilitary groups"
21384,0,0,1,0,0,0,0,0,0,0,0,0,0,1,"Paramilitary groups"
21386,0,0,1,0,0,0,0,0,0,0,0,0,0,1,"Other armed groups"
21403,0,1,0,0,0,0,0,0,0,0,0,0,0,1,"Other armed groups"
21406,0,0,1,0,0,0,0,0,0,0,0,0,0,1,"Guerrilla groups"
21407,0,1,1,0,0,0,0,0,0,0,0,0,0,1,"Guerrilla groups"
21438,0,0,1,0,0,0,0,0,0,1,0,0,0,0,"Paramilitary groups"
21448,0,0,1,0,1,0,0,0,0,0,0,0,0,0,"Paramilitary groups"
21449,0,0,1,0,0,0,0,0,0,0,0,0,0,1,"Paramilitary groups"
21463,0,0,0,0,0,0,0,0,0,0,0,0,1,1,"Paramilitary groups"
21465,0,0,0,0,0,0,0,0,0,0,0,1,1,1,"Paramilitary groups"
21466,0,0,0,0,0,0,0,0,0,0,0,1,1,1,"Paramilitary groups"
21467,0,0,0,0,0,0,0,0,0,0,0,1,1,1,"Paramilitary groups"
21468,0,0,0,0,0,0,0,0,0,0,0,1,1,1,"Paramilitary groups"
21469,0,0,0,0,0,0,0,0,0,0,0,1,1,1,"Paramilitary groups"
21470,0,0,0,0,0,0,0,0,0,0,0,1,1,1,"Paramilitary groups"
21471,0,0,1,0,0,0,0,0,0,0,0,0,1,1,"Paramilitary groups"
21472,0,0,1,0,0,0,0,0,0,0,0,0,1,1,"Paramilitary groups"
21473,0,0,1,0,0,0,0,0,0,0,0,0,1,1,"Paramilitary groups"
21474,1,0,0,0,1,0,0,0,0,0,0,0,0,0,"Paramilitary groups"
21475,0,0,1,0,1,0,0,0,1,0,0,0,0,0,"Paramilitary groups"
21476,0,0,1,0,1,0,0,0,0,0,0,0,0,1,"Paramilitary groups"
21477,0,0,1,0,1,0,0,0,0,0,0,0,0,1,"Paramilitary groups"
21478,0,0,1,0,1,0,0,0,0,0,0,0,0,1,"Paramilitary groups"
21479,0,0,1,0,1,0,0,0,0,0,0,0,0,1,"Paramilitary groups"
21480,0,0,0,0,0,0,0,1,0,0,0,1,1,0,"Paramilitary groups"
21481,0,0,0,0,0,0,0,1,0,0,0,1,1,0,"Paramilitary groups"
21482,0,0,0,0,0,0,0,1,0,0,0,1,1,0,"Paramilitary groups"
21483,0,0,0,0,0,0,0,1,0,0,0,1,1,0,"Paramilitary groups"
21486,0,0,0,0,0,1,1,0,0,0,0,0,0,0,"Guerrilla groups"
21488,0,0,0,0,1,0,1,0,0,0,0,0,0,0,"Guerrilla groups"
21498,0,0,1,0,0,0,0,0,0,0,0,0,0,1,"Paramilitary groups"
21500,1,0,0,0,1,0,0,0,0,0,0,0,0,0,"Paramilitary groups"
21501,0,0,1,0,0,0,0,0,0,0,1,0,0,0,"Paramilitary groups"
21502,1,0,0,1,1,0,0,0,0,0,0,0,0,0,"Other armed groups"
21504,0,0,0,0,1,0,0,0,1,0,0,0,0,0,"Paramilitary groups"
21505,0,0,0,0,1,0,0,0,1,0,0,0,0,0,"Paramilitary groups"
21506,0,0,1,0,0,0,0,0,0,0,1,0,0,1,"Paramilitary groups"
21507,0,0,1,0,0,0,0,0,0,0,1,0,0,1,"Paramilitary groups"
21516,0,0,1,0,1,0,0,0,1,0,0,0,0,0,"Paramilitary groups"
21517,0,0,1,0,1,0,0,0,1,0,0,0,0,0,"Paramilitary groups"
21541,1,0,0,0,1,0,0,0,0,0,0,0,0,0,"Guerrilla groups"
21542,1,0,0,0,1,0,0,0,0,0,0,0,0,0,"Guerrilla groups"
21543,1,0,0,0,1,0,0,0,0,0,0,0,0,0,"Guerrilla groups"
21544,1,0,0,0,1,0,0,0,0,0,0,0,0,0,"Guerrilla groups"
21551,0,0,1,0,0,0,0,0,0,0,0,0,0,1,"Other armed groups"
21552,0,0,1,0,0,0,0,0,0,0,0,0,0,1,"Paramilitary groups"
21553,0,0,1,0,0,0,0,0,0,0,0,0,0,1,"Paramilitary groups"
21554,0,0,1,0,0,0,0,0,0,0,0,0,0,1,"Paramilitary groups"
21557,0,0,0,0,0,1,0,0,0,0,1,0,0,0,"Guerrilla groups"
21558,0,0,0,0,0,0,0,0,0,0,1,0,1,1,"Guerrilla groups"
21559,0,0,0,0,0,1,0,0,0,0,0,0,1,0,"Guerrilla groups"
21561,0,0,1,0,0,0,0,0,0,1,0,0,0,1,"Other armed groups"
21567,0,0,1,0,0,0,0,0,0,0,1,0,0,1,"Other armed groups"
21572,0,0,0,1,0,0,1,0,0,0,0,0,0,0,"Guerrilla groups"
21575,0,0,1,0,0,0,0,0,0,0,0,0,0,1,"Guerrilla groups"
21576,0,0,1,0,0,0,0,0,0,0,0,0,0,1,"Guerrilla groups"
21585,0,0,0,0,1,0,0,1,0,1,0,0,0,0,"Guerrilla groups"
21586,0,0,0,0,1,0,0,1,0,1,0,0,0,0,"Guerrilla groups"
21587,0,0,1,0,0,0,0,0,0,1,1,0,0,0,"Guerrilla groups"
21598,0,0,1,0,0,0,0,0,0,0,0,0,1,1,"Guerrilla groups"
21599,0,0,1,0,1,0,0,0,0,0,0,0,0,1,"Guerrilla groups"
21602,0,0,0,0,0,0,0,0,0,0,0,0,1,1,"Paramilitary groups"
21609,0,0,1,0,0,0,0,0,0,0,0,0,0,1,"Paramilitary groups"
21611,0,0,1,0,0,0,0,0,0,0,0,0,0,1,"Other armed groups"
21615,0,0,1,0,0,0,0,0,0,0,0,0,0,1,"Paramilitary groups"
21619,0,0,1,0,0,0,0,0,0,0,0,0,0,1,"Other armed groups"
21631,0,0,0,0,1,0,0,1,0,1,0,0,0,0,"Other armed groups"
21634,0,0,1,0,0,0,0,0,0,0,0,0,0,1,"Other armed groups"
21635,0,0,1,0,0,0,0,0,0,0,0,0,0,1,"Other armed groups"
21636,0,0,1,0,0,0,0,0,0,0,0,0,0,1,"Other armed groups"
21637,0,0,1,0,0,0,0,0,0,0,0,0,0,1,"Other armed groups"
21645,0,0,0,0,0,0,0,0,0,0,0,0,1,1,"Other armed groups"
21652,0,0,0,0,0,0,0,0,0,0,1,0,0,1,"Guerrilla groups"
21653,0,0,0,0,0,0,0,0,0,0,1,0,0,1,"Guerrilla groups"
21654,0,0,1,0,0,0,0,0,0,0,0,0,0,1,"Guerrilla groups"
21655,0,0,1,0,0,0,0,0,0,0,0,0,0,1,"Guerrilla groups"
21666,0,0,1,0,0,0,0,1,0,0,0,0,0,0,"Other armed groups"
21669,0,0,1,0,1,0,0,1,0,0,0,0,0,0,"Other armed groups"
21674,0,0,1,0,1,0,0,0,1,1,0,0,0,0,"Other armed groups"
21685,0,0,0,0,0,0,0,0,0,0,0,1,0,1,"Paramilitary groups"
21687,0,0,1,0,0,0,0,0,0,0,0,0,1,1,"Other armed groups"
21688,0,0,1,0,0,0,0,0,0,0,0,0,0,1,"Guerrilla groups"
21689,0,0,1,0,0,0,0,0,0,0,0,0,0,1,"Guerrilla groups"
21691,0,0,0,0,0,1,0,0,0,0,0,0,0,1,"Guerrilla groups"
21692,0,1,0,0,0,0,0,0,0,0,0,0,1,1,"Guerrilla groups"
21693,0,1,0,0,0,0,0,0,0,0,0,0,1,1,"Guerrilla groups"
21714,0,0,1,0,0,0,0,0,0,0,0,0,1,1,"Paramilitary groups"
21715,0,0,1,0,0,0,0,0,0,0,0,0,1,1,"Paramilitary groups"
21716,0,0,1,0,0,0,0,0,0,0,0,0,1,1,"Paramilitary groups"
21717,0,0,1,0,0,0,0,0,0,0,0,0,1,1,"Paramilitary groups"
21718,0,0,1,0,0,0,0,0,0,0,0,0,1,1,"Paramilitary groups"
21719,1,0,1,0,0,0,0,0,0,0,0,0,0,0,"Paramilitary groups"
21724,1,0,1,0,0,0,0,0,0,1,0,0,0,0,"Guerrilla groups"
21727,0,0,1,0,1,0,0,1,0,0,0,0,0,0,"Other armed groups"
21728,0,0,1,0,0,0,0,0,0,0,0,0,0,1,"Guerrilla groups"
21732,0,0,1,0,1,0,0,0,0,0,0,0,0,0,"Guerrilla groups"
21748,0,0,1,0,0,0,1,0,0,0,0,0,0,0,"Guerrilla groups"
21749,0,0,1,0,0,0,1,0,0,0,0,0,0,0,"Guerrilla groups"
21750,0,0,1,0,0,0,1,0,0,0,0,0,0,0,"Guerrilla groups"
21751,0,0,1,0,0,0,1,0,0,0,0,0,0,0,"Guerrilla groups"
21752,0,0,1,0,0,0,1,0,0,0,0,0,0,0,"Guerrilla groups"
21753,0,0,1,0,0,0,1,0,0,0,0,0,0,0,"Guerrilla groups"
21757,0,1,1,0,0,0,0,0,0,0,0,0,0,0,"Paramilitary groups"
21774,0,0,0,0,0,0,1,0,0,0,0,0,0,1,"Guerrilla groups"
21775,0,0,1,0,0,0,0,0,0,0,0,0,1,1,"Other armed groups"
21776,0,0,0,1,0,0,1,0,0,0,0,0,0,0,"Guerrilla groups"
21778,1,0,0,0,0,0,0,0,0,0,1,0,0,0,"Guerrilla groups"
21787,0,0,1,0,1,0,0,0,0,0,0,0,0,1,"Guerrilla groups"
21795,0,0,0,0,0,0,0,0,0,0,0,0,1,1,"Guerrilla groups"
21820,1,0,0,1,0,0,0,0,0,0,0,0,0,0,"Guerrilla groups"
21829,0,0,0,0,0,0,0,0,0,1,0,0,0,1,"Paramilitary groups"
21833,0,0,1,0,0,0,0,0,0,0,0,0,0,1,"Paramilitary groups"
21836,0,0,0,0,0,0,0,0,1,1,0,0,0,0,"Paramilitary groups"
21842,0,0,0,0,0,0,1,0,0,0,0,0,0,1,"Guerrilla groups"
21844,0,0,1,1,0,0,0,0,0,0,0,0,0,0,"Guerrilla groups"
21845,0,0,0,1,1,0,0,1,0,0,0,0,0,0,"Paramilitary groups"
21854,0,0,1,0,0,0,0,0,0,0,0,0,0,1,"Guerrilla groups"
21860,0,0,0,0,0,0,0,0,0,1,0,0,1,1,"Paramilitary groups"
21872,0,0,1,0,1,0,0,0,0,0,0,0,0,0,"Paramilitary groups"
21873,0,0,1,0,1,0,0,0,0,0,0,0,0,0,"Paramilitary groups"
21874,0,0,1,0,1,0,0,0,0,0,0,0,0,0,"Paramilitary groups"
21875,0,0,1,0,1,0,0,0,0,0,0,0,0,0,"Paramilitary groups"
21876,0,0,1,0,1,0,0,0,0,0,0,0,0,0,"Paramilitary groups"
21877,0,0,1,0,1,0,0,0,0,0,0,0,0,0,"Paramilitary groups"
21878,0,0,1,0,1,0,0,0,0,0,0,0,0,0,"Paramilitary groups"
21879,0,0,1,0,1,0,0,0,0,0,0,0,0,0,"Paramilitary groups"
21880,0,0,1,0,1,0,0,0,0,0,0,0,0,0,"Paramilitary groups"
21881,0,0,1,0,1,0,0,0,0,0,0,0,0,0,"Paramilitary groups"
21885,0,0,0,0,1,0,0,0,1,0,0,0,0,0,"Guerrilla groups"
21900,0,1,0,0,0,0,0,0,0,0,0,0,0,1,"Paramilitary groups"
21902,0,0,0,0,0,1,0,0,0,0,0,0,0,1,"Paramilitary groups"
21904,0,0,0,0,1,1,0,0,1,0,0,0,0,0,"Guerrilla groups"
21905,0,0,0,0,0,0,0,0,0,1,0,0,0,1,"Paramilitary groups"
21914,0,1,1,0,0,0,0,0,0,0,0,0,0,1,"Other armed groups"
21933,0,0,0,0,0,0,0,0,0,0,0,0,1,1,"Guerrilla groups"
21934,0,0,0,0,0,0,0,0,0,0,0,0,1,1,"Guerrilla groups"
21936,1,0,0,0,0,0,0,0,0,1,0,0,0,0,"Paramilitary groups"
21941,1,0,0,0,1,0,0,0,0,0,0,0,0,0,"Paramilitary groups"
21948,0,0,0,0,0,0,0,0,0,0,0,0,1,1,"Paramilitary groups"
21951,0,0,1,0,0,0,0,0,0,0,0,0,0,1,"Other armed groups"
21952,0,0,1,0,0,0,0,0,0,0,0,0,0,1,"Other armed groups"
21953,0,0,1,0,0,0,0,0,0,0,0,0,0,1,"Other armed groups"
21954,0,0,1,0,0,0,0,0,0,0,0,0,0,1,"Other armed groups"
21958,0,1,0,0,0,0,1,0,0,0,0,0,0,0,"Paramilitary groups"
21960,0,0,0,0,1,1,0,0,1,0,0,0,1,1,"Paramilitary groups"
21961,0,0,1,0,0,1,0,0,0,0,0,0,0,0,"Guerrilla groups"
21963,0,0,0,0,1,1,0,0,0,1,0,0,0,0,"Guerrilla groups"
21964,0,0,0,0,1,1,0,0,1,1,0,0,0,0,"Paramilitary groups"
21965,0,0,1,0,0,0,0,0,0,0,0,0,0,1,"Guerrilla groups"
21974,0,0,1,0,0,0,0,0,0,0,0,0,0,1,"Paramilitary groups"
21976,0,0,1,0,0,0,0,0,0,0,0,0,0,1,"Paramilitary groups"
21978,0,0,1,0,1,0,0,0,0,0,0,0,0,0,"Other armed groups"
21980,0,0,1,0,0,0,0,0,0,0,0,0,1,1,"Guerrilla groups"
21982,0,0,1,0,0,0,0,0,0,0,1,0,0,1,"Guerrilla groups"
21985,0,0,1,0,0,0,0,0,0,0,0,0,0,1,"Guerrilla groups"
21986,0,0,1,0,0,0,0,0,0,0,0,0,0,1,"Guerrilla groups"
21990,0,0,1,0,1,0,0,0,0,0,0,0,0,0,"Paramilitary groups"
21991,0,0,1,0,0,1,0,0,0,0,0,0,0,0,"Paramilitary groups"
22003,0,0,1,0,0,0,1,0,0,0,0,0,0,1,"Paramilitary groups"
22004,0,0,1,0,0,0,1,0,0,0,0,0,0,1,"Paramilitary groups"
22005,0,0,1,0,0,0,1,0,0,0,0,0,0,1,"Paramilitary groups"
22006,0,0,1,0,0,0,1,0,0,0,0,0,0,1,"Paramilitary groups"
22007,0,0,1,0,0,0,1,0,0,0,0,0,0,1,"Paramilitary groups"
22008,0,0,1,0,0,0,1,0,0,0,0,0,0,1,"Paramilitary groups"
22009,0,0,1,0,0,0,1,0,0,0,0,0,0,1,"Paramilitary groups"
22010,0,0,1,0,0,0,1,0,0,0,0,0,0,1,"Paramilitary groups"
22011,0,0,1,0,0,0,1,0,0,0,0,0,0,1,"Paramilitary groups"
22012,0,0,1,0,0,0,1,0,0,0,0,0,0,1,"Paramilitary groups"
22013,1,0,0,1,1,0,0,0,0,0,0,0,1,0,"Paramilitary groups"
22014,1,1,1,0,0,0,1,0,0,0,0,0,1,1,"Paramilitary groups"
22015,1,0,0,0,0,0,1,0,0,0,0,0,0,0,"Paramilitary groups"
22016,0,0,1,0,0,0,0,1,1,0,0,0,0,0,"Guerrilla groups"
22017,0,0,0,0,0,0,0,1,1,0,0,0,0,0,"Other armed groups"
22018,0,0,1,0,1,0,0,0,1,0,0,0,0,0,"Paramilitary groups"
22024,0,0,1,0,1,1,0,0,0,0,0,0,0,0,"Other armed groups"
22025,0,0,1,0,1,1,0,0,0,0,0,0,0,0,"Other armed groups"
22026,0,0,1,0,1,1,0,0,0,0,0,0,0,0,"Other armed groups"
22027,0,0,0,0,0,0,0,0,0,0,0,0,1,1,"Paramilitary groups"
22028,0,0,0,0,0,0,0,0,0,0,0,0,1,1,"Paramilitary groups"
22043,0,0,0,0,1,1,0,0,1,0,0,0,0,0,"Paramilitary groups"
22048,0,0,1,0,0,0,0,0,0,0,0,0,0,1,"Other armed groups"
22051,0,1,1,0,1,1,0,1,0,0,0,0,1,1,"Other armed groups"
22056,0,1,0,0,0,0,0,0,0,0,0,0,0,1,"Other armed groups"
22062,0,0,0,0,0,0,0,0,0,0,0,0,1,1,"Other armed groups"
22065,0,0,1,0,0,0,0,0,1,0,0,0,0,0,"Paramilitary groups"
22069,0,0,1,0,0,0,0,0,0,0,0,0,0,1,"Guerrilla groups"
22070,0,0,1,0,0,0,0,0,0,0,0,0,0,1,"Guerrilla groups"
22081,0,0,0,0,0,0,0,0,0,0,0,0,1,1,"Guerrilla groups"
22082,0,0,0,0,0,0,0,0,0,0,0,0,1,1,"Guerrilla groups"
22083,0,0,1,0,0,0,0,0,0,0,0,0,0,1,"Paramilitary groups"
22086,0,0,1,0,0,0,0,0,0,0,0,0,0,1,"Paramilitary groups"
22088,0,0,1,0,0,0,0,0,0,0,0,0,0,1,"Other armed groups"
22092,1,0,1,0,0,0,0,0,0,0,0,0,0,0,"Guerrilla groups"
22093,0,0,1,0,0,0,0,0,0,0,0,0,0,1,"Guerrilla groups"
22094,0,0,1,0,1,0,0,0,0,0,0,0,0,0,"Guerrilla groups"
22096,0,0,0,0,1,1,0,0,0,0,0,0,0,0,"Paramilitary groups"
22097,0,0,1,0,0,0,0,0,0,0,0,0,0,1,"Paramilitary groups"
22101,0,0,1,0,0,1,0,0,0,0,0,0,0,0,"Paramilitary groups"
22109,0,0,1,0,0,0,0,0,0,0,1,0,0,0,"Other armed groups"
22118,0,0,1,0,0,0,0,0,0,0,0,0,0,1,"Guerrilla groups"
22119,0,0,1,0,0,0,0,0,1,0,0,0,0,1,"Guerrilla groups"
22120,1,0,0,0,1,0,0,0,0,0,0,0,0,0,"Other armed groups"
22128,0,0,0,0,1,1,1,0,0,0,0,0,0,0,"Guerrilla groups"
22129,0,1,1,0,0,0,0,0,0,0,0,0,0,0,"Paramilitary groups"
22130,0,0,1,0,0,0,0,0,0,0,0,0,1,1,"Guerrilla groups"
22131,1,0,1,0,0,0,0,0,0,0,0,0,0,0,"Paramilitary groups"
22139,0,0,1,0,0,0,0,0,0,0,0,0,0,1,"Guerrilla groups"
22144,0,1,0,0,0,0,0,0,0,0,0,0,0,1,"Paramilitary groups"
22147,0,0,1,0,1,0,0,0,0,0,1,0,0,0,"Guerrilla groups"
22154,0,0,0,0,0,0,0,0,0,0,0,0,1,1,"Guerrilla groups"
22155,1,0,0,0,0,0,0,0,0,1,0,0,0,0,"Paramilitary groups"
22156,1,0,0,0,0,0,0,0,0,1,0,0,0,0,"Paramilitary groups"
22162,0,0,0,0,0,0,0,0,0,0,0,1,0,1,"Other armed groups"
22168,0,0,0,0,0,0,1,0,0,0,0,0,0,1,"Guerrilla groups"
22170,0,0,0,0,1,1,0,0,0,0,0,0,0,0,"Guerrilla groups"
22173,0,0,0,0,0,0,1,0,0,0,0,0,0,1,"Guerrilla groups"
22184,0,0,1,0,1,0,0,0,0,0,0,0,0,0,"Other armed groups"
22193,0,1,1,0,0,0,0,0,0,0,0,0,0,1,"Guerrilla groups"
22194,0,0,1,0,0,0,0,0,0,0,0,0,0,1,"Guerrilla groups"
22199,0,0,1,0,0,0,0,0,0,0,1,0,0,0,"Guerrilla groups"
22200,0,0,1,0,0,0,0,0,0,0,1,0,0,0,"Guerrilla groups"
22202,0,0,1,0,0,0,0,0,0,0,0,0,0,1,"Other armed groups"
22205,1,0,0,0,1,0,0,0,0,0,0,0,0,0,"Paramilitary groups"
22206,1,0,0,0,1,0,0,0,0,0,0,0,0,0,"Paramilitary groups"
22219,1,0,0,0,1,0,0,0,0,0,0,0,0,0,"Paramilitary groups"
22229,0,0,1,0,0,0,0,0,0,0,0,0,0,1,"Paramilitary groups"
22230,0,0,0,0,0,0,1,0,0,1,1,0,0,0,"Guerrilla groups"
22238,0,0,0,0,0,0,0,0,0,0,0,0,1,1,"Paramilitary groups"
22239,0,0,0,0,0,0,0,0,0,0,0,0,1,1,"Paramilitary groups"
22240,0,0,0,0,0,0,0,0,0,0,0,0,1,1,"Other armed groups"
22268,0,0,1,0,0,0,0,0,0,0,0,0,0,1,"Guerrilla groups"
22276,0,0,1,0,1,0,0,0,0,0,0,0,0,0,"Paramilitary groups"
22278,0,1,0,0,0,0,0,0,0,0,1,0,1,0,"Paramilitary groups"
22281,0,0,1,0,1,0,0,0,0,0,0,0,0,1,"Paramilitary groups"
22283,1,0,0,0,1,0,0,0,0,0,0,0,0,0,"Paramilitary groups"
22284,0,0,1,0,1,0,0,0,0,0,0,0,0,0,"Paramilitary groups"
22286,1,0,0,1,0,0,0,0,0,0,0,0,0,0,"Other armed groups"
22287,0,0,1,0,0,0,0,0,0,0,0,0,0,1,"Paramilitary groups"
22288,0,0,1,0,0,0,0,0,0,0,0,0,0,1,"Paramilitary groups"
22289,1,0,0,0,1,0,0,0,0,0,0,0,0,0,"Paramilitary groups"
22290,1,0,1,0,0,0,0,0,0,0,0,0,0,0,"Paramilitary groups"
22292,0,0,0,0,1,0,0,1,0,0,0,0,0,0,"Other armed groups"
22293,0,0,0,0,1,0,0,1,0,0,0,0,0,0,"Other armed groups"
22297,0,0,0,0,0,0,0,0,0,0,0,0,1,1,"Paramilitary groups"
22303,0,0,0,0,0,0,0,0,0,0,0,1,1,1,"Paramilitary groups"
22304,0,0,0,0,0,0,0,0,0,0,0,1,1,1,"Paramilitary groups"
22305,0,0,0,0,0,0,0,0,0,0,0,1,1,1,"Paramilitary groups"
22306,0,0,0,0,0,0,0,0,0,0,0,1,1,1,"Paramilitary groups"
22307,0,0,0,0,0,0,0,0,0,0,0,1,1,1,"Paramilitary groups"
22308,0,0,0,0,0,0,0,0,0,0,0,1,1,1,"Paramilitary groups"
22309,0,0,0,0,0,0,0,0,0,0,0,1,1,1,"Paramilitary groups"
22311,0,1,0,0,0,0,0,0,0,0,0,0,0,1,"Guerrilla groups"
22313,0,0,0,0,1,0,0,0,0,0,0,0,0,1,"Guerrilla groups"
22317,0,0,0,1,0,0,1,0,0,0,0,0,0,0,"Guerrilla groups"
22319,0,0,1,0,1,0,1,0,0,0,0,0,0,0,"Guerrilla groups"
22320,1,0,0,0,0,1,0,0,0,0,0,0,0,0,"Paramilitary groups"
22325,1,0,0,0,0,0,0,0,1,0,0,0,0,0,"Paramilitary groups"
22327,0,0,0,0,0,0,0,0,0,0,0,0,1,1,"Guerrilla groups"
22328,0,0,0,0,0,0,0,0,0,0,0,0,1,1,"Guerrilla groups"
22329,0,0,0,0,0,0,0,0,0,0,0,0,1,1,"Guerrilla groups"
22330,0,0,0,0,0,0,0,0,0,1,0,0,1,1,"Paramilitary groups"
22338,0,0,0,0,0,0,0,0,0,0,0,0,1,1,"Paramilitary groups"
22339,0,0,0,0,0,0,0,0,0,0,0,0,1,1,"Paramilitary groups"
22373,1,0,0,0,0,0,0,0,0,0,0,1,0,0,"Other armed groups"
22382,0,1,1,0,0,0,0,0,0,0,0,0,0,0,"Paramilitary groups"
22385,0,1,1,0,0,0,0,0,0,0,0,0,0,1,"Paramilitary groups"
22404,1,0,0,0,1,0,0,0,0,0,0,0,0,0,"Paramilitary groups"
22405,1,0,0,0,1,0,0,0,0,0,0,0,0,0,"Paramilitary groups"
22414,0,0,0,0,0,0,0,0,0,1,0,0,0,1,"Paramilitary groups"
22423,0,0,0,0,1,0,0,0,1,0,0,0,0,0,"Paramilitary groups"
22426,0,0,0,0,0,0,0,0,0,0,0,0,1,1,"Paramilitary groups"
22427,0,0,0,0,0,0,0,0,0,0,0,0,1,1,"Paramilitary groups"
22428,0,0,0,0,0,0,0,0,0,0,0,0,1,1,"Paramilitary groups"
22429,0,0,0,0,0,0,0,0,0,0,0,0,1,1,"Paramilitary groups"
22430,0,0,0,0,0,0,0,0,0,0,0,0,1,1,"Paramilitary groups"
22431,0,0,0,0,0,0,0,0,0,0,0,0,1,1,"Guerrilla groups"
22432,0,0,0,0,0,0,0,0,0,0,0,0,1,1,"Guerrilla groups"
22433,0,0,0,0,0,0,0,0,0,0,0,0,1,1,"Guerrilla groups"
22434,0,0,0,0,0,0,0,0,0,0,0,0,1,1,"Guerrilla groups"
22438,0,0,0,0,0,0,0,0,0,0,0,0,1,1,"Guerrilla groups"
22443,0,0,1,0,0,0,0,0,0,0,0,0,0,1,"Guerrilla groups"
22444,0,0,1,0,0,0,0,0,0,0,0,0,0,1,"Guerrilla groups"
22450,0,0,1,0,0,0,0,0,0,1,0,0,0,1,"Other armed groups"
22451,0,0,1,0,0,0,0,0,0,1,0,0,0,1,"Other armed groups"
22452,0,0,1,0,0,0,0,0,0,1,0,0,0,1,"Other armed groups"
22453,0,0,1,0,0,0,0,0,0,1,0,0,0,1,"Other armed groups"
22454,0,0,1,0,0,0,0,0,0,1,0,0,0,1,"Other armed groups"
22455,0,0,1,0,0,0,0,0,0,1,0,0,0,1,"Other armed groups"
22460,0,0,1,0,0,0,0,0,0,0,0,0,0,1,"Other armed groups"
22462,1,0,0,0,0,0,0,0,0,1,0,0,0,0,"Other armed groups"
22465,0,0,1,0,0,0,0,0,0,0,0,0,1,1,"Guerrilla groups"
22467,0,0,0,0,0,0,0,0,0,0,0,0,1,1,"Guerrilla groups"
22470,0,0,0,0,0,0,0,0,0,0,0,0,1,1,"Guerrilla groups"
22471,0,0,0,0,0,0,0,0,0,0,0,0,1,1,"Guerrilla groups"
22472,0,0,0,0,0,0,0,0,0,0,0,0,1,1,"Guerrilla groups"
22473,0,0,0,0,0,0,0,0,0,0,0,0,1,1,"Guerrilla groups"
22474,0,0,0,0,0,0,0,0,0,0,0,0,1,1,"Guerrilla groups"
22479,0,0,1,0,0,0,0,0,0,0,0,0,0,1,"Other armed groups"
22486,0,0,1,0,1,0,0,1,0,0,0,0,0,0,"Other armed groups"
22488,0,0,1,0,1,0,0,0,1,0,0,0,0,0,"Guerrilla groups"
22490,1,0,0,0,0,0,0,0,1,0,0,0,0,0,"Guerrilla groups"
22491,0,0,0,0,0,0,0,0,0,1,0,0,0,1,"Guerrilla groups"
22498,0,0,1,0,0,0,0,0,1,0,0,0,0,0,"Guerrilla groups"
22503,0,1,1,0,0,0,0,0,0,0,0,0,0,0,"Other armed groups"
22512,1,0,0,0,1,0,0,0,0,0,0,0,0,0,"Paramilitary groups"
22544,0,0,1,0,1,0,0,1,0,0,0,0,0,1,"Other armed groups"
22545,0,0,0,1,0,0,1,0,0,0,0,0,0,0,"Guerrilla groups"
22557,0,1,0,0,0,0,0,0,0,0,0,0,1,0,"Paramilitary groups"
22558,0,1,0,0,0,0,0,0,0,0,0,0,1,0,"Paramilitary groups"
22563,0,0,1,0,0,0,0,0,0,0,0,0,0,1,"Paramilitary groups"
22564,1,0,0,0,1,0,0,0,0,0,0,0,0,0,"Guerrilla groups"
22576,0,0,1,0,0,0,0,0,0,0,0,0,0,1,"Paramilitary groups"
22579,0,0,1,0,0,0,0,0,0,1,0,0,0,1,"Other armed groups"
22581,0,0,1,0,0,0,0,0,0,0,1,0,0,0,"Guerrilla groups"
22582,0,0,1,0,0,0,0,0,0,0,1,0,0,0,"Guerrilla groups"
22583,0,0,1,0,0,0,0,0,0,1,0,0,0,0,"Other armed groups"
22584,1,0,0,1,0,0,0,0,0,0,0,0,0,0,"Guerrilla groups"
22589,1,0,0,1,1,0,0,0,0,0,0,0,0,0,"Paramilitary groups"
22590,1,0,0,1,1,0,0,0,0,0,0,0,0,0,"Paramilitary groups"
22591,1,0,0,1,1,0,0,0,0,0,0,0,0,0,"Paramilitary groups"
22597,0,0,1,0,0,0,0,0,1,0,0,0,0,0,"Paramilitary groups"
22598,0,0,1,0,0,0,0,0,1,0,0,0,0,0,"Paramilitary groups"
22600,0,0,1,0,0,0,0,0,0,0,0,0,0,1,"Guerrilla groups"
22601,0,0,1,0,0,0,0,0,0,0,0,0,0,1,"Guerrilla groups"
22606,0,0,1,0,0,0,0,0,0,0,0,0,0,1,"Paramilitary groups"
22607,0,0,0,0,1,0,0,0,0,1,1,0,0,0,"Paramilitary groups"
22609,0,1,1,0,0,0,0,0,0,0,0,0,0,0,"Paramilitary groups"
22610,0,1,1,0,0,0,0,0,0,0,0,0,0,0,"Paramilitary groups"
22611,0,1,1,0,0,0,0,0,0,0,0,0,0,0,"Other armed groups"
22619,0,0,1,0,1,1,0,0,0,0,0,0,0,1,"Paramilitary groups"
22620,0,0,1,0,1,1,0,0,0,0,0,0,0,1,"Paramilitary groups"
22621,0,0,1,0,1,1,0,0,0,0,0,0,0,1,"Paramilitary groups"
22622,0,0,1,0,1,1,0,0,0,0,0,0,0,1,"Paramilitary groups"
22623,0,0,1,0,1,1,0,0,0,0,0,0,0,1,"Paramilitary groups"
22624,0,0,1,0,1,1,0,0,0,0,0,0,0,1,"Paramilitary groups"
22645,0,0,0,0,0,0,0,0,0,0,0,1,0,1,"Guerrilla groups"
22646,1,0,1,0,0,0,0,0,0,0,0,0,0,0,"Other armed groups"
22647,0,0,1,0,0,0,0,0,0,0,1,0,0,0,"Guerrilla groups"
22648,1,1,1,0,0,0,0,0,0,0,0,0,0,0,"Paramilitary groups"
22649,0,0,1,0,0,0,0,0,0,0,0,0,0,1,"Paramilitary groups"
22651,0,0,0,0,0,0,0,0,0,0,0,1,0,1,"Guerrilla groups"
22653,0,0,1,0,0,0,0,0,0,0,0,0,0,1,"Guerrilla groups"
22659,0,0,1,0,0,0,0,1,0,0,0,0,0,0,"Paramilitary groups"
22660,1,0,1,0,0,0,0,0,0,0,0,0,0,0,"Paramilitary groups"
22663,0,0,1,1,0,0,0,0,0,0,0,0,0,0,"Other armed groups"
22664,0,0,1,1,0,0,0,0,0,0,0,0,0,0,"Other armed groups"
22670,1,0,0,0,0,0,0,0,0,1,0,0,0,0,"Paramilitary groups"
22672,1,0,0,0,1,0,0,1,1,0,0,0,0,0,"Paramilitary groups"
22676,0,0,1,0,0,0,0,0,0,0,0,0,0,1,"Paramilitary groups"
22677,0,0,1,0,0,0,0,0,0,0,0,0,0,1,"Paramilitary groups"
22690,0,0,0,0,1,0,0,0,0,1,0,0,0,0,"Paramilitary groups"
22691,0,0,0,0,1,1,0,0,0,0,0,0,0,0,"Paramilitary groups"
22692,1,0,1,0,1,0,0,0,0,0,0,0,0,0,"Paramilitary groups"
22693,1,0,1,0,1,0,0,0,0,0,0,0,0,0,"Paramilitary groups"
22712,1,0,0,0,1,0,0,0,0,0,0,0,0,0,"Guerrilla groups"
22719,1,0,0,0,1,0,0,0,0,0,0,0,0,0,"Other armed groups"
22724,0,0,1,0,0,0,1,0,0,0,0,0,0,1,"Guerrilla groups"
22725,0,0,1,0,0,0,1,0,0,0,0,0,0,1,"Guerrilla groups"
22727,1,0,0,0,1,0,0,0,0,0,0,0,0,0,"Paramilitary groups"
22775,0,0,1,0,0,0,0,0,0,0,0,0,1,0,"Paramilitary groups"
22778,0,0,0,0,0,0,0,0,0,0,1,0,0,1,"Guerrilla groups"
22779,0,0,0,0,0,0,0,0,0,0,0,1,1,1,"Guerrilla groups"
22780,0,0,0,0,0,0,0,0,0,0,0,1,1,1,"Guerrilla groups"
22783,0,0,0,0,0,0,0,0,0,1,0,0,0,1,"Paramilitary groups"
22787,0,0,1,0,0,0,0,0,0,0,0,0,0,1,"Other armed groups"
22788,0,0,1,1,0,0,0,0,0,0,0,0,0,0,"Other armed groups"
22800,0,0,0,0,0,0,0,0,0,0,0,1,0,1,"Guerrilla groups"
22808,0,0,1,0,1,0,0,0,0,0,0,0,0,0,"Other armed groups"
22809,0,0,0,0,0,0,0,0,0,0,0,0,1,1,"Paramilitary groups"
22815,0,0,0,0,0,0,0,0,0,0,0,0,1,1,"Paramilitary groups"
22816,0,1,0,0,0,1,0,0,0,0,0,0,0,0,"Paramilitary groups"
22823,0,0,0,0,0,0,1,0,0,0,0,0,0,1,"Guerrilla groups"
22824,0,0,0,0,0,0,1,0,0,0,0,0,0,1,"Guerrilla groups"
22829,0,0,1,0,1,0,0,0,0,0,0,0,0,0,"Other armed groups"
22844,1,0,0,1,0,0,0,0,0,0,0,0,0,0,"Paramilitary groups"
22846,0,0,1,0,0,1,0,0,0,0,0,0,0,1,"Other armed groups"
22858,0,0,1,1,0,0,0,0,0,0,0,0,0,0,"Other armed groups"
22859,0,0,0,0,1,0,0,0,1,0,0,0,0,0,"Paramilitary groups"
22860,0,0,1,0,0,0,0,0,0,0,0,0,0,1,"Paramilitary groups"
22864,0,0,0,0,1,0,0,0,1,0,0,0,0,0,"Guerrilla groups"
22865,0,0,0,0,1,0,0,0,1,0,0,0,0,0,"Guerrilla groups"
22892,0,0,1,0,0,0,0,0,0,0,0,0,0,1,"Paramilitary groups"
22894,0,0,1,0,0,0,0,0,0,0,0,0,0,1,"Guerrilla groups"
22895,0,0,1,0,0,0,0,0,0,0,0,0,0,1,"Guerrilla groups"
22896,0,0,1,0,0,0,0,0,0,0,0,0,0,1,"Guerrilla groups"
22897,0,0,1,0,0,0,0,0,0,0,0,0,0,1,"Guerrilla groups"
22915,0,0,0,0,0,0,0,0,0,0,0,1,0,1,"Guerrilla groups"
22916,0,0,0,0,0,0,0,0,0,0,0,1,0,1,"Guerrilla groups"
22924,1,0,0,1,1,0,0,0,0,0,0,0,0,0,"Paramilitary groups"
22925,1,0,0,1,1,0,0,0,0,0,0,0,0,0,"Paramilitary groups"
22926,0,0,1,1,1,0,0,0,0,0,1,0,0,0,"Guerrilla groups"
22927,1,0,0,0,1,0,0,0,0,0,0,0,0,0,"Paramilitary groups"
22929,1,0,0,1,0,0,0,0,0,0,0,0,0,0,"Guerrilla groups"
22930,1,0,1,0,1,0,0,0,0,0,0,0,0,0,"Paramilitary groups"
22931,0,0,0,0,1,1,0,0,0,0,0,0,0,0,"Paramilitary groups"
22932,0,0,1,0,0,0,0,0,0,0,0,0,0,1,"Paramilitary groups"
22936,0,0,1,0,0,0,0,0,1,0,0,0,0,0,"Guerrilla groups"
22938,0,0,1,0,0,0,0,0,0,0,0,0,0,1,"Other armed groups"
22941,0,0,1,0,0,0,0,0,0,0,0,0,0,1,"Other armed groups"
22943,0,0,0,0,0,0,0,0,0,1,0,0,1,1,"Other armed groups"
22947,0,0,1,0,0,0,0,0,0,0,0,0,0,1,"Other armed groups"
22948,0,0,1,0,0,0,0,0,0,0,0,0,0,1,"Other armed groups"
22949,0,0,1,0,0,0,0,0,0,0,0,0,0,1,"Other armed groups"
22958,0,0,0,0,0,0,0,0,0,0,0,0,1,1,"Other armed groups"
22959,0,0,0,0,0,0,0,0,0,0,0,0,1,1,"Other armed groups"
22960,0,0,0,0,0,0,0,0,0,0,0,0,1,1,"Other armed groups"
22962,0,0,1,0,0,0,0,0,0,0,0,0,0,1,"Paramilitary groups"
22963,0,0,0,0,0,0,0,0,0,0,0,0,1,1,"Other armed groups"
22965,0,0,0,0,1,0,0,1,0,0,0,0,0,0,"Other armed groups"
22966,0,1,1,0,0,0,0,0,0,0,0,0,0,0,"Paramilitary groups"
22967,0,1,1,0,0,0,0,0,0,0,0,0,0,0,"Paramilitary groups"
22973,0,0,0,0,1,0,0,1,0,0,0,0,0,0,"Other armed groups"
22993,0,0,1,0,1,0,0,1,0,0,0,0,0,0,"Other armed groups"
22994,0,0,1,0,0,0,0,0,0,0,0,0,0,1,"Guerrilla groups"
22998,0,0,0,1,0,0,1,0,0,0,0,0,0,0,"Guerrilla groups"
22999,0,0,0,1,0,0,1,0,0,0,0,0,0,0,"Guerrilla groups"
23018,0,1,1,0,0,0,0,0,0,0,0,0,0,0,"Guerrilla groups"
23021,0,0,0,0,0,0,0,0,1,0,1,0,0,0,"Other armed groups"
23022,1,0,0,0,1,0,0,0,0,0,0,0,0,0,"Paramilitary groups"
23023,1,0,0,1,1,0,0,0,0,0,0,0,0,0,"Paramilitary groups"
23029,0,0,1,0,1,0,0,0,0,0,0,0,1,1,"Guerrilla groups"
23036,0,1,0,0,1,0,0,0,0,0,0,0,0,0,"Paramilitary groups"
23048,0,0,0,1,0,0,1,0,0,0,0,0,0,0,"Guerrilla groups"
23052,0,0,0,0,0,0,0,0,0,0,0,0,1,1,"Paramilitary groups"
23057,0,0,0,1,0,0,1,0,0,0,0,0,0,0,"Guerrilla groups"
23058,0,0,1,0,1,0,0,0,0,0,0,0,0,0,"Paramilitary groups"
23105,0,0,1,0,0,0,0,0,0,0,0,0,0,1,"Paramilitary groups"
23111,0,0,1,0,0,0,0,0,1,0,0,0,0,0,"Guerrilla groups"
23115,0,1,0,0,0,0,0,0,0,0,0,1,0,0,"Guerrilla groups"
23137,0,0,1,0,0,0,0,0,0,0,0,0,0,1,"Other armed groups"
23138,0,0,1,0,0,0,0,0,0,0,0,0,0,1,"Other armed groups"
23144,0,1,0,0,0,0,0,0,1,0,0,0,0,0,"Guerrilla groups"
23156,0,0,0,0,0,0,0,0,1,0,1,0,0,0,"Guerrilla groups"
23161,0,0,0,0,0,0,0,0,0,0,0,0,1,1,"Other armed groups"
23162,0,1,1,0,0,0,0,0,0,0,0,0,0,0,"Other armed groups"
23169,0,0,1,0,0,0,0,0,0,0,0,0,0,1,"Other armed groups"
23190,0,0,1,0,0,0,0,0,0,0,0,0,0,1,"Guerrilla groups"
23198,0,0,0,0,1,0,0,0,1,0,0,0,0,0,"Paramilitary groups"
23199,0,0,0,0,0,0,0,0,0,0,0,0,1,1,"Paramilitary groups"
23200,0,0,0,0,0,0,0,0,0,0,0,0,1,1,"Paramilitary groups"
23206,0,0,0,0,1,0,0,0,0,0,0,0,0,1,"Paramilitary groups"
23207,0,0,0,0,1,1,0,0,0,0,0,0,0,0,"Guerrilla groups"
23209,0,0,1,0,0,0,0,0,0,0,0,0,0,1,"Guerrilla groups"
23210,0,0,0,0,0,1,0,0,1,0,0,0,0,0,"Guerrilla groups"
23220,0,0,0,0,0,0,0,0,0,0,1,0,1,0,"Paramilitary groups"
23221,0,0,1,0,0,0,0,0,0,0,0,0,0,1,"Paramilitary groups"
23234,0,0,1,0,0,0,0,0,0,0,0,0,0,1,"Paramilitary groups"
23238,0,0,0,0,0,0,0,0,0,0,0,0,1,1,"Guerrilla groups"
23247,0,0,1,0,1,0,0,0,0,1,0,0,0,0,"Other armed groups"
23248,0,0,1,0,1,0,0,0,0,0,0,1,0,0,"Other armed groups"
23249,0,0,1,0,1,0,0,0,0,0,0,1,0,0,"Other armed groups"
23251,0,0,1,0,0,0,0,0,0,0,1,0,0,1,"Guerrilla groups"
23262,1,0,0,0,1,0,0,0,0,0,0,0,0,0,"Other armed groups"
23266,0,0,1,0,0,0,0,0,0,0,0,0,0,1,"Paramilitary groups"
23267,0,0,1,0,0,0,0,0,0,0,0,0,0,1,"Paramilitary groups"
23268,0,0,1,0,0,0,0,0,0,0,0,0,0,1,"Paramilitary groups"
23269,0,0,1,0,0,0,0,0,0,0,0,0,0,1,"Paramilitary groups"
23281,1,0,0,0,0,0,0,1,0,0,0,0,0,0,"Paramilitary groups"
23292,0,0,1,0,0,0,0,0,0,0,0,0,0,1,"Paramilitary groups"
23294,0,0,0,0,0,0,1,0,0,0,0,0,0,1,"Paramilitary groups"
23299,0,0,1,0,0,0,0,0,0,0,0,0,0,1,"Guerrilla groups"
23300,0,0,1,0,0,1,0,0,1,0,0,0,0,0,"Paramilitary groups"
23305,1,0,0,0,1,0,0,0,0,0,0,0,0,0,"Paramilitary groups"
23307,0,0,1,0,0,0,0,0,0,0,0,0,0,1,"Other armed groups"
23310,0,1,1,0,0,0,0,0,0,0,0,0,0,0,"Guerrilla groups"
23312,0,1,1,0,0,0,0,0,0,0,0,0,0,1,"Guerrilla groups"
23313,0,1,1,0,0,0,0,0,0,0,0,0,0,1,"Guerrilla groups"
23322,0,0,0,0,0,0,1,0,0,0,0,0,0,1,"Guerrilla groups"
23323,0,0,0,0,0,0,1,0,0,0,0,0,0,1,"Guerrilla groups"
23330,0,0,0,1,0,0,0,0,1,0,0,0,0,0,"Guerrilla groups"
23331,1,0,0,0,0,0,0,0,0,0,0,1,0,0,"Other armed groups"
23332,0,1,0,0,0,0,0,0,0,0,0,1,0,0,"Other armed groups"
23333,0,1,0,0,0,0,0,0,0,0,0,1,0,0,"Other armed groups"
23335,0,1,0,0,1,0,0,0,0,0,0,0,0,0,"Other armed groups"
23341,0,0,1,0,0,0,1,0,0,0,0,0,0,1,"Paramilitary groups"
23342,0,0,0,0,0,0,1,0,0,0,0,0,0,1,"Other armed groups"
23348,0,0,0,0,0,0,0,0,0,1,0,0,0,1,"Paramilitary groups"
23349,0,0,1,0,0,0,0,0,0,0,1,0,0,0,"Guerrilla groups"
23350,0,0,1,0,0,0,0,0,0,0,0,0,0,1,"Paramilitary groups"
23351,0,1,1,0,0,0,0,0,0,0,0,0,0,0,"Paramilitary groups"
23355,0,0,0,0,1,1,0,0,0,0,0,0,0,0,"Other armed groups"
23356,0,0,1,0,1,0,0,0,0,0,0,0,0,0,"Other armed groups"
23359,0,0,1,0,0,0,0,0,0,0,0,0,1,1,"Paramilitary groups"
23360,0,0,1,0,0,0,0,0,0,0,0,0,1,1,"Paramilitary groups"
23365,0,0,0,0,0,1,1,0,0,0,0,0,0,0,"Guerrilla groups"
23373,0,0,1,0,1,0,0,0,0,0,0,0,0,0,"Guerrilla groups"
23377,1,0,0,0,1,0,0,0,0,0,0,0,0,0,"Guerrilla groups"
23400,0,0,0,0,1,1,0,0,0,0,0,0,0,0,"Other armed groups"
23408,1,0,0,1,0,0,0,0,0,0,0,0,0,0,"Guerrilla groups"
23409,0,0,1,0,0,0,0,0,0,0,0,0,0,1,"Guerrilla groups"
23410,0,0,1,0,0,0,0,0,0,0,0,0,0,1,"Guerrilla groups"
23411,0,0,1,0,0,0,0,1,0,0,0,0,0,1,"Guerrilla groups"
23414,1,0,0,1,1,0,0,0,0,0,0,0,0,0,"Guerrilla groups"
23415,0,0,1,0,0,0,0,0,0,0,0,0,0,1,"Guerrilla groups"
23416,0,0,0,0,0,0,1,0,0,0,0,0,0,1,"Guerrilla groups"
23422,0,0,0,1,0,0,1,0,0,0,0,0,0,0,"Guerrilla groups"
23428,0,0,1,1,0,0,0,0,0,0,0,0,0,0,"Guerrilla groups"
23429,1,0,0,1,0,0,0,0,0,0,0,0,0,0,"Guerrilla groups"
23435,0,0,0,0,1,0,0,0,0,0,0,0,0,1,"Other armed groups"
23442,0,0,1,0,0,0,0,0,0,0,0,0,1,1,"Paramilitary groups"
23443,0,0,0,0,0,0,0,0,0,1,0,0,1,1,"Paramilitary groups"
23461,0,0,1,0,0,1,0,0,0,0,0,0,0,0,"Other armed groups"
23462,0,0,1,0,0,1,0,0,0,0,0,0,0,0,"Other armed groups"
23463,0,0,1,0,1,1,0,0,0,0,0,0,0,0,"Paramilitary groups"
23480,0,1,1,0,0,0,0,0,0,0,0,0,0,0,"Paramilitary groups"
23483,0,0,1,0,0,0,0,0,0,0,1,0,0,0,"Other armed groups"
23485,0,0,1,0,1,0,0,0,0,0,0,0,0,0,"Other armed groups"
23496,1,0,0,0,0,1,0,0,0,0,0,0,0,0,"Guerrilla groups"
23527,0,0,0,0,0,0,0,0,0,0,0,0,1,1,"Guerrilla groups"
23535,0,0,0,0,0,0,0,0,0,1,0,0,1,0,"Guerrilla groups"
23538,0,1,1,0,0,0,0,0,0,0,0,0,0,0,"Paramilitary groups"
23547,0,0,0,0,0,0,0,0,0,0,0,1,0,1,"Paramilitary groups"
23554,0,0,0,0,0,0,0,0,0,1,0,0,1,1,"Paramilitary groups"
23555,0,0,0,0,0,0,0,0,0,1,0,0,1,1,"Paramilitary groups"
23556,0,0,0,0,0,0,0,0,0,1,0,0,1,1,"Paramilitary groups"
23557,0,0,0,0,0,0,0,0,0,1,0,0,1,1,"Paramilitary groups"
23558,0,0,0,0,0,0,0,0,0,1,0,0,1,1,"Paramilitary groups"
23559,0,0,0,0,0,0,0,0,0,0,0,1,0,1,"Paramilitary groups"
23562,0,0,0,0,0,0,0,0,0,0,0,0,1,1,"Guerrilla groups"
23572,0,0,0,0,1,0,0,1,0,0,0,0,0,0,"Paramilitary groups"
23590,1,0,0,1,0,0,0,0,0,0,0,0,0,0,"Guerrilla groups"
23591,1,0,0,1,0,0,0,0,0,0,0,0,0,0,"Guerrilla groups"
23599,0,0,0,0,1,0,0,0,1,0,0,0,0,0,"Paramilitary groups"
23619,0,0,0,0,0,0,0,0,0,0,0,0,1,1,"Paramilitary groups"
23620,0,0,0,0,0,0,0,0,0,0,0,0,1,1,"Paramilitary groups"
23621,0,0,0,0,0,0,0,0,0,0,0,0,1,1,"Paramilitary groups"
23624,0,0,1,0,0,0,0,0,0,0,0,0,0,1,"Paramilitary groups"
23630,0,0,1,0,0,0,0,0,0,0,0,0,0,1,"Paramilitary groups"
23638,0,0,1,0,0,0,0,0,0,0,0,0,0,1,"Guerrilla groups"
23648,0,0,1,0,0,0,0,0,1,0,0,0,0,0,"Paramilitary groups"
23664,0,0,1,0,0,0,0,0,0,0,0,0,0,1,"Paramilitary groups"
23666,0,0,0,1,0,0,1,0,0,0,0,0,0,0,"Paramilitary groups"
23667,0,0,1,0,0,0,0,0,0,0,1,0,1,1,"Guerrilla groups"
23669,0,0,0,1,1,0,0,0,0,0,0,0,0,0,"Guerrilla groups"
23670,0,0,0,0,0,0,0,0,0,0,0,0,1,1,"Guerrilla groups"
23671,0,0,0,0,0,0,0,0,0,0,0,0,1,1,"Guerrilla groups"
23672,0,0,0,0,0,0,0,0,0,0,0,0,1,1,"Guerrilla groups"
23673,0,0,0,0,0,0,0,0,0,0,0,0,1,1,"Guerrilla groups"
23674,0,0,1,0,0,0,0,0,0,1,0,0,0,0,"Guerrilla groups"
23675,0,0,1,0,0,0,0,0,0,1,0,0,0,0,"Guerrilla groups"
23676,0,0,1,0,0,0,0,0,0,0,0,0,0,1,"Guerrilla groups"
23677,0,0,1,0,0,0,0,0,0,0,0,0,0,1,"Guerrilla groups"
23683,0,0,1,0,0,0,0,0,0,0,0,0,0,1,"Paramilitary groups"
23688,0,0,0,0,0,0,0,0,0,0,0,1,0,1,"Paramilitary groups"
23699,0,1,1,0,0,0,0,0,0,0,0,0,0,0,"Guerrilla groups"
23700,0,0,1,0,0,0,0,0,0,0,0,0,0,1,"Guerrilla groups"
23701,0,0,1,0,0,0,0,0,0,0,0,0,0,1,"Guerrilla groups"
23707,0,0,1,0,0,0,0,0,0,0,0,0,0,1,"Paramilitary groups"
23710,1,0,1,0,0,0,0,0,0,0,0,0,0,0,"Paramilitary groups"
23728,0,0,1,0,0,0,0,0,0,0,0,0,0,1,"Paramilitary groups"
23740,0,0,1,0,0,0,0,0,0,0,0,0,0,1,"Paramilitary groups"
23743,0,0,0,0,0,0,0,0,0,0,0,0,1,1,"Guerrilla groups"
23750,0,0,1,0,0,0,0,0,1,0,0,0,0,1,"Guerrilla groups"
23752,0,0,1,0,0,0,0,0,0,0,0,0,0,1,"Other armed groups"
23753,0,0,1,0,0,0,0,0,0,0,0,0,0,1,"Guerrilla groups"
23765,0,0,0,0,0,0,0,0,0,0,0,0,1,1,"Guerrilla groups"
23766,0,0,0,0,1,1,0,0,1,0,0,0,0,0,"Paramilitary groups"
23767,0,1,1,0,0,0,0,0,0,0,0,0,0,0,"Other armed groups"
23768,0,1,1,0,0,0,0,0,0,0,0,0,0,0,"Paramilitary groups"
23769,0,1,0,0,1,0,0,0,1,0,0,0,0,0,"Paramilitary groups"
23782,0,0,1,0,0,0,0,0,0,0,0,0,0,1,"Other armed groups"
23784,0,0,1,0,0,0,0,0,0,0,0,0,0,1,"Guerrilla groups"
23787,1,0,0,0,0,0,0,0,0,0,0,1,0,0,"Other armed groups"
23791,0,0,1,0,0,0,0,0,0,0,0,0,0,1,"Other armed groups"
23792,0,0,1,0,0,0,0,0,0,0,0,0,0,1,"Paramilitary groups"
23806,0,0,1,0,1,0,0,0,0,0,0,0,0,0,"Guerrilla groups"
23814,0,1,0,0,0,0,0,0,0,0,0,1,0,0,"Guerrilla groups"
23815,1,0,0,0,0,0,0,0,0,0,0,1,0,0,"Guerrilla groups"
23818,1,0,0,0,1,0,0,0,0,0,0,0,0,0,"Paramilitary groups"
23841,0,0,0,0,1,1,0,0,0,0,0,0,0,0,"Other armed groups"
23842,0,0,1,0,1,1,0,0,1,0,0,0,0,0,"Guerrilla groups"
23851,0,0,1,0,0,0,0,0,1,1,0,0,0,0,"Guerrilla groups"
23853,0,0,1,0,0,0,0,0,0,0,0,0,0,1,"Paramilitary groups"
23859,0,0,0,0,0,0,0,0,0,1,0,0,1,1,"Paramilitary groups"
23863,0,0,1,0,0,0,0,0,0,0,0,0,0,1,"Paramilitary groups"
23864,0,0,0,0,0,0,0,0,0,0,0,0,1,1,"Guerrilla groups"
23871,0,0,0,0,0,0,0,0,1,0,1,0,1,1,"Guerrilla groups"
23877,1,0,0,0,0,0,0,0,1,0,0,0,0,0,"Paramilitary groups"
23880,0,0,1,0,0,1,1,0,0,0,0,0,0,0,"Guerrilla groups"
23881,0,0,1,0,1,0,0,0,0,0,0,0,0,1,"Paramilitary groups"
23882,0,0,1,0,0,0,0,0,0,0,0,0,0,1,"Paramilitary groups"
23883,0,0,0,0,1,1,0,0,1,0,1,0,0,1,"Paramilitary groups"
23889,1,0,0,0,0,0,0,0,0,0,0,0,0,1,"Paramilitary groups"
23890,1,0,1,0,0,0,0,0,0,0,0,0,0,0,"Paramilitary groups"
23892,0,0,1,0,0,0,0,0,0,0,0,0,0,1,"Paramilitary groups"
23894,0,0,1,0,0,0,0,0,0,0,0,0,0,1,"Paramilitary groups"
23896,1,0,0,1,0,0,0,0,0,0,0,0,0,0,"Paramilitary groups"
23897,0,0,1,0,0,0,0,0,0,0,0,0,0,1,"Paramilitary groups"
23914,0,0,1,0,0,0,0,0,0,0,0,0,0,1,"Paramilitary groups"
23919,0,0,1,0,0,1,0,0,0,0,0,0,0,0,"Paramilitary groups"
23922,1,0,0,0,0,0,0,0,1,0,0,0,0,0,"Guerrilla groups"
23923,1,0,0,0,0,0,0,0,1,0,0,0,0,0,"Guerrilla groups"
23930,1,1,1,0,0,0,0,0,0,0,0,1,0,0,"Paramilitary groups"
23931,1,1,1,0,0,0,0,0,0,0,0,1,0,0,"Paramilitary groups"
23932,1,1,1,0,0,0,0,0,0,0,0,1,0,0,"Paramilitary groups"
23933,0,0,1,0,0,0,0,0,0,0,0,0,0,1,"Guerrilla groups"
23939,0,0,0,0,0,0,0,0,0,0,0,0,1,1,"Guerrilla groups"
23940,0,0,0,0,0,0,0,0,0,0,0,0,1,1,"Guerrilla groups"
23941,0,0,0,0,0,0,0,0,0,0,0,0,1,1,"Guerrilla groups"
23942,0,0,0,0,0,0,0,0,0,0,0,0,1,1,"Guerrilla groups"
23943,0,0,0,0,0,0,0,0,0,0,0,0,1,1,"Guerrilla groups"
23945,0,0,1,0,0,0,0,0,0,0,0,0,0,1,"Guerrilla groups"
23959,1,0,0,0,1,0,0,0,0,0,0,0,0,0,"Guerrilla groups"
23960,0,0,0,0,0,0,0,0,0,1,1,0,0,0,"Guerrilla groups"
23961,0,0,0,0,0,0,0,0,0,1,1,0,0,0,"Guerrilla groups"
23962,0,0,1,0,0,1,0,0,0,0,0,0,0,0,"Other armed groups"
23963,0,0,1,0,0,0,0,0,0,0,0,0,0,1,"Other armed groups"
23964,0,0,1,0,0,0,0,0,0,0,0,0,0,1,"Other armed groups"
23975,0,0,0,0,1,0,0,1,0,0,0,0,0,0,"Other armed groups"
23980,0,0,1,0,1,0,0,0,1,0,0,0,0,0,"Paramilitary groups"
23981,0,0,1,0,1,0,0,0,1,0,0,0,0,0,"Paramilitary groups"
23982,0,0,0,0,0,0,0,0,0,0,0,0,1,1,"Paramilitary groups"
23983,0,0,0,0,0,0,0,0,0,0,0,0,1,1,"Paramilitary groups"
23984,0,0,0,0,0,0,0,0,0,0,0,0,1,1,"Paramilitary groups"
23985,0,0,0,0,0,0,0,0,0,0,0,0,1,1,"Paramilitary groups"
23992,0,0,0,0,1,0,0,0,0,0,0,0,0,1,"Paramilitary groups"
23993,0,0,1,0,0,0,0,0,0,0,0,0,0,1,"Other armed groups"
24014,0,0,0,0,1,0,0,0,1,0,1,0,0,0,"Guerrilla groups"
24015,0,0,0,0,1,0,0,0,1,0,1,0,0,0,"Guerrilla groups"
24016,0,0,0,0,1,0,0,0,1,0,1,0,0,0,"Guerrilla groups"
24017,0,0,0,0,1,0,0,0,1,0,1,0,0,0,"Guerrilla groups"
24018,0,0,0,0,1,0,0,0,1,0,1,0,0,0,"Guerrilla groups"
24021,0,0,1,0,0,0,0,0,0,0,0,0,0,1,"Guerrilla groups"
24040,1,0,1,0,0,0,0,0,0,0,0,0,0,0,"Other armed groups"
24041,0,0,1,0,0,0,0,0,0,0,0,0,0,1,"Guerrilla groups"
24049,0,0,0,0,1,1,0,0,0,0,0,0,0,1,"Paramilitary groups"
24050,0,0,0,0,0,0,0,0,0,0,0,0,1,1,"Guerrilla groups"
24056,0,0,0,0,1,0,0,0,0,0,0,0,0,1,"Paramilitary groups"
24057,0,0,0,0,1,0,0,0,0,0,0,0,0,1,"Paramilitary groups"
24058,0,0,0,0,1,0,0,0,0,0,0,0,0,1,"Paramilitary groups"
24059,0,0,0,0,1,0,0,0,0,0,0,0,0,1,"Paramilitary groups"
24064,1,0,0,0,0,0,1,0,0,0,0,0,0,0,"Paramilitary groups"
24076,0,0,1,0,1,0,0,0,0,1,0,0,1,1,"Paramilitary groups"
24092,0,0,1,0,1,0,0,0,0,1,0,0,0,0,"Paramilitary groups"
24095,0,0,1,0,0,0,1,0,0,0,0,0,0,0,"Guerrilla groups"
24109,0,0,0,0,1,0,0,1,0,0,0,0,0,0,"Other armed groups"
24122,0,0,1,0,0,0,0,0,0,0,0,0,0,1,"Paramilitary groups"
24123,0,0,0,0,0,0,0,0,0,0,0,0,1,1,"Paramilitary groups"
24133,0,0,1,0,0,0,0,0,0,0,0,0,0,1,"Paramilitary groups"
24134,0,0,1,0,0,0,0,0,0,0,0,0,0,1,"Paramilitary groups"
24135,0,0,1,0,0,0,0,0,0,0,0,0,0,1,"Paramilitary groups"
24136,0,0,1,0,0,0,0,0,0,0,0,0,0,1,"Paramilitary groups"
24137,0,0,1,0,0,0,0,0,0,0,0,0,0,1,"Paramilitary groups"
24138,0,0,1,0,1,0,0,0,0,0,0,0,0,1,"Paramilitary groups"
24139,0,0,1,0,1,0,0,0,0,0,0,0,0,1,"Paramilitary groups"
24140,0,0,1,0,1,0,0,0,0,0,0,0,0,1,"Paramilitary groups"
24141,0,0,1,0,1,0,0,0,0,0,0,0,0,1,"Paramilitary groups"
24142,0,0,1,0,1,0,0,0,0,0,0,0,0,1,"Paramilitary groups"
24149,0,0,1,0,0,0,0,0,0,0,0,0,0,1,"Paramilitary groups"
24155,0,0,0,0,0,0,0,0,0,0,0,0,1,1,"Paramilitary groups"
24168,0,0,1,0,0,0,0,0,1,0,0,0,0,0,"Other armed groups"
24173,0,0,1,0,0,0,0,0,0,0,0,0,0,1,"Paramilitary groups"
24175,0,0,1,0,0,0,0,0,0,0,0,0,0,1,"Paramilitary groups"
24176,0,0,1,0,0,0,0,0,0,0,0,0,0,1,"Paramilitary groups"
24178,0,0,0,1,0,0,0,0,1,0,0,0,0,0,"Guerrilla groups"
24188,0,0,1,0,1,0,0,0,0,0,0,0,0,0,"Other armed groups"
24189,0,0,1,0,1,0,0,0,0,0,0,0,0,0,"Other armed groups"
24191,0,0,1,0,1,1,0,0,1,1,1,0,0,1,"Paramilitary groups"
24196,0,0,0,0,0,0,0,0,0,0,0,0,1,1,"Guerrilla groups"
24199,0,0,0,0,0,0,0,0,0,0,0,0,1,1,"Paramilitary groups"
24200,0,0,0,0,0,0,0,0,0,0,0,0,1,1,"Guerrilla groups"
24222,0,0,0,0,0,0,0,0,0,1,0,1,0,0,"Guerrilla groups"
24223,0,0,0,0,0,0,0,0,0,1,0,1,0,0,"Guerrilla groups"
24231,0,0,1,0,1,0,0,0,0,0,0,0,0,1,"Guerrilla groups"
24232,0,0,1,0,0,0,1,0,0,0,0,0,0,0,"Other armed groups"
24233,0,0,1,0,0,0,1,0,0,0,0,0,0,0,"Other armed groups"
24234,0,0,1,0,0,0,1,0,0,0,0,0,0,0,"Other armed groups"
24244,0,0,1,0,0,0,0,0,0,0,0,0,0,1,"Paramilitary groups"
24268,0,0,0,0,1,0,0,0,1,0,0,0,0,0,"Guerrilla groups"
24305,0,0,1,0,0,0,0,0,0,0,0,0,0,1,"Paramilitary groups"
24306,0,0,0,0,1,0,0,1,0,0,0,0,0,0,"Other armed groups"
24307,0,0,0,0,1,0,0,1,0,0,0,0,0,0,"Other armed groups"
24308,0,0,0,0,1,0,0,1,0,0,0,0,0,0,"Other armed groups"
24311,0,0,1,0,0,0,0,0,0,0,0,0,0,1,"Guerrilla groups"
24313,1,0,0,0,0,0,0,1,0,0,0,0,0,0,"Paramilitary groups"
24319,0,0,1,0,0,0,0,0,0,0,0,0,0,1,"Guerrilla groups"
24321,0,0,0,0,1,0,0,0,1,0,0,0,0,0,"Guerrilla groups"
24322,0,0,1,0,1,0,0,0,0,0,0,0,0,0,"Paramilitary groups"
24332,0,0,1,0,0,0,0,0,0,0,0,0,0,1,"Other armed groups"
24335,0,0,0,0,1,0,0,0,1,0,0,0,0,0,"Guerrilla groups"
24336,0,0,1,0,0,0,0,0,0,0,0,0,0,1,"Guerrilla groups"
24338,0,0,0,0,0,1,1,0,0,0,0,0,0,0,"Guerrilla groups"
24339,0,0,0,0,0,0,0,1,0,0,0,0,0,1,"Guerrilla groups"
24340,0,0,1,0,0,1,0,0,1,0,0,0,0,0,"Paramilitary groups"
24343,0,0,1,0,1,1,0,0,0,0,0,0,0,0,"Guerrilla groups"
24351,0,0,1,0,0,0,0,0,0,0,0,0,0,1,"Paramilitary groups"
24352,0,0,1,0,0,0,0,0,0,0,0,0,0,1,"Paramilitary groups"
24356,0,0,1,0,0,0,0,0,0,1,0,0,0,1,"Paramilitary groups"
24365,0,0,1,0,0,0,1,0,0,0,0,0,0,0,"Guerrilla groups"
24366,1,0,0,0,1,0,0,0,0,0,0,0,0,0,"Other armed groups"
24370,0,0,1,0,0,0,0,0,0,0,1,0,0,0,"Paramilitary groups"
24376,1,0,0,0,0,0,0,0,1,0,0,0,0,0,"Other armed groups"
24379,0,0,1,0,0,1,0,0,0,0,0,0,0,0,"Paramilitary groups"
24387,0,0,1,0,0,0,0,0,0,1,0,0,0,0,"Paramilitary groups"
24389,0,0,0,0,1,0,0,0,1,0,0,0,0,0,"Paramilitary groups"
24393,1,0,0,0,1,0,0,0,0,0,0,0,0,0,"Other armed groups"
24394,0,0,0,0,0,0,0,0,0,0,0,0,1,1,"Other armed groups"
24409,0,0,0,1,0,0,1,0,0,0,0,0,0,0,"Guerrilla groups"
24412,0,0,0,0,1,0,0,0,1,0,0,0,0,0,"Guerrilla groups"
24413,0,0,0,1,1,0,0,0,0,0,0,0,0,0,"Paramilitary groups"
24414,0,0,0,1,1,0,0,0,0,0,0,0,0,0,"Paramilitary groups"
24415,0,0,0,0,0,0,0,0,0,0,0,0,1,1,"Paramilitary groups"
24420,0,0,1,0,0,0,0,0,0,0,0,0,1,1,"Paramilitary groups"
24422,0,0,1,0,1,0,0,0,0,0,0,0,0,1,"Other armed groups"
24424,1,0,0,0,0,0,0,0,1,0,0,0,0,0,"Paramilitary groups"
24435,0,0,0,0,1,0,0,0,1,0,0,0,0,0,"Paramilitary groups"
24446,1,0,0,0,1,0,0,0,0,0,0,0,0,0,"Paramilitary groups"
24450,0,0,0,0,0,1,0,0,1,0,0,0,0,0,"Guerrilla groups"
24453,0,0,1,0,0,0,0,0,0,0,0,0,0,1,"Guerrilla groups"
24456,0,0,1,0,0,0,0,0,0,0,0,0,0,1,"Guerrilla groups"
24463,0,0,0,0,0,0,0,0,0,1,0,0,0,1,"Paramilitary groups"
24479,1,0,0,0,0,0,0,0,0,0,0,1,0,0,"Paramilitary groups"
24483,0,0,0,0,0,0,0,0,0,0,0,0,1,1,"Paramilitary groups"
24484,0,0,0,0,0,0,0,0,0,0,0,0,1,1,"Paramilitary groups"
24485,0,0,1,0,0,0,0,0,0,0,0,0,0,1,"Guerrilla groups"
24486,0,0,0,1,0,0,1,0,0,0,0,0,0,0,"Guerrilla groups"
24490,0,0,1,0,1,0,0,0,0,0,0,0,0,0,"Guerrilla groups"
24497,0,0,1,0,0,0,0,0,0,0,0,0,0,1,"Guerrilla groups"
24502,1,0,0,0,1,0,0,0,0,0,0,0,0,0,"Other armed groups"
24503,1,0,0,0,1,0,0,0,0,0,0,0,0,0,"Other armed groups"
24504,0,0,0,0,0,0,0,0,0,0,0,0,1,1,"Paramilitary groups"
24505,0,0,0,0,0,0,0,0,0,0,0,0,1,1,"Guerrilla groups"
24506,0,0,0,0,0,0,0,0,0,0,0,0,1,1,"Guerrilla groups"
24526,1,0,0,1,1,0,0,0,0,0,0,0,0,0,"Paramilitary groups"
24538,0,0,1,0,0,0,0,0,0,0,0,0,0,1,"Guerrilla groups"
24544,0,0,1,0,0,0,0,0,0,1,0,0,0,1,"Paramilitary groups"
24545,0,0,1,0,0,0,0,0,0,1,0,0,0,1,"Paramilitary groups"
24546,1,0,1,0,0,0,0,0,0,0,0,0,0,0,"Guerrilla groups"
24547,0,0,1,0,0,0,0,0,0,0,0,0,0,1,"Guerrilla groups"
24548,0,0,1,0,0,0,0,0,0,0,0,0,0,1,"Paramilitary groups"
24549,1,0,0,0,1,0,0,0,0,0,0,0,0,0,"Other armed groups"
24554,1,0,1,0,0,0,0,0,0,0,0,0,0,0,"Paramilitary groups"
24555,0,0,1,0,0,0,0,0,0,0,0,0,0,1,"Paramilitary groups"
24556,0,0,1,0,0,0,0,0,0,0,0,0,0,1,"Paramilitary groups"
24557,0,0,1,0,0,0,0,0,0,0,0,0,0,1,"Paramilitary groups"
24558,0,0,1,0,0,0,0,0,0,0,0,0,0,1,"Paramilitary groups"
24559,0,0,1,0,0,0,0,0,0,0,0,0,0,1,"Paramilitary groups"
24560,0,0,1,0,0,0,0,0,0,0,0,0,0,1,"Paramilitary groups"
24561,0,0,1,0,0,0,0,0,0,0,0,0,0,1,"Paramilitary groups"
24562,0,0,1,0,0,0,0,0,0,0,0,0,0,1,"Paramilitary groups"
24563,0,0,1,0,0,0,0,0,0,0,0,0,0,1,"Paramilitary groups"
24564,0,0,1,0,0,0,0,0,0,0,0,0,0,1,"Paramilitary groups"
24579,0,0,1,0,1,0,0,0,0,0,0,0,0,1,"Other armed groups"
24581,1,0,0,0,1,0,0,0,0,0,0,0,0,0,"Other armed groups"
24588,0,0,1,0,0,0,0,0,0,0,0,0,0,1,"Other armed groups"
24592,1,0,0,0,0,0,0,0,1,0,0,0,0,0,"Guerrilla groups"
24606,1,0,0,1,1,0,0,0,0,0,0,0,0,0,"Paramilitary groups"
24607,1,0,0,1,1,0,0,0,0,0,0,0,0,0,"Paramilitary groups"
24618,0,0,1,0,0,0,0,0,0,0,0,0,0,1,"Paramilitary groups"
24623,0,0,1,0,0,0,0,0,0,0,0,0,0,1,"Paramilitary groups"
24632,0,0,1,0,0,0,0,0,0,1,0,0,0,0,"Paramilitary groups"
24638,0,0,0,0,1,0,0,0,1,0,0,0,0,0,"Guerrilla groups"
24641,0,0,0,0,0,0,0,0,1,0,1,0,0,0,"Guerrilla groups"
24656,0,0,1,0,0,0,0,0,0,0,0,0,1,1,"Guerrilla groups"
24657,0,0,1,0,0,0,0,0,0,0,0,0,1,1,"Guerrilla groups"
24663,0,0,1,0,0,0,0,1,0,0,0,0,0,0,"Other armed groups"
24678,1,0,0,1,0,0,0,0,0,0,0,0,0,0,"Other armed groups"
24685,0,0,0,0,0,0,1,0,0,0,0,0,0,1,"Guerrilla groups"
24687,0,0,1,0,0,0,0,0,0,0,0,0,1,1,"Paramilitary groups"
24706,0,0,1,0,0,0,0,0,0,0,0,0,0,1,"Paramilitary groups"
24711,0,0,0,0,1,0,0,1,0,0,0,0,0,0,"Other armed groups"
24712,0,1,1,0,0,0,0,0,0,0,0,0,0,0,"Paramilitary groups"
24752,0,1,1,0,0,0,0,0,0,0,0,0,0,0,"Guerrilla groups"
24753,1,0,0,1,0,0,0,0,0,0,0,0,0,0,"Other armed groups"
24756,0,0,0,0,1,0,0,1,0,0,0,0,0,0,"Other armed groups"
24763,0,0,1,0,0,0,0,1,0,0,0,0,0,0,"Other armed groups"
24771,0,1,1,0,0,0,0,0,0,0,0,0,0,0,"Other armed groups"
24772,0,1,1,0,0,0,0,0,0,0,0,0,0,0,"Other armed groups"
24779,1,1,1,0,0,0,0,0,0,0,0,0,0,1,"Paramilitary groups"
24810,0,0,1,0,0,0,0,0,0,0,0,0,0,1,"Paramilitary groups"
24811,0,0,1,0,0,0,0,0,0,0,0,0,0,1,"Paramilitary groups"
24812,0,0,1,0,0,0,0,0,0,0,0,0,0,1,"Paramilitary groups"
24813,0,0,1,0,0,0,0,0,0,0,0,0,0,1,"Paramilitary groups"
24815,0,0,1,0,0,0,0,0,0,0,0,0,0,1,"Paramilitary groups"
24816,0,0,1,0,0,0,0,0,0,0,0,0,0,1,"Paramilitary groups"
24817,0,0,1,0,0,0,0,0,0,0,0,0,0,1,"Paramilitary groups"
24822,0,0,1,0,0,0,0,0,0,0,0,0,0,1,"Paramilitary groups"
24823,0,0,1,0,0,0,0,0,0,0,0,0,0,1,"Paramilitary groups"
24831,1,0,0,0,1,0,0,0,0,0,0,0,0,0,"Other armed groups"
24832,1,0,0,0,1,0,0,0,0,0,0,0,0,0,"Other armed groups"
24833,1,0,0,0,1,0,0,0,0,0,0,0,0,0,"Other armed groups"
24834,1,0,0,0,1,0,0,0,0,0,0,0,0,0,"Other armed groups"
24835,1,0,0,0,1,0,0,0,0,0,0,0,0,0,"Other armed groups"
24837,0,0,1,0,0,0,0,0,0,0,0,0,1,0,"Other armed groups"
24838,0,0,1,0,0,0,0,0,0,0,0,0,1,0,"Other armed groups"
24881,1,0,0,0,0,0,0,0,0,0,1,0,0,0,"Paramilitary groups"
24893,0,0,0,0,0,1,0,0,1,0,0,0,0,0,"Guerrilla groups"
24894,0,0,1,0,0,0,0,0,0,0,0,0,0,1,"Guerrilla groups"
24905,0,1,0,0,0,0,0,0,0,0,0,1,0,0,"Guerrilla groups"
24908,1,0,0,1,0,0,0,0,0,0,0,0,0,0,"Other armed groups"
24910,0,0,1,0,0,0,0,0,0,0,0,0,0,1,"Guerrilla groups"
24920,0,0,1,0,0,0,0,1,0,0,0,0,0,0,"Other armed groups"
24922,1,0,0,0,1,0,0,0,0,0,0,0,0,0,"Other armed groups"
24937,0,0,1,0,0,0,0,0,0,0,0,0,0,1,"Guerrilla groups"
24943,0,1,0,0,0,0,0,0,0,0,1,0,0,0,"Guerrilla groups"
24974,0,1,0,0,0,0,0,0,0,0,0,0,0,1,"Guerrilla groups"
24975,0,0,1,0,0,0,0,0,0,0,0,0,0,1,"Guerrilla groups"
24983,0,0,0,0,0,0,0,0,0,0,0,0,1,1,"Paramilitary groups"
24984,0,0,1,0,0,0,0,0,0,0,0,0,0,1,"Paramilitary groups"
25013,1,0,0,0,1,0,0,0,0,0,0,0,0,0,"Guerrilla groups"
25014,0,0,1,0,0,0,0,0,0,0,0,0,0,1,"Other armed groups"
25015,0,0,1,0,0,0,0,0,0,0,0,0,0,1,"Other armed groups"
25021,0,0,0,0,1,0,0,0,0,1,0,1,0,0,"Paramilitary groups"
25025,0,0,1,0,1,0,0,0,0,0,0,0,0,0,"Other armed groups"
25026,0,0,0,1,0,0,0,0,1,0,0,0,0,0,"Guerrilla groups"
25027,0,0,0,0,0,0,0,0,0,0,0,0,1,1,"Guerrilla groups"
25033,1,0,1,0,0,0,0,0,0,0,0,0,0,0,"Guerrilla groups"
25038,0,0,1,0,1,0,0,0,0,0,0,0,0,0,"Paramilitary groups"
25040,1,0,0,1,0,0,0,0,0,0,0,0,0,0,"Guerrilla groups"
25041,0,0,0,1,1,0,0,0,0,0,0,0,0,0,"Guerrilla groups"
25050,0,0,0,0,0,0,1,0,0,0,0,0,0,1,"Paramilitary groups"
25059,0,0,1,0,0,0,0,0,0,0,0,0,0,1,"Other armed groups"
25060,1,0,1,0,0,0,0,0,0,0,0,0,0,0,"Guerrilla groups"
25072,0,0,1,0,0,0,0,0,0,0,0,0,0,1,"Guerrilla groups"
25074,0,0,0,1,0,0,0,0,1,0,0,0,0,0,"Other armed groups"
25082,0,0,1,0,0,0,0,0,0,0,0,0,0,1,"Paramilitary groups"
25088,0,0,1,0,0,0,0,0,0,0,0,0,0,1,"Guerrilla groups"
25089,0,0,1,0,0,0,0,0,0,0,0,0,0,1,"Guerrilla groups"
25092,0,0,1,0,0,0,0,0,0,0,0,0,0,1,"Paramilitary groups"
25094,0,0,1,0,0,0,0,0,0,0,0,0,0,1,"Paramilitary groups"
25096,0,0,1,0,0,0,0,0,0,0,0,0,0,1,"Other armed groups"
25099,0,0,0,1,0,0,0,0,1,0,0,0,0,0,"Guerrilla groups"
25100,0,0,0,1,0,0,0,0,1,0,0,0,0,0,"Guerrilla groups"
25101,1,0,0,0,1,0,0,0,1,0,0,0,0,0,"Guerrilla groups"
25102,0,0,1,0,0,0,0,0,0,0,0,0,0,1,"Other armed groups"
25104,0,0,0,0,1,0,0,1,0,0,0,0,0,0,"Other armed groups"
25114,0,0,0,0,0,0,0,0,0,0,1,0,0,1,"Paramilitary groups"
25115,0,0,1,0,0,0,0,0,0,0,0,0,0,1,"Paramilitary groups"
25118,0,0,1,0,0,0,0,0,0,0,0,0,0,1,"Guerrilla groups"
25120,0,0,1,0,0,0,0,0,0,0,0,0,0,1,"Guerrilla groups"
25121,0,0,1,0,0,0,0,0,0,0,0,0,0,1,"Guerrilla groups"
25122,0,0,0,0,0,0,0,0,0,1,0,0,0,1,"Paramilitary groups"
25129,0,1,1,0,0,0,0,0,0,0,0,0,0,1,"Paramilitary groups"
25130,0,0,1,0,0,0,0,0,0,0,1,0,0,0,"Paramilitary groups"
25131,0,0,1,0,0,0,0,0,0,0,0,0,0,1,"Paramilitary groups"
25142,0,0,1,0,0,0,0,0,0,0,0,0,0,1,"Guerrilla groups"
25143,0,0,1,0,0,0,0,0,0,0,0,0,0,1,"Guerrilla groups"
25155,0,0,0,0,0,0,0,0,0,0,0,0,1,1,"Paramilitary groups"
25157,0,0,0,0,1,0,0,0,1,0,0,0,0,0,"Guerrilla groups"
25165,0,0,0,0,1,0,0,1,0,0,0,0,0,0,"Other armed groups"
25169,0,0,1,0,0,0,0,0,0,0,0,0,1,1,"Guerrilla groups"
25171,1,0,1,0,0,0,0,0,0,0,1,0,0,0,"Guerrilla groups"
25172,0,0,1,0,0,0,0,0,0,1,0,0,0,0,"Other armed groups"
25173,0,0,1,0,0,0,0,0,0,0,0,0,0,1,"Other armed groups"
25174,0,0,1,0,0,0,0,0,0,0,0,0,0,1,"Other armed groups"
25184,1,0,0,0,0,0,0,0,0,1,0,0,0,0,"Guerrilla groups"
25186,0,0,1,0,1,0,0,0,0,1,0,0,0,0,"Guerrilla groups"
25187,0,0,1,0,1,0,0,0,0,1,0,0,0,0,"Guerrilla groups"
25191,0,0,1,0,0,0,0,0,0,0,0,0,0,1,"Guerrilla groups"
25193,0,0,0,0,0,0,0,0,0,0,0,0,1,1,"Other armed groups"
25198,0,0,1,0,0,0,0,0,0,0,0,0,0,1,"Other armed groups"
25199,0,1,1,0,0,0,0,0,0,0,0,0,0,0,"Other armed groups"
25211,1,0,0,0,0,0,0,0,0,0,1,0,0,0,"Guerrilla groups"
25212,0,0,1,0,0,0,0,0,0,0,0,0,0,1,"Guerrilla groups"
25215,0,0,0,0,1,1,0,1,0,0,0,0,0,0,"Other armed groups"
25216,0,0,0,0,0,0,0,0,0,0,0,0,1,1,"Other armed groups"
25224,0,0,0,0,0,1,0,0,0,0,0,0,0,1,"Guerrilla groups"
25225,0,1,1,0,0,0,0,0,0,0,0,0,0,0,"Guerrilla groups"
25228,0,1,0,0,0,0,0,0,0,0,0,0,0,1,"Other armed groups"
25229,0,0,0,0,0,0,0,0,0,0,0,0,1,1,"Guerrilla groups"
25242,0,0,1,0,0,0,0,0,0,0,0,0,0,1,"Paramilitary groups"
25243,0,0,1,0,0,0,0,0,0,0,0,0,0,1,"Paramilitary groups"
25244,0,0,1,0,0,0,0,0,0,0,0,0,0,1,"Paramilitary groups"
25249,0,0,1,0,0,0,0,0,0,0,0,0,0,1,"Guerrilla groups"
25250,0,0,1,0,0,0,0,0,0,0,0,0,0,1,"Guerrilla groups"
25251,0,0,1,0,0,0,0,0,0,0,0,0,0,1,"Guerrilla groups"
25252,0,0,1,0,0,0,0,0,0,0,0,0,0,1,"Other armed groups"
25269,0,0,1,0,0,0,0,0,0,0,0,0,0,1,"Paramilitary groups"
25272,0,0,0,1,0,0,1,0,0,0,0,0,0,0,"Guerrilla groups"
25274,0,0,0,0,0,0,0,0,0,0,0,0,1,1,"Other armed groups"
25279,0,0,1,0,0,0,0,0,0,0,0,0,0,1,"Paramilitary groups"
25280,0,0,1,0,0,0,0,0,0,0,0,0,0,1,"Paramilitary groups"
25288,0,0,0,0,0,0,0,0,0,0,0,0,1,1,"Guerrilla groups"
25292,0,0,0,0,0,0,1,0,0,0,0,0,0,1,"Guerrilla groups"
25310,1,0,0,0,1,0,0,0,0,0,0,0,0,0,"Paramilitary groups"
25314,0,0,1,0,0,0,0,0,0,0,0,0,0,1,"Paramilitary groups"
25318,0,0,0,0,0,0,0,0,0,0,0,0,1,1,"Other armed groups"
25319,0,0,0,0,0,0,0,0,0,0,0,0,1,1,"Other armed groups"
25320,0,0,0,0,0,0,0,0,0,0,0,0,1,1,"Guerrilla groups"
25321,0,0,0,0,0,0,0,0,0,0,0,0,1,1,"Guerrilla groups"
25326,0,0,0,0,0,0,0,0,0,0,0,0,1,1,"Other armed groups"
25327,0,0,0,0,0,0,0,0,0,0,0,0,1,1,"Other armed groups"
25333,0,1,0,0,0,0,0,0,0,0,0,0,0,1,"Other armed groups"
25335,0,0,1,0,1,1,0,0,0,0,0,0,0,0,"Paramilitary groups"
25353,0,0,1,0,1,0,0,0,1,0,0,0,0,0,"Guerrilla groups"
25354,0,0,1,0,1,0,0,0,1,0,0,0,0,0,"Guerrilla groups"
25355,0,0,0,0,0,0,0,0,0,0,0,0,1,1,"Guerrilla groups"
25359,0,0,1,0,1,0,0,0,0,0,0,0,0,0,"Other armed groups"
25360,0,0,1,0,1,0,0,0,0,0,0,0,0,0,"Other armed groups"
25363,0,0,1,0,0,0,0,0,0,0,0,0,0,1,"Paramilitary groups"
25364,0,0,1,0,0,0,0,0,0,0,0,0,0,1,"Paramilitary groups"
25365,0,0,1,0,0,0,0,0,0,0,0,0,0,1,"Paramilitary groups"
25366,0,0,1,0,0,0,0,0,0,0,0,0,0,1,"Paramilitary groups"
25374,0,0,1,0,0,0,0,0,0,0,0,0,0,1,"Paramilitary groups"
25378,0,0,0,0,0,0,1,0,0,0,0,0,0,1,"Guerrilla groups"
25380,0,0,0,1,0,0,0,0,1,0,0,0,0,0,"Guerrilla groups"
25381,0,0,0,1,0,0,0,0,1,0,0,0,0,0,"Guerrilla groups"
25386,0,0,1,0,0,0,0,0,0,0,0,0,0,1,"Other armed groups"
25387,0,0,1,0,0,0,0,0,0,0,0,0,0,1,"Other armed groups"
25389,0,0,0,0,0,0,0,0,0,1,0,0,1,0,"Paramilitary groups"
25390,0,0,0,1,0,0,1,0,0,0,0,0,0,0,"Guerrilla groups"
25396,1,0,0,0,0,0,0,0,0,0,0,1,0,0,"Other armed groups"
25397,0,0,0,0,1,0,0,1,0,0,0,0,0,0,"Other armed groups"
25398,0,0,0,0,1,0,0,1,0,0,0,0,0,0,"Other armed groups"
25402,0,0,0,0,0,0,0,0,0,0,0,1,0,1,"Other armed groups"
25418,0,1,1,0,0,0,0,0,0,0,0,0,0,0,"Paramilitary groups"
25430,0,0,0,0,0,0,0,0,0,0,0,0,1,1,"Paramilitary groups"
25431,0,0,0,0,0,0,0,0,0,0,0,0,1,1,"Paramilitary groups"
25453,0,1,0,0,0,0,0,0,0,0,0,0,0,1,"Paramilitary groups"
25471,0,0,1,0,0,0,0,0,0,0,0,0,0,1,"Other armed groups"
25472,0,0,0,0,0,0,1,0,0,0,0,0,0,1,"Paramilitary groups"
25482,0,0,1,0,0,0,0,0,0,0,0,0,0,1,"Paramilitary groups"
25483,0,0,1,0,0,0,0,0,0,0,0,0,0,1,"Paramilitary groups"
25484,0,0,1,0,0,0,0,0,0,0,0,0,0,1,"Other armed groups"
25485,1,1,0,0,0,0,0,0,0,0,0,0,0,0,"Other armed groups"
25488,0,0,0,1,0,0,0,0,0,0,0,0,1,1,"Paramilitary groups"
25493,0,0,1,0,0,0,0,0,0,0,0,1,0,1,"Guerrilla groups"
25494,1,0,0,0,0,0,0,0,0,0,0,0,1,0,"Guerrilla groups"
25495,0,0,1,0,0,0,0,0,0,0,0,0,0,1,"Paramilitary groups"
25526,0,0,1,0,0,0,0,0,1,0,0,0,0,0,"Paramilitary groups"
25532,0,0,1,0,0,0,0,0,0,0,0,0,1,0,"Other armed groups"
25533,0,1,0,0,0,0,0,1,0,0,0,0,0,0,"Other armed groups"
25543,1,0,0,0,0,0,0,0,1,0,0,0,0,0,"Guerrilla groups"
25545,0,0,1,0,0,0,0,0,0,0,0,0,0,1,"Other armed groups"
25546,0,0,1,0,0,0,0,0,0,0,0,0,0,1,"Other armed groups"
25551,1,0,0,1,0,0,0,0,0,0,0,0,0,0,"Other armed groups"
25579,0,0,1,0,0,0,1,0,0,0,0,0,0,0,"Guerrilla groups"
25583,0,0,1,0,0,0,0,0,0,0,0,0,0,1,"Other armed groups"
25585,0,0,1,0,0,0,0,0,0,0,0,0,0,1,"Paramilitary groups"
25588,0,0,1,0,0,0,0,0,0,0,0,0,0,1,"Other armed groups"
25590,0,0,0,0,0,0,1,0,0,0,0,0,0,1,"Guerrilla groups"
25596,0,0,0,0,1,1,0,0,0,0,0,0,0,0,"Paramilitary groups"
25601,0,0,0,0,1,0,0,0,0,1,0,0,0,1,"Other armed groups"
25623,1,0,0,0,1,0,0,0,0,0,0,0,0,0,"Other armed groups"
25633,0,0,0,0,1,0,0,0,1,0,0,0,0,0,"Paramilitary groups"
25636,0,0,1,0,0,0,0,0,0,0,0,0,0,1,"Paramilitary groups"
25661,0,0,1,0,0,0,0,0,0,0,0,0,0,1,"Other armed groups"
25662,1,0,1,0,0,0,0,0,0,0,0,0,0,0,"Other armed groups"
25663,0,0,1,0,0,0,0,0,0,0,0,0,0,1,"Other armed groups"
25666,0,0,1,0,1,0,0,0,0,0,0,0,0,0,"Paramilitary groups"
25667,0,0,1,0,1,0,0,0,0,0,0,0,0,0,"Paramilitary groups"
25669,0,0,0,0,1,0,0,1,0,0,0,0,0,0,"Other armed groups"
25678,0,0,1,0,1,0,0,0,0,0,0,0,0,0,"Other armed groups"
25680,1,0,0,0,1,0,0,0,1,0,0,0,0,0,"Other armed groups"
25681,0,0,1,0,0,0,0,0,0,0,0,0,0,1,"Other armed groups"
25685,0,0,1,0,0,0,0,0,0,1,0,0,0,0,"Paramilitary groups"
25690,0,0,1,0,0,0,0,0,1,0,0,0,0,0,"Guerrilla groups"
25707,0,0,1,0,1,0,0,0,0,0,0,0,0,0,"Other armed groups"
25723,1,0,1,0,0,0,0,0,0,0,0,0,0,0,"Paramilitary groups"
25733,0,0,1,0,0,0,0,0,0,0,0,0,0,1,"Other armed groups"
25734,0,0,1,0,0,0,0,0,0,0,0,0,0,1,"Other armed groups"
25749,0,1,1,0,0,0,0,0,0,0,0,0,0,0,"Paramilitary groups"
25762,1,0,0,0,1,0,0,0,0,0,0,0,0,0,"Paramilitary groups"
25763,0,0,0,0,0,0,0,0,0,0,0,0,1,1,"Paramilitary groups"
25764,1,0,0,0,1,0,0,0,0,0,0,0,0,0,"Paramilitary groups"
25765,0,1,0,0,1,1,0,1,0,0,0,1,0,0,"Other armed groups"
25766,1,0,0,0,0,0,0,0,0,0,0,1,0,0,"Other armed groups"
25767,1,0,0,0,0,0,0,0,0,0,0,1,0,0,"Other armed groups"
25768,1,0,0,0,0,0,0,0,0,0,0,1,0,0,"Other armed groups"
25769,1,0,0,0,0,0,0,0,0,0,0,1,0,0,"Other armed groups"
25770,0,0,1,0,1,0,0,1,0,0,0,0,0,0,"Other armed groups"
25791,0,0,0,0,0,0,0,0,0,0,0,1,1,1,"Guerrilla groups"
25796,0,0,0,0,1,0,0,1,0,0,0,0,0,0,"Other armed groups"
25797,1,0,0,1,0,0,0,0,1,0,0,0,0,0,"Other armed groups"
25800,0,0,0,0,0,0,0,0,0,1,1,0,0,1,"Guerrilla groups"
25801,0,0,0,0,0,0,0,0,0,1,1,0,0,1,"Guerrilla groups"
25805,0,0,1,0,0,0,0,0,0,0,1,0,0,0,"Paramilitary groups"
25806,0,0,1,0,0,0,0,0,0,0,1,0,0,0,"Paramilitary groups"
25812,0,0,1,0,0,0,0,0,0,0,0,0,0,1,"Guerrilla groups"
25813,0,0,0,0,0,0,0,0,0,0,0,0,1,1,"Other armed groups"
25814,0,0,0,0,0,0,0,0,0,0,0,0,1,1,"Other armed groups"
25835,1,0,1,0,0,0,0,0,0,0,0,0,0,0,"Other armed groups"
25836,0,0,1,0,1,1,0,0,0,0,0,0,0,0,"Other armed groups"
25838,0,0,0,1,0,0,1,0,0,0,0,0,0,0,"Guerrilla groups"
25841,0,0,0,0,0,0,0,0,0,0,0,0,1,1,"Guerrilla groups"
25846,0,0,1,0,0,0,0,0,0,0,0,0,0,1,"Guerrilla groups"
25852,0,0,0,0,1,1,0,1,0,0,0,0,0,0,"Other armed groups"
25869,0,0,1,0,0,0,0,0,0,0,0,0,1,1,"Paramilitary groups"
25872,0,0,1,0,0,0,0,0,0,0,0,0,0,1,"Paramilitary groups"
25875,0,0,1,0,0,0,0,0,0,0,0,0,1,1,"Other armed groups"
25876,0,0,1,0,0,0,0,0,0,0,0,0,1,1,"Other armed groups"
25883,0,1,0,0,0,0,0,0,0,0,0,0,0,1,"Other armed groups"
25884,0,0,1,0,0,0,0,0,0,0,0,0,0,1,"Paramilitary groups"
25885,0,0,1,0,0,0,0,0,0,0,0,0,0,1,"Paramilitary groups"
25887,0,0,1,0,0,0,0,0,0,0,0,0,0,1,"Paramilitary groups"
25894,1,0,0,1,1,0,0,0,0,0,0,0,0,0,"Other armed groups"
25900,0,0,1,0,0,0,0,0,0,0,0,0,0,1,"Paramilitary groups"
25909,1,0,0,0,0,0,0,0,1,0,0,0,0,0,"Guerrilla groups"
25917,0,0,1,0,0,0,0,0,0,1,0,0,0,0,"Paramilitary groups"
25929,0,0,1,0,0,0,0,0,0,0,0,0,0,1,"Other armed groups"
25931,0,0,1,0,0,0,0,0,0,0,0,0,0,1,"Paramilitary groups"
25933,1,0,1,0,0,0,0,0,0,0,0,0,0,0,"Other armed groups"
25943,1,0,0,0,0,0,0,0,1,0,0,0,0,0,"Guerrilla groups"
25944,1,0,0,0,0,0,0,0,1,0,0,0,0,0,"Guerrilla groups"
25945,1,0,0,0,0,0,0,0,1,0,0,0,0,0,"Guerrilla groups"
25946,1,0,0,0,0,0,0,0,1,0,0,0,0,0,"Guerrilla groups"
25948,0,0,0,0,0,0,0,0,0,0,0,0,1,1,"Other armed groups"
25950,0,0,0,0,0,0,1,0,0,0,0,0,1,1,"Paramilitary groups"
25956,0,0,1,0,0,0,0,0,1,0,0,0,0,0,"Paramilitary groups"
25957,1,0,0,1,0,0,0,0,0,0,0,0,0,0,"Paramilitary groups"
25961,0,0,1,0,0,0,0,0,0,0,0,0,0,1,"Guerrilla groups"
25962,0,0,1,0,0,0,0,0,0,0,0,0,0,1,"Guerrilla groups"
25965,0,0,0,0,1,0,0,0,0,0,0,1,0,0,"Guerrilla groups"
25979,0,0,0,0,1,0,0,1,0,0,0,0,0,0,"Other armed groups"
25980,0,0,1,0,0,0,0,0,0,0,0,0,0,1,"Other armed groups"
26010,0,0,1,0,0,0,0,0,0,0,0,0,0,1,"Paramilitary groups"
26038,1,0,1,0,0,0,0,0,0,0,0,0,0,0,"Paramilitary groups"
26041,0,0,0,1,1,0,0,0,0,0,0,0,0,0,"Paramilitary groups"
26055,0,0,0,0,1,0,0,1,0,0,0,0,0,0,"Paramilitary groups"
26085,0,0,0,1,0,0,1,0,0,0,0,0,0,0,"Guerrilla groups"
26102,0,0,1,0,0,0,0,0,1,0,0,0,0,0,"Guerrilla groups"
26103,0,0,1,0,0,0,0,0,0,0,0,0,0,1,"Paramilitary groups"
26122,0,0,1,0,0,0,0,0,0,0,0,0,0,1,"Guerrilla groups"
26141,0,0,1,0,0,0,0,0,0,0,0,0,0,1,"Other armed groups"
26159,0,0,1,0,0,0,0,0,0,0,0,1,0,0,"Guerrilla groups"
26160,0,0,1,0,0,0,0,0,0,0,0,0,0,1,"Paramilitary groups"
26161,0,0,1,0,0,0,0,0,0,0,0,0,0,1,"Paramilitary groups"
26163,0,0,0,0,0,0,0,0,0,0,0,0,1,1,"Other armed groups"
26164,0,0,1,0,1,0,0,0,1,0,0,0,0,0,"Paramilitary groups"
26166,0,1,0,0,1,0,0,1,0,0,0,0,0,0,"Other armed groups"
26170,1,0,0,0,0,0,0,0,1,0,0,0,0,0,"Other armed groups"
26182,0,0,0,0,1,0,0,1,0,0,0,0,0,0,"Other armed groups"
26189,1,0,1,0,0,0,0,0,0,0,0,0,0,0,"Paramilitary groups"
26200,0,0,1,0,0,0,0,0,0,0,0,0,0,1,"Other armed groups"
26201,0,0,1,0,0,0,0,0,0,0,0,0,0,1,"Other armed groups"
26202,0,0,0,0,0,0,0,0,0,0,0,1,0,1,"Other armed groups"
26219,0,0,1,0,0,0,0,0,0,0,1,0,0,0,"Guerrilla groups"
26220,0,0,1,0,0,0,0,0,0,0,1,0,0,0,"Guerrilla groups"
26222,0,0,1,0,0,0,0,0,0,1,0,0,0,0,"Paramilitary groups"
26224,0,0,1,0,0,0,0,0,0,0,0,0,1,1,"Paramilitary groups"
26226,0,0,1,0,0,0,0,0,0,0,0,0,0,1,"Other armed groups"
26227,0,0,1,0,0,0,0,0,0,0,0,0,0,1,"Other armed groups"
26228,0,0,1,0,0,0,0,0,0,0,0,0,0,1,"Other armed groups"
26229,0,0,1,0,0,0,0,0,0,0,0,0,0,1,"Other armed groups"
26230,0,0,1,0,0,0,0,0,0,0,0,0,0,1,"Other armed groups"
26237,0,0,1,0,0,0,0,0,0,0,0,0,0,1,"Paramilitary groups"
26238,0,0,1,0,0,0,0,0,0,0,0,0,0,1,"Paramilitary groups"
26239,0,0,1,0,0,0,0,0,0,0,0,0,0,1,"Paramilitary groups"
26246,0,0,1,0,0,0,0,0,0,0,0,0,0,1,"Guerrilla groups"
26247,0,0,1,0,0,0,0,0,0,0,0,0,0,1,"Guerrilla groups"
26248,0,0,1,0,0,0,0,0,0,0,0,0,0,1,"Guerrilla groups"
26249,0,0,1,0,0,0,0,0,0,0,0,0,0,1,"Guerrilla groups"
26250,0,0,1,0,0,0,0,0,0,0,0,0,0,1,"Guerrilla groups"
26251,0,0,1,0,0,0,0,0,0,0,0,0,0,1,"Guerrilla groups"
26252,1,0,1,0,0,0,0,0,0,0,0,0,0,0,"Guerrilla groups"
26255,0,0,0,0,0,0,0,0,0,0,0,0,1,1,"Guerrilla groups"
26256,0,0,0,0,0,0,0,0,0,0,0,0,1,1,"Guerrilla groups"
26287,0,0,0,1,1,0,0,0,0,0,0,0,0,0,"Other armed groups"
26288,0,0,1,0,0,0,0,0,0,0,0,0,0,1,"Other armed groups"
26289,0,0,1,0,0,0,0,0,1,0,0,0,0,0,"Other armed groups"
26305,0,0,1,0,0,0,0,0,0,0,0,0,0,1,"Guerrilla groups"
26314,0,0,1,0,0,0,0,0,0,0,0,0,0,1,"Paramilitary groups"
26321,0,1,1,0,0,0,0,0,0,0,0,0,0,0,"Other armed groups"
26322,0,0,0,0,1,0,0,1,0,0,0,0,0,0,"Other armed groups"
26323,0,0,0,0,1,0,0,0,1,0,0,0,0,0,"Guerrilla groups"
26333,0,0,1,0,1,1,0,0,0,0,1,0,0,0,"Guerrilla groups"
26334,0,0,0,0,0,0,0,0,0,0,0,0,1,1,"Guerrilla groups"
26335,0,0,0,0,0,0,0,0,0,0,0,0,1,1,"Guerrilla groups"
26336,0,0,0,0,0,0,0,0,0,0,0,0,1,1,"Guerrilla groups"
26337,0,0,0,0,0,0,0,0,0,0,0,0,1,1,"Guerrilla groups"
26338,0,0,1,0,1,1,0,0,0,0,0,0,0,0,"Guerrilla groups"
26339,0,0,1,0,1,0,0,0,0,0,0,0,0,0,"Paramilitary groups"
26340,0,0,1,0,1,0,0,0,0,0,0,0,0,0,"Paramilitary groups"
26341,0,0,1,0,1,0,0,0,0,0,0,0,0,0,"Paramilitary groups"
26346,0,0,1,0,1,0,0,0,0,0,1,0,0,0,"Guerrilla groups"
26347,0,0,0,0,0,1,0,0,0,0,0,0,0,1,"Guerrilla groups"
26348,0,0,1,0,1,0,0,0,0,0,0,0,0,0,"Guerrilla groups"
26349,0,0,0,0,0,0,0,0,0,0,0,0,1,1,"Guerrilla groups"
26350,0,0,0,0,0,0,0,0,0,0,0,0,1,1,"Guerrilla groups"
26351,0,0,0,0,0,0,0,0,0,0,0,0,1,1,"Guerrilla groups"
26355,0,1,0,0,0,0,0,0,0,0,0,0,0,1,"Paramilitary groups"
26358,0,0,1,0,0,0,0,0,0,0,0,0,1,1,"Paramilitary groups"
26359,0,0,1,0,0,0,0,0,0,0,0,0,1,1,"Paramilitary groups"
26360,0,0,1,0,0,0,0,0,0,0,0,0,1,1,"Paramilitary groups"
26365,0,0,0,0,1,0,0,0,1,0,0,0,0,0,"Paramilitary groups"
26366,0,0,0,1,0,0,0,1,0,0,0,0,0,0,"Other armed groups"
26376,0,0,0,0,0,0,1,0,1,0,0,0,0,0,"Guerrilla groups"
26379,0,0,0,0,0,0,0,0,0,0,0,1,0,1,"Guerrilla groups"
26380,0,0,0,0,0,0,0,0,0,0,0,1,0,1,"Guerrilla groups"
26381,0,0,0,0,0,0,0,0,0,0,0,1,0,1,"Guerrilla groups"
26382,0,0,0,0,0,0,0,0,0,0,0,1,0,1,"Guerrilla groups"
26383,0,0,0,0,0,0,0,0,0,0,0,1,0,1,"Guerrilla groups"
26384,0,0,1,0,0,0,0,0,0,0,0,0,1,1,"Other armed groups"
26385,0,0,1,0,0,0,0,0,0,0,0,0,1,1,"Other armed groups"
26388,0,0,1,0,0,0,0,0,0,0,1,0,1,1,"Guerrilla groups"
26389,0,0,1,0,0,0,0,0,0,0,1,0,1,1,"Guerrilla groups"
26390,0,0,1,0,0,0,0,0,0,0,1,0,1,1,"Guerrilla groups"
26394,0,0,1,1,0,0,0,0,0,0,0,0,0,0,"Other armed groups"
26397,0,0,1,0,0,0,0,0,0,0,0,0,1,1,"Paramilitary groups"
26399,0,0,1,0,0,0,0,0,0,0,0,0,0,1,"Paramilitary groups"
26400,1,0,0,0,1,0,0,0,0,0,0,0,0,0,"Paramilitary groups"
26403,1,0,0,0,0,0,0,0,0,0,0,1,0,0,"Guerrilla groups"
26404,1,0,0,0,0,0,0,0,0,0,0,1,0,0,"Guerrilla groups"
26405,1,0,0,0,0,0,0,0,0,0,0,1,0,0,"Guerrilla groups"
26406,1,0,0,0,0,0,0,0,0,0,0,1,0,0,"Guerrilla groups"
26407,1,0,0,0,0,0,0,0,0,0,0,1,0,0,"Guerrilla groups"
26408,1,0,0,0,0,0,0,0,0,0,0,1,0,0,"Guerrilla groups"
26409,1,0,0,0,0,0,0,0,0,0,0,1,0,0,"Guerrilla groups"
26418,0,0,0,0,0,0,0,0,0,0,1,0,0,1,"Other armed groups"
26421,0,0,0,0,0,1,0,0,0,0,0,0,0,1,"Other armed groups"
26423,0,0,0,0,0,0,1,0,0,0,0,0,0,1,"Guerrilla groups"
26426,0,0,0,0,0,0,0,0,0,0,1,0,0,1,"Paramilitary groups"
26427,0,1,0,0,0,1,0,0,0,0,0,0,0,1,"Guerrilla groups"
26428,0,0,1,0,0,0,0,0,0,0,0,0,0,1,"Other armed groups"
26438,0,0,1,0,1,0,0,0,0,0,0,0,1,0,"Paramilitary groups"
26445,0,0,1,0,0,1,0,0,0,0,0,1,0,1,"Paramilitary groups"
26446,0,0,1,0,0,0,0,0,0,0,0,0,1,1,"Guerrilla groups"
26447,0,0,1,0,0,0,0,0,0,0,0,0,1,1,"Guerrilla groups"
26448,0,0,0,1,0,0,1,0,0,0,0,0,0,0,"Guerrilla groups"
26449,0,0,0,0,1,0,0,0,0,0,0,0,0,1,"Guerrilla groups"
26450,0,0,1,0,1,0,0,0,0,0,0,0,0,1,"Guerrilla groups"
26451,0,0,1,0,1,0,0,0,0,0,0,0,0,1,"Guerrilla groups"
26453,0,0,1,0,0,0,0,0,0,0,0,0,0,1,"Other armed groups"
26460,0,0,1,0,1,0,0,0,0,0,0,0,0,1,"Paramilitary groups"
26461,0,0,1,0,1,0,0,0,0,0,0,0,0,1,"Paramilitary groups"
26464,0,0,1,0,0,0,0,0,0,0,0,0,0,1,"Paramilitary groups"
26465,0,0,1,0,0,0,0,0,0,0,0,0,0,1,"Other armed groups"
26466,0,0,1,0,0,0,0,0,0,0,0,0,1,1,"Other armed groups"
26467,0,0,1,0,0,0,0,0,0,0,0,0,0,1,"Guerrilla groups"
26468,0,0,1,0,0,0,0,0,0,0,0,0,0,1,"Guerrilla groups"
26469,0,0,1,0,0,0,0,0,0,0,0,0,0,1,"Guerrilla groups"
26470,0,0,1,0,0,0,0,0,0,0,0,0,0,1,"Guerrilla groups"
26472,0,0,1,0,0,0,0,0,0,0,0,0,1,1,"Other armed groups"
26473,0,0,1,0,0,0,0,0,0,0,0,0,1,1,"Other armed groups"
26474,0,0,1,0,0,0,0,0,0,0,0,0,1,1,"Other armed groups"
26475,0,0,1,0,0,0,0,0,0,0,0,0,1,1,"Other armed groups"
26476,0,0,1,0,0,0,0,0,0,0,0,0,1,1,"Other armed groups"
26477,0,0,1,0,0,0,0,0,0,0,0,0,1,1,"Other armed groups"
26478,0,0,1,0,0,0,0,0,0,0,0,0,1,1,"Other armed groups"
26479,0,0,1,0,0,0,0,0,0,0,0,0,1,1,"Other armed groups"
26480,0,0,0,0,1,0,0,1,0,0,0,0,0,0,"Other armed groups"
26481,0,0,0,0,1,0,0,1,0,0,0,0,0,0,"Other armed groups"
26482,0,0,0,0,1,0,0,1,0,0,0,0,0,0,"Other armed groups"
26484,0,0,0,0,0,0,0,0,1,1,0,0,0,0,"Paramilitary groups"
26485,0,0,0,0,0,0,0,0,1,1,0,0,0,0,"Paramilitary groups"
26486,0,0,1,0,0,0,0,0,0,0,0,0,1,1,"Paramilitary groups"
26487,0,0,1,0,0,0,0,0,0,0,0,0,1,1,"Paramilitary groups"
26488,0,0,1,0,0,0,0,0,0,0,0,0,1,1,"Paramilitary groups"
26489,0,0,1,0,0,0,0,0,0,0,0,0,1,1,"Other armed groups"
26490,0,0,1,0,0,0,0,0,0,0,0,0,1,1,"Other armed groups"
26491,0,0,1,0,0,0,0,0,0,0,0,0,1,1,"Other armed groups"
26492,0,0,1,0,0,0,0,0,0,0,0,0,1,1,"Other armed groups"
26493,0,0,1,0,0,0,0,0,0,0,0,0,1,1,"Other armed groups"
26494,0,0,1,0,0,0,0,0,0,0,0,0,1,1,"Other armed groups"
26495,0,0,1,0,0,0,0,0,0,0,0,0,1,1,"Other armed groups"
26496,0,0,1,0,1,0,0,0,0,0,0,0,0,1,"Other armed groups"
26497,0,0,1,0,1,0,0,0,0,0,0,0,0,1,"Other armed groups"
26498,0,0,1,0,1,0,0,0,0,0,0,0,0,1,"Other armed groups"
26499,0,0,1,0,1,0,0,0,0,0,0,0,0,1,"Other armed groups"
26501,0,0,1,0,1,0,0,0,0,0,0,0,0,1,"Paramilitary groups"
26502,0,0,1,0,1,0,0,0,0,0,0,0,0,1,"Paramilitary groups"
26503,0,0,1,0,1,0,0,0,0,0,0,0,0,1,"Paramilitary groups"
26504,0,0,1,0,1,0,0,0,0,0,0,0,0,1,"Paramilitary groups"
26505,0,0,1,0,1,0,0,0,0,0,0,0,0,1,"Paramilitary groups"
26507,0,0,1,0,0,0,0,0,0,0,0,0,0,1,"Other armed groups"
26508,0,0,1,0,0,0,0,0,0,0,0,0,0,1,"Other armed groups"
26509,0,0,1,0,0,0,0,0,0,0,0,0,0,1,"Other armed groups"
26510,0,0,1,0,0,0,0,0,0,0,0,0,0,1,"Other armed groups"
26511,0,0,1,0,0,0,0,0,0,0,0,0,0,1,"Other armed groups"
26512,0,0,1,0,0,0,0,0,0,0,0,0,0,1,"Other armed groups"
26513,0,0,1,0,1,1,0,0,0,0,0,0,0,0,"Guerrilla groups"
26514,0,1,1,0,0,0,0,0,0,0,0,0,0,0,"Paramilitary groups"
26516,0,0,1,0,1,1,0,0,0,0,0,0,0,1,"Guerrilla groups"
26517,0,0,1,0,1,0,0,0,0,1,1,0,0,0,"Paramilitary groups"
26518,0,0,1,0,1,0,0,0,0,1,1,0,0,0,"Paramilitary groups"
26519,0,0,1,0,1,0,0,0,0,1,1,0,0,0,"Paramilitary groups"
26520,0,0,1,0,1,0,0,0,0,1,1,0,0,0,"Paramilitary groups"
26521,0,0,1,0,1,0,0,0,0,1,1,0,0,0,"Paramilitary groups"
26537,1,0,0,0,1,0,0,0,0,0,0,0,0,0,"Paramilitary groups"
26538,0,0,0,0,1,0,0,1,0,0,0,0,0,0,"Other armed groups"
26539,0,0,0,0,1,0,0,1,0,0,0,0,0,0,"Other armed groups"
26544,0,0,1,0,0,0,0,0,0,0,0,0,0,1,"Other armed groups"
26546,0,0,1,0,0,0,0,0,0,0,0,0,0,1,"Paramilitary groups"
26548,0,0,1,0,0,0,0,0,0,0,0,0,0,1,"Paramilitary groups"
26549,0,0,1,0,0,0,0,0,0,0,0,0,0,1,"Paramilitary groups"
26553,0,0,1,0,0,0,0,0,0,0,0,0,0,1,"Paramilitary groups"
26567,1,0,0,1,0,0,0,0,0,0,0,0,0,0,"Paramilitary groups"
26574,0,0,1,0,1,0,0,0,0,0,0,0,0,0,"Guerrilla groups"
26575,0,0,1,0,1,0,0,0,0,0,0,0,0,0,"Guerrilla groups"
26583,0,0,1,0,0,0,0,0,0,1,0,0,0,1,"Guerrilla groups"
26588,0,0,1,0,0,0,0,0,0,0,0,0,0,1,"Guerrilla groups"
26589,0,0,1,0,0,0,0,0,0,0,0,0,0,1,"Guerrilla groups"
26592,0,0,0,0,0,0,0,0,0,0,0,0,1,1,"Guerrilla groups"
26594,0,0,0,0,1,0,0,0,0,0,0,1,0,0,"Other armed groups"
26595,0,0,1,0,1,0,0,0,0,0,0,0,0,0,"Other armed groups"
26599,1,0,0,0,1,0,0,0,1,0,0,0,0,0,"Guerrilla groups"
26600,1,0,0,0,1,0,0,0,1,0,0,0,0,0,"Guerrilla groups"
26610,0,0,1,0,0,0,0,0,0,1,0,0,0,0,"Guerrilla groups"
26611,0,0,1,0,0,0,0,0,0,1,0,0,0,0,"Guerrilla groups"
26614,0,0,0,0,1,0,0,1,0,0,0,0,0,0,"Other armed groups"
26615,0,0,1,0,0,0,0,0,0,1,0,1,0,1,"Guerrilla groups"
26616,0,0,1,0,0,0,0,0,0,0,0,0,0,1,"Other armed groups"
26626,0,0,1,0,0,1,0,0,0,0,0,0,0,0,"Other armed groups"
26627,0,0,0,0,0,0,0,0,0,0,0,0,1,1,"Other armed groups"
26646,0,0,1,0,0,0,0,1,0,0,0,0,0,0,"Other armed groups"
26659,0,0,0,0,0,0,0,0,0,0,0,0,1,1,"Paramilitary groups"
26660,0,0,0,0,0,0,0,0,0,0,0,0,1,1,"Paramilitary groups"
26661,0,0,0,0,0,0,0,0,0,0,0,0,1,1,"Paramilitary groups"
26662,0,0,0,0,0,0,0,0,0,0,0,0,1,1,"Paramilitary groups"
26663,0,0,1,0,1,0,0,0,1,0,0,0,0,0,"Paramilitary groups"
26678,1,0,0,0,0,0,0,0,1,0,0,0,0,0,"Other armed groups"
26685,0,0,1,0,0,0,0,0,0,0,0,0,0,1,"Guerrilla groups"
26687,0,0,1,0,0,0,0,0,0,0,0,0,0,1,"Other armed groups"
26691,0,0,1,0,0,0,0,0,0,0,0,0,1,1,"Paramilitary groups"
26694,0,0,0,0,0,0,0,0,0,0,0,0,1,1,"Paramilitary groups"
26695,0,0,0,0,0,0,0,0,0,0,0,0,1,1,"Paramilitary groups"
26696,0,0,0,0,0,0,0,0,0,0,0,0,1,1,"Paramilitary groups"
26697,0,0,0,0,0,0,0,0,0,0,0,0,1,1,"Paramilitary groups"
26698,0,0,0,0,0,0,0,0,0,0,0,0,1,1,"Paramilitary groups"
26699,0,0,0,0,0,0,0,0,0,0,0,0,1,1,"Paramilitary groups"
26719,0,0,1,0,1,0,0,0,0,0,0,0,0,1,"Paramilitary groups"
26720,0,0,1,0,1,0,0,0,0,0,0,0,0,1,"Paramilitary groups"
26724,1,0,0,1,0,0,0,0,0,0,0,0,0,0,"Guerrilla groups"
26741,0,0,1,0,0,0,0,0,0,0,1,0,0,0,"Guerrilla groups"
26743,0,0,0,0,0,0,0,0,0,0,0,0,1,1,"Guerrilla groups"
26744,0,0,0,0,0,0,0,0,0,0,0,0,1,1,"Guerrilla groups"
26745,0,0,0,0,0,0,0,0,0,0,0,0,1,1,"Guerrilla groups"
26747,0,0,1,0,0,0,0,0,0,0,1,0,0,0,"Other armed groups"
26748,0,0,1,0,0,0,0,0,0,0,1,0,0,0,"Guerrilla groups"
26767,0,0,1,0,0,0,0,0,0,0,0,0,0,1,"Paramilitary groups"
26768,0,0,1,0,0,0,0,0,0,0,0,0,0,1,"Paramilitary groups"
26769,0,0,1,0,0,0,0,0,0,0,0,0,0,1,"Paramilitary groups"
26770,0,0,1,0,0,0,0,0,0,0,0,0,0,1,"Paramilitary groups"
26785,0,0,0,0,0,0,0,0,0,0,1,0,0,1,"Paramilitary groups"
26787,0,0,1,0,0,0,0,0,0,0,0,0,0,1,"Paramilitary groups"
26798,0,0,0,0,1,0,0,0,1,0,0,0,0,0,"Paramilitary groups"
26823,0,0,0,0,0,0,0,0,0,0,1,0,0,1,"Guerrilla groups"
26825,0,0,0,0,0,1,0,0,1,0,0,0,0,0,"Other armed groups"
26851,0,0,0,1,1,0,0,0,0,0,0,0,0,0,"Other armed groups"
26858,0,0,1,0,1,0,0,0,0,0,0,0,0,0,"Paramilitary groups"
26859,0,0,1,0,1,0,0,0,0,0,0,0,0,0,"Paramilitary groups"
26860,0,0,1,0,1,0,0,0,0,0,0,0,0,0,"Paramilitary groups"
26861,0,0,1,0,1,0,0,0,0,0,0,0,0,0,"Paramilitary groups"
26874,0,0,0,0,1,0,0,1,0,0,0,0,0,0,"Other armed groups"
26880,0,0,0,0,0,0,0,0,0,1,0,0,0,1,"Guerrilla groups"
26909,0,0,1,0,0,0,0,0,0,0,0,0,0,1,"Paramilitary groups"
26917,0,0,0,0,0,0,0,0,1,0,0,0,0,1,"Other armed groups"
26922,1,0,0,0,0,0,0,0,0,0,1,0,0,0,"Other armed groups"
26923,0,0,0,0,0,0,0,0,0,0,1,0,0,1,"Other armed groups"
26924,0,0,0,0,0,1,0,0,1,0,0,0,0,0,"Paramilitary groups"
26929,0,0,1,0,0,0,0,0,0,0,0,0,0,1,"Paramilitary groups"
26930,0,0,1,0,0,0,0,0,0,0,0,0,0,1,"Paramilitary groups"
26931,0,0,1,0,0,0,0,0,0,0,0,0,0,1,"Paramilitary groups"
26935,1,0,0,0,0,0,0,0,0,0,1,0,0,0,"Guerrilla groups"
26936,0,1,0,0,0,0,0,0,0,0,0,1,0,1,"Paramilitary groups"
26937,0,1,0,0,0,0,0,0,0,0,0,1,0,1,"Paramilitary groups"
26938,0,0,1,0,0,0,1,0,0,0,0,0,0,0,"Other armed groups"
26943,0,0,1,0,1,0,0,0,0,0,0,0,0,0,"Guerrilla groups"
26946,0,0,1,0,0,0,0,0,0,0,0,1,1,1,"Paramilitary groups"
26948,0,0,0,0,1,1,0,0,0,0,0,0,0,0,"Paramilitary groups"
26950,0,0,1,0,0,0,0,0,0,0,0,0,0,1,"Paramilitary groups"
26951,0,0,1,0,0,0,0,0,0,0,0,0,0,1,"Paramilitary groups"
26952,0,0,1,0,0,0,0,0,0,0,0,0,0,1,"Paramilitary groups"
26954,0,0,1,0,0,1,0,0,0,0,0,0,0,0,"Paramilitary groups"
26960,1,1,0,0,0,0,0,0,0,0,0,0,0,0,"Paramilitary groups"
26961,0,0,1,0,0,0,0,0,0,0,0,0,0,1,"Paramilitary groups"
26962,1,0,0,0,0,0,1,0,0,0,0,0,0,0,"Guerrilla groups"
26963,0,0,0,0,1,0,0,0,0,0,0,0,0,1,"Paramilitary groups"
26966,0,0,1,0,0,0,0,0,0,0,0,0,0,1,"Paramilitary groups"
26986,0,0,0,0,0,1,0,0,0,1,1,0,0,0,"Other armed groups"
26998,0,1,0,0,0,1,0,0,0,0,0,0,0,1,"Guerrilla groups"
26999,0,0,1,0,0,1,0,0,0,0,0,0,0,1,"Paramilitary groups"
27006,0,0,1,0,1,0,0,0,0,0,0,0,0,0,"Paramilitary groups"
27008,0,0,1,0,0,0,0,0,0,0,0,0,0,1,"Paramilitary groups"
27009,0,0,1,0,0,0,0,0,0,0,0,0,0,1,"Paramilitary groups"
27010,0,0,1,0,0,0,0,0,0,0,0,0,0,1,"Paramilitary groups"
27012,1,0,0,0,1,0,0,0,1,0,0,0,0,0,"Paramilitary groups"
27014,0,0,0,0,1,1,0,0,1,0,0,0,0,0,"Paramilitary groups"
27017,0,0,1,0,1,0,0,0,0,0,0,0,0,0,"Guerrilla groups"
27032,0,0,0,0,0,0,0,0,0,0,0,0,1,1,"Guerrilla groups"
27033,0,0,0,0,0,0,0,0,0,0,0,0,1,1,"Guerrilla groups"
27048,0,1,1,0,0,0,0,0,0,0,0,0,0,0,"Paramilitary groups"
27051,0,0,1,0,0,0,0,0,0,0,1,0,0,0,"Paramilitary groups"
27053,0,0,0,0,0,0,0,0,0,0,0,0,1,1,"Paramilitary groups"
27054,0,0,0,0,0,0,0,0,0,0,0,0,1,1,"Paramilitary groups"
27055,0,0,0,0,0,0,0,0,0,0,0,0,1,1,"Paramilitary groups"
27061,0,1,0,0,1,0,0,0,0,0,0,0,0,0,"Guerrilla groups"
27065,0,0,1,0,1,0,0,0,0,1,0,0,1,1,"Guerrilla groups"
27077,0,0,1,0,1,0,0,0,0,0,0,0,0,0,"Other armed groups"
27079,0,0,0,0,0,0,0,0,0,0,0,0,1,1,"Guerrilla groups"
27086,0,0,1,0,0,0,0,0,0,0,0,0,1,1,"Other armed groups"
27099,0,0,0,0,0,0,0,0,0,0,0,0,1,1,"Guerrilla groups"
27103,0,0,1,0,0,0,0,0,0,0,0,0,0,1,"Guerrilla groups"
27104,0,0,1,0,0,0,0,0,0,0,0,0,0,1,"Guerrilla groups"
27105,0,0,1,0,0,0,0,0,0,0,0,0,0,1,"Guerrilla groups"
27115,1,0,0,0,0,0,1,0,0,0,0,0,0,0,"Guerrilla groups"
27117,0,0,1,0,0,0,0,0,0,0,0,0,0,1,"Guerrilla groups"
27135,0,0,1,0,1,0,0,0,0,0,1,0,0,1,"Guerrilla groups"
27136,1,0,0,0,0,1,0,0,0,0,0,0,0,0,"Paramilitary groups"
27138,0,0,0,0,0,0,0,0,0,0,0,0,1,1,"Guerrilla groups"
27139,0,0,0,0,0,0,0,0,0,0,0,0,1,1,"Guerrilla groups"
27140,0,0,1,0,0,0,0,0,0,0,0,0,0,1,"Guerrilla groups"
27141,0,0,1,0,0,0,0,0,0,0,0,0,0,1,"Guerrilla groups"
27142,0,0,0,0,1,1,0,0,0,0,0,0,0,1,"Guerrilla groups"
27143,0,0,1,0,0,0,0,0,0,0,0,0,0,1,"Guerrilla groups"
27146,0,0,0,0,0,0,1,0,0,0,0,0,1,1,"Paramilitary groups"
27147,0,0,0,0,0,0,1,0,0,0,0,0,1,1,"Paramilitary groups"
27161,0,0,1,0,0,0,0,0,0,0,0,0,0,1,"Guerrilla groups"
27162,0,0,1,0,0,0,0,0,0,0,0,0,0,1,"Guerrilla groups"
27172,0,0,0,0,0,1,1,0,0,0,0,0,0,0,"Guerrilla groups"
27179,0,0,0,0,0,0,0,0,0,0,0,0,1,1,"Paramilitary groups"
27181,0,0,1,0,0,0,0,0,0,0,0,0,0,1,"Paramilitary groups"
27185,0,0,1,0,1,0,0,0,0,0,0,0,0,0,"Other armed groups"
27196,0,0,1,0,1,0,0,0,0,0,0,0,0,0,"Other armed groups"
27201,0,0,0,0,1,0,0,0,1,0,0,0,0,0,"Guerrilla groups"
27206,0,0,0,0,1,0,0,0,1,0,0,0,0,0,"Paramilitary groups"
27207,0,0,1,0,0,0,0,0,0,0,0,0,1,1,"Guerrilla groups"
27212,1,0,0,0,0,0,1,0,0,0,0,0,0,0,"Guerrilla groups"
27220,1,0,0,0,1,0,0,0,0,0,0,0,0,0,"Paramilitary groups"
27221,1,0,0,0,1,0,0,0,0,0,0,0,0,0,"Paramilitary groups"
27225,0,0,1,0,1,1,0,1,0,0,0,0,0,0,"Other armed groups"
27231,0,0,1,0,0,0,0,0,1,0,0,0,0,1,"Guerrilla groups"
27233,1,0,0,1,1,0,0,0,0,0,0,0,0,0,"Other armed groups"
27234,1,0,0,1,1,0,0,0,0,0,0,0,0,0,"Other armed groups"
27235,1,0,0,1,1,0,0,0,0,0,0,0,0,0,"Other armed groups"
27236,1,0,0,1,1,0,0,0,0,0,0,0,0,0,"Other armed groups"
27241,0,0,0,1,0,0,0,1,0,0,0,0,0,0,"Other armed groups"
27257,1,0,1,0,0,0,0,0,0,0,0,0,0,0,"Guerrilla groups"
27265,0,0,0,0,0,0,0,0,0,0,0,0,1,1,"Guerrilla groups"
27267,0,0,0,0,0,0,0,0,0,0,0,0,1,1,"Paramilitary groups"
27274,0,0,1,0,0,0,0,0,0,0,0,0,0,1,"Other armed groups"
27320,1,0,0,0,1,1,0,0,0,0,0,0,0,0,"Guerrilla groups"
27326,0,0,1,0,0,1,0,0,0,0,0,0,0,1,"Guerrilla groups"
27342,0,1,0,0,1,1,0,0,0,0,0,0,0,0,"Guerrilla groups"
27354,0,0,0,0,0,0,0,0,1,0,1,0,0,0,"Guerrilla groups"
27355,0,0,0,0,0,0,0,0,1,0,1,0,0,0,"Guerrilla groups"
27356,0,0,0,0,0,0,0,0,1,0,1,0,0,0,"Guerrilla groups"
27360,1,0,0,0,1,0,0,0,0,0,0,0,0,0,"Other armed groups"
27361,1,0,0,0,1,0,0,0,0,0,0,0,0,0,"Other armed groups"
27363,0,0,0,0,0,0,0,0,0,0,0,0,1,1,"Guerrilla groups"
27368,0,0,1,0,0,0,0,0,0,0,0,0,0,1,"Other armed groups"
27385,0,1,0,0,0,0,0,0,0,0,0,1,0,0,"Guerrilla groups"
27387,0,0,1,0,0,0,0,1,0,0,0,0,0,1,"Other armed groups"
27388,0,0,0,0,0,0,0,1,0,0,0,0,0,1,"Other armed groups"
27389,0,0,1,0,0,0,0,0,0,0,0,0,0,1,"Paramilitary groups"
27390,0,0,1,0,0,0,0,0,0,0,0,0,0,1,"Paramilitary groups"
27413,0,0,1,1,0,0,0,0,0,0,0,0,0,0,"Paramilitary groups"
27434,0,0,1,1,0,0,0,0,0,0,0,0,0,0,"Guerrilla groups"
27442,0,0,1,0,0,0,0,0,0,0,0,0,0,1,"Paramilitary groups"
27443,0,0,1,0,0,0,0,0,0,0,0,0,0,1,"Paramilitary groups"
27466,0,0,1,0,0,0,0,0,0,0,0,0,0,1,"Other armed groups"
27467,0,0,1,0,0,0,0,0,0,0,0,0,0,1,"Other armed groups"
27476,0,0,1,0,0,0,0,0,0,1,0,0,0,1,"Paramilitary groups"
27477,0,0,1,0,0,0,0,0,0,1,0,0,0,1,"Paramilitary groups"
27485,0,0,1,0,0,0,0,0,1,0,0,0,0,0,"Guerrilla groups"
27491,0,0,1,0,0,0,0,0,0,0,0,0,0,1,"Paramilitary groups"
27492,0,0,1,0,0,0,0,0,0,0,0,0,0,1,"Paramilitary groups"
27493,0,0,1,0,0,0,0,0,0,0,0,0,0,1,"Paramilitary groups"
27507,0,0,0,0,0,1,1,0,0,0,0,0,0,0,"Guerrilla groups"
27511,0,1,1,0,0,0,0,0,0,0,0,0,0,1,"Guerrilla groups"
27512,0,1,1,0,0,0,0,0,0,0,0,0,0,1,"Guerrilla groups"
27532,0,0,0,0,1,1,0,0,0,0,0,0,0,0,"Paramilitary groups"
27533,0,0,0,0,1,1,0,0,0,0,0,0,0,0,"Paramilitary groups"
27534,0,0,0,0,1,1,0,0,0,0,0,0,0,0,"Paramilitary groups"
27535,0,0,0,0,1,1,0,0,0,0,0,0,0,0,"Paramilitary groups"
27541,0,0,0,0,0,0,0,0,0,0,0,0,1,1,"Other armed groups"
27547,0,0,1,0,1,0,0,1,0,0,0,0,0,0,"Other armed groups"
27548,0,0,1,0,1,0,0,1,0,0,0,0,0,0,"Other armed groups"
27549,0,0,1,0,1,0,0,1,0,0,0,0,0,0,"Other armed groups"
27550,0,0,1,0,1,0,0,1,0,0,0,0,0,0,"Other armed groups"
27551,0,0,1,0,1,0,0,1,0,0,0,0,0,0,"Other armed groups"
27552,0,0,1,0,1,0,0,1,0,0,0,0,0,0,"Other armed groups"
27560,0,1,1,0,0,0,0,0,0,0,0,0,0,0,"Guerrilla groups"
27561,0,0,1,0,0,0,0,0,0,0,0,0,0,1,"Guerrilla groups"
27572,0,0,1,0,0,0,0,0,0,1,0,0,0,0,"Other armed groups"
27575,0,0,1,0,0,0,0,0,0,1,0,0,0,0,"Paramilitary groups"
27586,0,0,1,0,0,0,0,1,0,0,0,0,0,0,"Other armed groups"
27594,0,0,0,0,1,1,0,0,1,0,0,0,0,0,"Other armed groups"
27610,0,0,0,1,0,0,0,1,0,0,0,0,0,0,"Other armed groups"
27617,0,0,1,0,1,1,0,0,1,0,0,0,0,0,"Paramilitary groups"
27618,0,0,0,0,1,0,0,1,0,0,0,0,0,0,"Other armed groups"
27619,0,0,1,0,0,0,0,0,0,0,0,0,0,1,"Guerrilla groups"
27620,0,0,1,0,0,0,0,0,0,0,0,0,1,1,"Paramilitary groups"
27622,0,1,0,0,0,0,0,0,0,0,0,0,0,1,"Paramilitary groups"
27624,1,0,0,1,1,1,0,0,1,0,0,0,0,0,"Paramilitary groups"
27626,0,0,0,0,0,0,0,0,0,0,0,0,1,1,"Guerrilla groups"
27629,0,0,0,0,1,0,0,1,0,0,0,0,0,0,"Other armed groups"
27632,0,0,1,0,0,0,0,0,0,0,0,0,0,1,"Other armed groups"
27633,0,0,1,0,0,0,0,0,0,0,0,0,0,1,"Other armed groups"
27635,0,0,1,0,0,0,0,0,0,0,0,0,0,1,"Other armed groups"
27636,0,0,1,0,0,0,0,0,0,0,0,0,0,1,"Other armed groups"
27675,0,0,1,0,0,0,0,0,0,0,0,0,0,1,"Guerrilla groups"
27676,1,0,1,0,0,0,0,0,0,0,0,0,0,0,"Guerrilla groups"
27677,0,0,1,0,0,0,0,0,0,0,1,0,0,1,"Paramilitary groups"
27682,0,0,0,0,1,1,0,0,0,0,0,0,0,0,"Guerrilla groups"
27683,0,0,1,0,1,0,0,0,0,0,0,0,0,1,"Paramilitary groups"
27684,0,0,1,0,0,0,0,0,0,0,0,0,0,1,"Other armed groups"
27686,0,0,0,0,0,1,0,0,1,0,0,0,0,0,"Other armed groups"
27697,0,0,1,0,0,0,0,0,0,0,0,0,1,1,"Guerrilla groups"
27698,0,0,1,0,1,0,0,0,0,0,0,0,0,1,"Paramilitary groups"
27699,0,0,1,0,0,0,0,0,0,0,0,0,0,1,"Guerrilla groups"
27706,0,0,0,0,1,0,0,0,0,1,0,1,0,1,"Other armed groups"
27711,0,0,0,0,1,0,0,0,0,0,0,0,0,1,"Other armed groups"
27713,0,0,0,0,1,1,0,0,1,0,0,0,1,0,"Other armed groups"
27715,0,0,1,0,1,1,0,0,0,0,0,0,0,0,"Guerrilla groups"
27717,0,0,0,0,1,1,0,0,0,1,0,0,0,0,"Other armed groups"
27719,0,0,1,0,1,0,0,0,0,0,0,0,0,1,"Guerrilla groups"
27729,0,0,0,0,0,1,0,0,0,0,0,0,0,1,"Guerrilla groups"
27730,0,0,1,0,0,0,0,0,0,1,0,0,0,0,"Other armed groups"
27745,0,0,0,0,1,1,0,0,0,0,0,0,0,1,"Guerrilla groups"
27747,0,0,0,0,1,1,0,0,0,0,0,0,0,0,"Guerrilla groups"
27757,0,0,0,0,0,1,0,0,0,0,0,1,0,1,"Other armed groups"
27770,0,0,1,0,0,0,1,0,0,0,0,0,0,1,"Paramilitary groups"
27771,0,0,1,0,0,0,0,0,0,0,1,0,0,0,"Guerrilla groups"
27774,0,0,1,0,1,0,0,1,0,0,1,0,0,1,"Other armed groups"
27779,0,1,0,0,0,0,0,0,0,0,0,1,1,1,"Guerrilla groups"
27781,0,0,1,0,0,0,0,0,0,0,0,0,0,1,"Guerrilla groups"
27782,0,0,1,0,0,0,0,0,0,0,0,0,0,1,"Guerrilla groups"
27784,0,0,1,0,0,0,0,0,0,0,0,0,0,1,"Guerrilla groups"
27785,0,0,1,0,0,0,0,0,0,0,0,0,0,1,"Guerrilla groups"
27786,0,0,1,0,0,0,0,0,0,0,0,0,0,1,"Guerrilla groups"
27789,1,0,1,0,0,0,0,0,0,0,0,0,0,0,"Guerrilla groups"
27790,0,0,1,0,0,0,0,0,0,0,0,0,0,1,"Guerrilla groups"
27793,0,0,1,0,0,0,0,0,0,1,1,0,0,1,"Paramilitary groups"
27796,0,0,1,0,0,0,0,0,0,0,0,0,0,1,"Paramilitary groups"
27797,0,0,1,0,0,1,0,0,0,0,0,0,1,1,"Guerrilla groups"
27799,0,0,1,0,0,0,0,0,0,1,0,0,0,1,"Other armed groups"
27800,0,0,1,0,0,1,0,0,0,0,0,0,0,0,"Guerrilla groups"
27801,0,0,0,0,0,0,0,0,0,0,0,0,1,1,"Guerrilla groups"
27806,0,1,1,0,0,0,0,0,0,0,0,0,0,1,"Guerrilla groups"
27807,0,0,0,0,0,0,0,0,0,0,1,0,0,1,"Paramilitary groups"
27808,0,0,1,0,0,0,0,0,0,0,0,0,0,1,"Other armed groups"
27809,0,0,1,0,0,0,0,0,0,0,0,0,0,1,"Paramilitary groups"
27811,0,0,1,0,1,0,0,0,0,0,0,0,0,0,"Other armed groups"
27820,0,0,1,0,0,0,0,0,0,0,0,1,0,0,"Guerrilla groups"
27827,0,0,0,0,1,1,0,1,0,0,0,0,0,0,"Other armed groups"
27839,0,0,1,0,0,0,0,0,0,0,0,0,0,1,"Paramilitary groups"
27856,0,0,1,0,0,0,0,0,0,0,0,0,0,1,"Guerrilla groups"
27862,0,0,1,0,0,0,0,0,0,0,0,0,0,1,"Paramilitary groups"
27868,1,0,1,0,0,0,0,0,0,0,0,0,0,0,"Paramilitary groups"
27886,0,0,1,0,0,0,0,0,0,0,0,0,0,1,"Guerrilla groups"
27887,0,1,0,0,0,0,0,0,0,0,0,0,0,1,"Guerrilla groups"
27888,0,1,1,0,0,0,0,0,0,0,0,0,0,0,"Other armed groups"
27907,0,0,0,0,1,0,0,1,0,0,0,0,0,0,"Other armed groups"
27908,0,0,0,0,1,0,0,1,0,0,0,0,0,0,"Other armed groups"
27927,0,0,1,0,0,0,0,0,0,0,0,0,0,1,"Other armed groups"
27931,1,0,1,0,0,0,0,0,0,0,0,0,0,0,"Other armed groups"
27965,0,0,1,0,1,0,0,0,0,0,0,0,0,0,"Other armed groups"
27967,1,0,0,0,0,0,0,0,1,0,0,0,0,0,"Guerrilla groups"
27970,1,0,0,0,0,0,0,0,1,0,0,0,0,0,"Paramilitary groups"
27971,1,0,0,0,1,0,0,0,0,0,0,0,0,0,"Paramilitary groups"
27972,0,0,0,0,1,0,0,0,0,0,0,1,0,0,"Guerrilla groups"
27982,0,0,0,1,0,0,1,0,0,0,0,0,0,0,"Guerrilla groups"
27983,0,0,0,1,0,0,1,0,0,0,0,0,0,0,"Guerrilla groups"
27990,0,0,0,0,0,0,0,0,0,0,0,0,1,1,"Other armed groups"
27991,0,0,0,0,0,0,0,0,0,0,0,0,1,1,"Other armed groups"
27992,0,0,0,0,0,0,0,0,0,0,0,0,1,1,"Other armed groups"
27993,0,0,0,0,0,0,0,0,0,0,0,0,1,1,"Other armed groups"
27994,0,0,0,0,0,0,0,0,0,0,0,0,1,1,"Other armed groups"
27995,0,0,0,0,0,0,0,0,0,0,0,0,1,1,"Other armed groups"
27996,0,0,0,0,0,0,0,0,0,0,0,0,1,1,"Other armed groups"
28003,1,0,0,0,1,0,0,0,0,0,0,0,0,0,"Paramilitary groups"
28008,0,0,0,0,1,0,0,1,0,0,0,0,0,0,"Other armed groups"
28019,0,0,0,0,0,0,0,0,0,0,0,0,1,1,"Paramilitary groups"
28021,1,0,0,0,1,0,0,0,0,1,0,0,0,0,"Paramilitary groups"
28022,1,0,0,0,1,0,0,0,0,1,0,0,0,0,"Paramilitary groups"
28033,0,0,0,0,0,0,0,0,0,0,0,0,1,1,"Paramilitary groups"
28034,0,0,0,0,0,0,0,0,0,0,0,0,1,1,"Paramilitary groups"
28038,0,0,0,1,1,0,0,0,0,0,0,0,0,0,"Guerrilla groups"
28045,0,0,0,0,0,0,0,0,0,0,0,0,1,1,"Paramilitary groups"
28046,0,0,0,0,0,0,0,0,0,0,0,0,1,1,"Paramilitary groups"
28048,1,0,0,1,0,0,0,0,0,0,0,0,0,0,"Other armed groups"
28061,0,0,1,0,0,0,0,0,0,0,0,0,0,1,"Other armed groups"
28063,1,0,0,0,1,0,0,0,0,0,0,0,0,0,"Other armed groups"
28064,0,0,1,0,0,0,0,0,0,1,0,0,1,1,"Other armed groups"
28065,0,0,1,0,0,0,0,0,0,0,0,0,0,1,"Other armed groups"
28067,0,0,0,0,1,1,0,0,0,0,0,0,0,0,"Guerrilla groups"
28068,0,0,1,0,0,0,0,0,0,0,0,0,0,1,"Guerrilla groups"
28070,0,0,0,1,0,0,0,0,1,0,0,0,0,0,"Guerrilla groups"
28071,0,1,0,0,0,0,0,0,0,0,0,1,0,0,"Other armed groups"
28083,0,0,0,0,1,0,0,0,1,0,0,0,0,0,"Guerrilla groups"
28087,0,0,0,0,0,0,0,0,0,0,0,0,1,1,"Paramilitary groups"
28097,0,0,1,0,0,0,0,0,0,0,0,0,0,1,"Paramilitary groups"
28098,0,0,1,0,0,0,0,0,0,0,0,0,0,1,"Paramilitary groups"
28099,0,0,0,0,0,0,0,0,0,0,0,1,0,1,"Paramilitary groups"
28100,0,1,1,0,0,0,0,0,0,0,0,0,0,0,"Other armed groups"
28101,0,1,1,0,0,0,0,0,0,0,0,0,0,0,"Other armed groups"
28102,0,1,1,0,0,0,0,0,0,0,0,0,0,0,"Other armed groups"
28106,0,0,1,0,0,0,0,0,0,0,0,0,0,1,"Other armed groups"
28107,0,0,1,0,0,0,0,0,0,0,0,0,0,1,"Other armed groups"
28112,1,0,0,0,0,0,0,0,0,1,0,0,0,0,"Paramilitary groups"
28116,0,0,1,0,0,0,0,0,0,1,1,0,0,0,"Paramilitary groups"
28119,1,0,0,0,1,0,0,0,1,0,0,0,0,0,"Paramilitary groups"
28120,1,0,0,0,1,0,0,0,1,0,0,0,0,0,"Paramilitary groups"
28127,0,0,0,1,0,0,0,0,1,0,0,0,0,0,"Paramilitary groups"
28135,0,0,1,0,0,0,0,0,1,0,0,0,0,0,"Guerrilla groups"
28168,0,0,1,0,1,0,0,0,0,0,0,0,0,0,"Other armed groups"
28170,0,1,1,0,1,0,0,0,0,0,0,0,0,0,"Other armed groups"
28184,1,0,0,0,1,0,0,0,0,0,0,0,0,0,"Other armed groups"
28190,0,0,1,0,1,0,0,0,0,0,0,0,0,0,"Other armed groups"
28191,0,0,1,0,0,1,0,0,0,0,0,0,0,0,"Other armed groups"
28202,0,0,1,0,0,0,0,0,0,0,0,0,0,1,"Guerrilla groups"
28207,1,0,0,0,1,0,0,0,0,0,0,0,0,0,"Paramilitary groups"
28209,0,0,1,0,0,0,0,0,0,0,0,0,0,1,"Paramilitary groups"
28210,0,0,1,0,0,0,0,0,0,0,0,0,0,1,"Paramilitary groups"
28211,0,0,1,0,0,0,0,0,0,0,0,0,0,1,"Paramilitary groups"
28217,0,0,1,0,0,0,0,0,0,0,0,0,0,1,"Paramilitary groups"
28218,0,0,1,0,0,0,0,0,0,0,0,0,0,1,"Paramilitary groups"
28220,0,0,0,0,0,0,0,0,0,0,0,0,1,1,"Guerrilla groups"
28221,0,0,1,0,0,0,0,0,0,0,0,0,0,1,"Paramilitary groups"
28233,0,0,0,0,1,0,0,0,1,0,0,0,0,0,"Paramilitary groups"
28238,0,0,1,0,0,0,0,0,0,0,0,0,1,1,"Paramilitary groups"
28239,0,0,1,0,0,0,0,0,0,0,0,0,1,1,"Paramilitary groups"
28240,0,0,1,0,0,0,0,0,0,0,0,0,1,1,"Paramilitary groups"
28245,0,0,1,0,0,0,0,0,0,0,0,0,0,1,"Paramilitary groups"
28248,0,0,1,0,0,0,0,0,0,0,0,0,0,1,"Paramilitary groups"
28252,0,0,1,0,0,0,0,0,0,1,0,0,0,0,"Paramilitary groups"
28253,0,0,1,0,0,0,0,0,0,1,0,0,0,0,"Paramilitary groups"
28256,0,0,0,0,0,0,0,0,0,1,1,0,0,0,"Other armed groups"
28257,0,0,0,0,1,0,0,0,0,0,1,0,0,0,"Other armed groups"
28258,0,0,1,0,0,0,0,0,0,0,0,0,0,1,"Other armed groups"
28260,0,0,1,0,1,0,0,0,0,0,0,0,0,0,"Other armed groups"
28265,0,0,1,0,0,0,0,0,0,0,1,0,0,0,"Guerrilla groups"
28281,1,0,0,0,1,0,0,0,0,0,0,0,0,0,"Guerrilla groups"
28287,0,0,1,0,0,0,0,0,0,0,0,0,0,1,"Paramilitary groups"
28288,0,0,1,0,0,0,0,0,0,0,0,0,0,1,"Paramilitary groups"
28290,0,0,1,0,1,0,0,0,1,0,0,0,0,1,"Paramilitary groups"
28291,0,0,0,0,0,0,0,0,0,0,0,1,0,1,"Other armed groups"
28302,0,1,0,0,0,0,0,0,0,0,0,0,0,1,"Paramilitary groups"
28303,0,0,1,0,1,0,0,0,1,0,0,0,0,0,"Paramilitary groups"
28306,0,1,0,0,1,0,0,0,0,0,0,0,0,1,"Guerrilla groups"
28314,0,0,0,0,0,0,0,0,0,0,0,0,1,1,"Guerrilla groups"
28315,0,0,1,0,0,0,0,0,0,0,0,0,0,1,"Paramilitary groups"
28323,0,0,0,0,0,0,1,0,1,0,0,0,0,0,"Guerrilla groups"
28337,1,0,0,0,0,0,0,0,1,0,1,0,0,0,"Guerrilla groups"
28338,0,0,0,0,1,1,1,0,1,0,0,0,0,0,"Guerrilla groups"
28339,0,0,1,0,0,0,0,0,0,0,0,0,0,1,"Guerrilla groups"
28340,0,0,1,0,0,0,1,0,0,0,0,0,0,1,"Paramilitary groups"
28341,1,0,0,0,1,0,0,0,0,0,0,0,0,0,"Paramilitary groups"
28342,1,0,0,0,1,0,0,0,0,0,0,0,0,0,"Paramilitary groups"
28349,0,0,1,0,0,0,0,0,0,0,1,0,0,0,"Guerrilla groups"
28350,0,0,1,0,0,0,0,0,0,0,1,0,0,0,"Paramilitary groups"
28365,0,0,1,0,0,0,0,0,0,0,0,0,0,1,"Paramilitary groups"
28377,0,0,1,0,0,0,0,0,0,0,0,1,0,1,"Paramilitary groups"
28378,0,0,1,0,0,0,0,0,0,0,0,1,0,1,"Paramilitary groups"
28379,0,0,1,0,0,1,0,0,0,0,0,0,0,0,"Paramilitary groups"
28382,0,0,1,0,0,0,0,0,0,0,0,0,0,1,"Other armed groups"
28392,1,0,0,0,0,0,0,0,0,1,0,0,0,0,"Other armed groups"
28393,1,0,0,0,0,0,0,0,0,1,0,0,0,0,"Other armed groups"
28401,0,0,1,0,0,0,0,0,0,0,0,0,0,1,"Paramilitary groups"
28402,0,0,1,0,0,0,0,0,0,0,0,0,0,1,"Paramilitary groups"
28408,0,0,0,0,1,1,0,0,1,0,0,0,0,0,"Guerrilla groups"
28409,1,0,0,1,1,0,0,1,0,0,0,0,0,0,"Other armed groups"
28410,0,1,1,0,0,0,0,0,0,0,0,0,0,0,"Paramilitary groups"
28432,0,1,1,0,0,0,0,0,0,0,0,0,0,1,"Guerrilla groups"
28433,0,1,1,0,0,0,0,0,0,0,0,0,0,1,"Guerrilla groups"
28435,0,0,1,0,0,0,0,0,1,0,0,0,0,0,"Guerrilla groups"
28438,0,0,0,0,1,0,0,1,0,0,0,0,0,0,"Other armed groups"
28441,0,0,1,0,1,0,0,1,0,0,0,0,0,0,"Other armed groups"
28447,0,0,0,0,0,0,1,0,0,0,0,0,0,1,"Guerrilla groups"
28457,0,0,1,0,0,0,0,0,0,0,0,0,0,1,"Other armed groups"
28459,0,1,1,0,0,0,0,0,0,0,0,0,0,0,"Paramilitary groups"
28460,0,0,1,0,0,0,0,0,0,0,0,0,0,1,"Paramilitary groups"
28461,0,0,1,0,0,0,0,0,0,0,0,0,0,1,"Paramilitary groups"
28462,0,0,1,0,0,0,0,0,0,0,0,0,0,1,"Paramilitary groups"
28464,0,0,0,0,0,0,0,0,0,0,0,0,1,1,"Paramilitary groups"
28481,0,0,1,0,1,0,0,0,0,0,1,0,0,0,"Paramilitary groups"
28485,0,0,1,0,1,0,0,0,0,0,1,0,0,0,"Paramilitary groups"
28486,0,0,1,0,1,0,0,0,0,0,1,0,0,0,"Paramilitary groups"
28493,0,0,0,0,0,1,0,0,0,0,0,0,0,1,"Paramilitary groups"
28497,0,0,1,0,0,0,0,0,0,0,0,0,0,1,"Paramilitary groups"
28499,0,1,1,0,0,0,0,0,0,0,0,0,0,0,"Other armed groups"
28507,0,0,1,0,0,0,0,0,0,0,0,0,0,1,"Guerrilla groups"
28508,0,0,1,0,0,0,0,0,0,0,0,0,0,1,"Guerrilla groups"
28509,0,0,1,0,0,0,0,0,0,0,0,0,0,1,"Guerrilla groups"
28511,1,0,0,0,1,0,0,0,1,0,0,0,0,0,"Paramilitary groups"
28512,1,0,0,0,1,0,0,0,1,0,0,0,0,0,"Paramilitary groups"
28513,1,0,0,0,1,0,0,0,1,0,0,0,0,0,"Paramilitary groups"
28518,0,0,1,0,0,0,0,0,0,0,0,0,0,1,"Paramilitary groups"
28535,0,1,0,0,0,0,0,0,0,0,0,1,0,0,"Guerrilla groups"
28538,0,0,0,0,1,1,1,0,0,0,0,0,0,0,"Paramilitary groups"
28544,0,0,1,0,0,0,0,0,0,0,0,0,0,1,"Guerrilla groups"
28547,0,0,1,0,0,0,0,0,0,0,0,0,0,1,"Other armed groups"
28550,0,0,1,0,0,0,0,0,0,0,0,0,1,1,"Guerrilla groups"
28551,0,0,1,0,0,0,0,0,0,0,0,0,1,1,"Paramilitary groups"
28561,0,0,1,0,0,0,0,0,0,0,0,0,0,1,"Paramilitary groups"
28599,0,0,0,0,0,0,0,0,0,0,0,1,1,1,"Guerrilla groups"
28601,1,0,1,0,0,0,0,0,0,0,0,0,0,0,"Other armed groups"
28607,0,0,1,0,0,0,0,0,0,0,0,0,0,1,"Other armed groups"
28613,0,0,1,0,0,0,0,0,1,0,0,0,1,0,"Guerrilla groups"
28628,1,0,0,0,1,0,0,0,0,0,0,0,0,0,"Other armed groups"
28629,0,1,0,0,0,0,0,0,0,0,0,1,0,0,"Other armed groups"
28631,0,0,1,0,1,0,0,0,0,0,0,0,0,1,"Paramilitary groups"
28632,0,0,0,0,1,0,0,1,0,0,0,0,0,0,"Other armed groups"
28633,0,0,0,0,1,0,0,1,0,0,0,0,0,0,"Other armed groups"
28639,0,0,1,0,0,0,0,0,0,0,0,0,1,1,"Paramilitary groups"
28640,0,0,1,0,0,0,0,0,0,0,0,0,1,1,"Paramilitary groups"
28641,0,0,1,0,0,0,0,0,0,0,0,0,1,1,"Paramilitary groups"
28642,0,0,1,0,0,0,0,0,0,0,0,0,1,1,"Paramilitary groups"
28643,0,0,1,0,0,0,0,0,0,0,0,0,1,1,"Paramilitary groups"
28644,0,0,1,0,0,0,0,0,0,0,0,0,1,1,"Paramilitary groups"
28645,0,0,1,0,0,0,0,0,0,0,0,0,0,1,"Other armed groups"
28646,0,0,1,0,0,0,0,0,0,0,0,0,0,1,"Other armed groups"
28647,0,0,1,0,0,0,0,0,0,0,0,0,0,1,"Other armed groups"
28648,0,0,1,0,0,0,0,0,0,0,0,0,0,1,"Other armed groups"
28649,0,0,1,0,0,0,0,0,0,0,0,0,0,1,"Other armed groups"
28650,0,0,1,0,0,0,0,0,0,0,0,0,0,1,"Other armed groups"
28652,1,0,0,1,1,0,0,0,0,0,0,0,0,0,"Guerrilla groups"
28653,1,0,0,1,1,0,0,0,0,0,0,0,0,0,"Guerrilla groups"
28657,0,0,0,0,0,0,1,0,0,0,0,0,0,1,"Other armed groups"
28658,0,0,0,0,0,0,0,0,0,0,0,1,0,1,"Other armed groups"
28660,0,0,0,0,1,0,0,1,0,0,0,0,0,0,"Other armed groups"
28667,1,0,0,1,0,0,0,0,0,0,0,0,0,0,"Guerrilla groups"
28672,0,1,0,0,0,1,0,0,0,0,0,0,0,0,"Guerrilla groups"
28690,0,1,0,0,0,0,0,0,0,0,0,0,0,1,"Paramilitary groups"
28691,0,1,0,0,0,0,0,0,0,0,0,0,0,1,"Other armed groups"
28708,0,0,1,0,0,0,0,0,0,0,0,0,1,0,"Paramilitary groups"
28709,0,0,1,0,0,0,0,0,0,0,0,0,1,0,"Paramilitary groups"
28710,0,0,1,0,0,0,0,0,0,0,0,0,1,0,"Paramilitary groups"
28711,0,0,1,0,0,0,0,0,0,0,0,0,1,0,"Paramilitary groups"
28712,0,0,1,0,0,0,0,0,0,0,0,0,1,0,"Paramilitary groups"
28732,1,0,0,0,1,0,0,0,0,0,0,0,0,0,"Guerrilla groups"
28744,0,0,1,0,0,0,0,0,0,0,0,0,0,1,"Other armed groups"
28745,0,0,1,0,0,0,0,0,0,0,0,0,0,1,"Paramilitary groups"
28747,0,0,1,0,0,0,0,1,0,0,0,0,0,0,"Paramilitary groups"
28749,1,0,0,1,1,0,0,0,0,0,0,0,0,0,"Paramilitary groups"
28750,1,0,0,1,1,0,0,0,0,0,0,0,0,0,"Paramilitary groups"
28751,0,0,1,0,0,0,0,0,0,0,0,0,0,1,"Guerrilla groups"
28752,0,0,1,0,0,0,0,0,0,0,0,0,0,1,"Other armed groups"
28758,0,1,0,0,0,1,0,0,0,0,0,0,0,0,"Guerrilla groups"
28759,0,0,1,0,0,0,0,0,0,0,0,0,0,1,"Other armed groups"
28760,0,0,0,0,1,1,0,0,0,0,0,0,0,0,"Other armed groups"
28762,0,1,0,0,1,0,0,1,1,0,0,0,0,0,"Other armed groups"
28763,0,1,0,0,1,0,0,1,1,0,0,0,0,0,"Other armed groups"
28764,0,0,1,0,0,0,0,0,0,0,0,0,1,1,"Guerrilla groups"
28765,0,0,1,0,0,0,0,0,0,0,0,0,1,1,"Guerrilla groups"
28766,0,0,1,0,0,0,0,0,0,0,0,0,1,1,"Guerrilla groups"
28767,0,0,1,0,0,0,0,0,0,0,0,0,1,1,"Guerrilla groups"
28780,0,0,1,0,0,0,0,1,0,0,0,0,0,0,"Other armed groups"
28781,0,0,1,0,0,1,0,0,0,0,0,0,0,1,"Guerrilla groups"
28782,1,0,1,0,0,0,0,0,0,0,0,0,0,0,"Guerrilla groups"
28783,0,0,1,0,0,0,0,0,0,0,0,0,0,1,"Guerrilla groups"
28790,0,0,0,0,0,0,1,0,0,0,0,0,0,1,"Guerrilla groups"
28803,0,0,1,0,0,0,0,0,0,0,0,0,0,1,"Guerrilla groups"
28804,0,0,1,0,0,1,0,0,0,0,0,0,0,0,"Paramilitary groups"
28809,1,0,0,0,1,0,0,0,0,0,0,0,0,0,"Paramilitary groups"
28810,0,0,1,0,0,0,0,0,0,0,0,0,0,1,"Guerrilla groups"
28826,1,0,1,0,0,0,0,0,0,0,0,0,0,0,"Paramilitary groups"
28831,0,0,0,0,0,1,1,0,0,0,0,0,0,1,"Other armed groups"
28832,0,0,1,0,0,1,0,0,0,0,0,0,0,0,"Paramilitary groups"
28846,0,0,0,0,0,0,0,0,0,0,0,1,0,1,"Paramilitary groups"
28850,0,0,1,1,0,0,0,0,0,0,0,0,1,0,"Paramilitary groups"
28851,0,0,1,0,0,0,0,0,1,0,0,0,0,0,"Paramilitary groups"
28855,1,0,0,0,0,0,0,0,0,0,0,0,1,0,"Paramilitary groups"
28857,0,1,1,0,0,0,0,0,0,0,0,0,0,0,"Other armed groups"
28858,1,0,0,0,0,0,0,0,1,0,0,0,0,0,"Guerrilla groups"
28859,1,0,0,0,0,0,0,0,1,0,0,0,0,0,"Guerrilla groups"
28862,0,0,1,0,0,0,0,0,0,0,0,0,0,1,"Guerrilla groups"
28868,1,0,0,0,0,0,0,0,1,0,0,0,0,0,"Paramilitary groups"
28869,1,0,0,0,0,0,0,0,1,0,0,0,0,0,"Paramilitary groups"
28870,1,0,0,0,0,0,0,0,1,0,0,0,0,0,"Paramilitary groups"
28871,0,1,0,0,0,0,0,0,1,0,0,0,0,0,"Paramilitary groups"
28881,0,0,1,0,0,0,0,0,0,0,0,0,0,1,"Paramilitary groups"
28882,0,1,1,0,1,0,0,0,0,0,0,0,0,0,"Paramilitary groups"
28883,0,0,1,0,0,1,0,0,0,0,0,0,0,0,"Paramilitary groups"
28891,0,0,0,0,1,0,1,0,0,0,0,0,0,0,"Guerrilla groups"
28892,0,0,0,0,1,0,1,0,0,0,0,0,0,0,"Guerrilla groups"
28893,0,0,0,0,1,0,0,0,1,0,0,0,0,0,"Guerrilla groups"
28896,1,0,0,0,1,0,0,0,1,0,0,0,0,0,"Other armed groups"
28912,0,0,1,0,0,1,0,0,0,0,0,0,0,1,"Paramilitary groups"
28916,0,0,0,0,1,0,0,1,0,0,0,0,0,0,"Other armed groups"
28917,0,0,1,0,0,0,1,0,0,0,0,0,0,1,"Other armed groups"
28918,0,0,0,0,1,1,0,0,1,0,0,0,0,0,"Guerrilla groups"
28921,0,0,0,0,0,0,0,0,0,0,0,0,1,1,"Guerrilla groups"
28923,0,0,0,0,0,0,0,0,0,0,0,0,1,1,"Paramilitary groups"
28924,0,0,0,0,1,1,0,0,0,0,0,0,0,0,"Paramilitary groups"
28925,0,0,0,0,1,1,0,0,0,0,0,0,0,0,"Guerrilla groups"
28927,0,0,0,0,1,1,0,0,1,0,0,0,0,0,"Paramilitary groups"
28949,0,0,0,0,1,0,0,1,0,0,0,0,0,0,"Other armed groups"
28955,0,0,0,0,1,1,0,0,1,0,0,0,0,0,"Paramilitary groups"
28956,0,0,0,0,0,0,1,0,0,0,0,0,0,1,"Guerrilla groups"
28957,0,0,0,0,0,0,1,0,0,0,0,0,0,1,"Guerrilla groups"
28976,0,0,0,0,0,0,0,0,0,0,0,0,1,1,"Other armed groups"
28977,0,0,1,0,1,1,0,0,0,0,0,0,0,0,"Paramilitary groups"
28988,0,0,0,0,0,0,1,0,0,0,0,0,0,1,"Guerrilla groups"
29003,0,0,0,0,0,0,1,0,0,0,0,0,0,1,"Guerrilla groups"
29009,0,0,0,0,0,1,1,0,0,0,0,0,0,1,"Other armed groups"
29030,0,0,0,0,0,0,0,0,0,1,0,0,0,1,"Guerrilla groups"
29062,1,0,0,0,0,0,0,0,1,0,0,0,0,0,"Guerrilla groups"
29064,0,0,1,0,0,0,0,0,0,0,0,0,0,1,"Other armed groups"
29076,0,0,1,0,0,0,0,0,0,0,0,0,0,1,"Paramilitary groups"
29083,1,1,0,0,0,0,0,0,0,0,0,0,0,0,"Guerrilla groups"
29093,0,0,1,0,1,0,0,0,0,0,0,0,0,0,"Paramilitary groups"
29097,0,0,0,0,0,0,0,0,0,0,0,0,1,1,"Paramilitary groups"
29099,0,0,1,0,1,0,0,0,0,0,0,0,0,0,"Guerrilla groups"
29100,1,0,0,1,0,0,0,0,0,0,0,0,0,0,"Guerrilla groups"
29101,0,0,1,0,0,0,0,0,0,0,0,0,1,1,"Guerrilla groups"
29108,0,0,1,0,1,0,0,0,0,1,0,0,0,0,"Paramilitary groups"
29109,0,0,1,0,1,0,0,0,0,1,0,0,0,0,"Paramilitary groups"
29110,0,0,0,0,0,1,0,0,1,0,0,0,0,0,"Paramilitary groups"
29111,0,0,0,0,0,0,0,0,0,0,0,0,1,1,"Paramilitary groups"
29112,0,0,0,0,0,0,0,0,0,0,0,0,1,1,"Paramilitary groups"
29113,0,0,0,0,1,0,0,0,1,0,0,0,0,0,"Guerrilla groups"
29114,0,0,0,0,1,0,0,0,1,0,0,0,0,0,"Guerrilla groups"
29115,0,0,0,0,1,0,0,0,1,0,0,0,0,0,"Guerrilla groups"
29116,0,0,0,0,1,0,0,0,1,0,0,0,0,0,"Guerrilla groups"
29117,0,0,0,0,1,1,0,0,0,0,0,0,0,0,"Guerrilla groups"
29118,0,0,1,0,1,0,0,0,0,1,0,0,1,1,"Guerrilla groups"
29119,0,0,0,0,0,0,0,0,0,0,0,1,0,1,"Guerrilla groups"
29125,0,0,0,0,0,1,0,0,0,0,0,0,1,1,"Paramilitary groups"
29128,0,0,1,0,0,0,1,0,0,0,0,0,0,0,"Guerrilla groups"
29135,0,0,0,0,0,0,0,0,0,0,0,1,0,1,"Guerrilla groups"
29139,0,0,0,1,1,0,0,0,1,0,0,0,0,0,"Other armed groups"
29140,0,0,1,0,1,0,0,0,0,0,0,0,0,0,"Other armed groups"
29142,0,0,1,0,0,0,1,0,0,0,0,0,0,1,"Guerrilla groups"
29143,0,0,1,0,0,0,1,0,0,0,0,0,0,1,"Guerrilla groups"
29144,0,0,1,0,0,0,1,0,0,0,0,0,0,1,"Guerrilla groups"
29152,0,0,1,0,0,0,0,0,0,0,0,0,0,1,"Paramilitary groups"
29153,0,0,1,0,0,0,0,0,0,0,0,0,0,1,"Paramilitary groups"
29156,0,0,1,0,0,0,0,0,0,0,0,0,0,1,"Guerrilla groups"
29158,0,0,1,0,0,0,0,0,0,0,0,1,0,1,"Other armed groups"
29160,0,0,0,0,0,0,0,0,0,0,0,0,1,1,"Paramilitary groups"
29212,0,0,1,0,0,0,0,0,0,0,0,1,0,0,"Paramilitary groups"
29214,0,0,0,0,0,0,0,0,0,1,0,1,0,0,"Guerrilla groups"
29215,0,0,1,0,0,0,0,0,0,0,0,0,0,1,"Guerrilla groups"
29218,0,0,1,0,0,0,0,0,0,0,0,0,0,1,"Paramilitary groups"
29224,0,1,0,0,0,0,0,0,0,0,0,0,0,1,"Other armed groups"
29227,0,1,1,0,0,0,0,0,0,0,0,0,0,1,"Paramilitary groups"
29228,0,0,0,0,0,0,0,0,0,0,0,0,1,1,"Paramilitary groups"
29229,0,0,1,0,0,1,0,0,0,0,0,0,0,1,"Guerrilla groups"
29230,0,0,0,0,0,0,0,0,0,0,0,1,0,1,"Paramilitary groups"
29231,0,0,0,0,0,0,0,0,0,0,0,1,0,1,"Guerrilla groups"
29232,1,0,0,1,0,0,0,0,0,0,0,0,0,0,"Paramilitary groups"
29233,0,1,0,0,0,0,0,0,0,0,0,0,0,1,"Guerrilla groups"
29254,0,0,1,0,0,0,0,0,0,0,0,0,0,1,"Paramilitary groups"
29274,0,0,1,0,0,0,0,0,0,0,0,1,0,1,"Guerrilla groups"
29338,1,0,0,0,0,0,0,0,0,0,0,1,0,0,"Guerrilla groups"
29352,0,0,1,0,0,0,0,0,0,1,0,0,1,0,"Guerrilla groups"
29353,0,0,1,0,0,0,1,0,0,0,0,0,0,0,"Guerrilla groups"
29354,0,0,0,0,0,0,0,0,0,0,0,0,1,1,"Guerrilla groups"
29357,1,0,0,1,0,0,0,0,0,0,0,0,0,0,"Guerrilla groups"
29358,0,0,1,0,0,0,0,0,0,0,0,0,0,1,"Guerrilla groups"
29367,0,0,0,0,0,1,0,0,0,0,0,0,0,1,"Paramilitary groups"
29383,0,0,0,0,0,0,0,0,0,0,0,0,1,1,"Guerrilla groups"
29407,0,0,1,0,0,0,0,0,0,1,0,0,0,1,"Guerrilla groups"
29408,0,0,1,0,0,0,0,0,0,0,0,0,0,1,"Guerrilla groups"
29413,0,0,1,0,0,0,0,0,0,0,0,0,0,1,"Guerrilla groups"
29414,0,0,1,0,0,0,0,0,0,0,0,0,0,1,"Guerrilla groups"
29415,0,0,1,0,0,0,0,0,0,0,0,0,0,1,"Guerrilla groups"
29416,0,0,1,0,0,0,0,0,0,0,0,0,0,1,"Guerrilla groups"
29417,0,0,1,0,0,0,0,0,0,0,0,0,0,1,"Guerrilla groups"
29437,1,0,0,1,0,0,0,0,0,0,0,0,0,0,"Paramilitary groups"
29438,0,0,1,0,0,0,0,0,0,0,0,0,0,1,"Guerrilla groups"
29439,0,0,1,0,0,0,0,0,0,0,0,0,0,1,"Paramilitary groups"
29441,0,1,1,0,1,0,0,0,1,0,0,0,1,0,"Other armed groups"
29450,0,0,1,0,0,0,0,0,0,0,0,0,0,1,"Paramilitary groups"
29454,0,0,0,0,0,0,1,0,0,0,0,0,1,0,"Guerrilla groups"
29455,0,0,1,0,0,0,1,0,0,0,0,0,0,0,"Guerrilla groups"
29456,0,0,0,0,0,0,1,0,0,0,0,0,0,1,"Guerrilla groups"
29458,0,0,0,0,1,1,0,1,0,0,0,0,0,0,"Other armed groups"
29459,1,0,0,1,1,0,0,0,0,0,0,0,0,0,"Other armed groups"
29460,1,0,0,1,1,0,0,0,0,0,0,0,0,0,"Other armed groups"
29461,1,0,0,1,1,0,0,0,0,0,0,0,0,0,"Other armed groups"
29462,1,0,0,1,1,0,0,0,0,0,0,0,0,0,"Other armed groups"
29472,0,1,1,0,0,0,0,0,0,0,0,0,0,0,"Guerrilla groups"
29480,0,0,0,0,0,0,0,0,1,0,0,0,1,0,"Guerrilla groups"
29509,0,0,1,0,1,0,0,0,0,0,0,0,0,1,"Guerrilla groups"
29525,1,0,1,0,0,0,0,0,0,0,0,0,0,0,"Paramilitary groups"
29528,1,0,0,0,0,0,1,0,0,0,0,0,0,0,"Guerrilla groups"
